image_name,image_path,source_video,timestamp_seconds,frame_number,width,height,extraction_pass
10810476_hd_1920_1080_30fps_t00.00_f0000.jpg,data_collection/candidates/10810476_hd_1920_1080_30fps_t00.00_f0000.jpg,10810476-hd_1920_1080_30fps.mp4,0.00,0,1920,1080,1
10810476_hd_1920_1080_30fps_t00.23_f0007.jpg,data_collection/candidates_additional/10810476_hd_1920_1080_30fps_t00.23_f0007.jpg,10810476-hd_1920_1080_30fps.mp4,0.23,7,1920,1080,2
10810476_hd_1920_1080_30fps_t00.47_f0014.jpg,data_collection/candidates_additional/10810476_hd_1920_1080_30fps_t00.47_f0014.jpg,10810476-hd_1920_1080_30fps.mp4,0.47,14,1920,1080,2
10810476_hd_1920_1080_30fps_t00.50_f0015.jpg,data_collection/candidates/10810476_hd_1920_1080_30fps_t00.50_f0015.jpg,10810476-hd_1920_1080_30fps.mp4,0.50,15,1920,1080,1
10810476_hd_1920_1080_30fps_t00.70_f0021.jpg,data_collection/candidates_additional/10810476_hd_1920_1080_30fps_t00.70_f0021.jpg,10810476-hd_1920_1080_30fps.mp4,0.70,21,1920,1080,2
10810476_hd_1920_1080_30fps_t00.93_f0028.jpg,data_collection/candidates_additional/10810476_hd_1920_1080_30fps_t00.93_f0028.jpg,10810476-hd_1920_1080_30fps.mp4,0.93,28,1920,1080,2
10810476_hd_1920_1080_30fps_t01.00_f0030.jpg,data_collection/candidates/10810476_hd_1920_1080_30fps_t01.00_f0030.jpg,10810476-hd_1920_1080_30fps.mp4,1.00,30,1920,1080,1
10810476_hd_1920_1080_30fps_t01.17_f0035.jpg,data_collection/candidates_additional/10810476_hd_1920_1080_30fps_t01.17_f0035.jpg,10810476-hd_1920_1080_30fps.mp4,1.17,35,1920,1080,2
10810476_hd_1920_1080_30fps_t01.40_f0042.jpg,data_collection/candidates_additional/10810476_hd_1920_1080_30fps_t01.40_f0042.jpg,10810476-hd_1920_1080_30fps.mp4,1.40,42,1920,1080,2
10810476_hd_1920_1080_30fps_t01.50_f0045.jpg,data_collection/candidates/10810476_hd_1920_1080_30fps_t01.50_f0045.jpg,10810476-hd_1920_1080_30fps.mp4,1.50,45,1920,1080,1
10810476_hd_1920_1080_30fps_t01.63_f0049.jpg,data_collection/candidates_additional/10810476_hd_1920_1080_30fps_t01.63_f0049.jpg,10810476-hd_1920_1080_30fps.mp4,1.63,49,1920,1080,2
10810476_hd_1920_1080_30fps_t01.87_f0056.jpg,data_collection/candidates_additional/10810476_hd_1920_1080_30fps_t01.87_f0056.jpg,10810476-hd_1920_1080_30fps.mp4,1.87,56,1920,1080,2
10810476_hd_1920_1080_30fps_t02.00_f0060.jpg,data_collection/candidates/10810476_hd_1920_1080_30fps_t02.00_f0060.jpg,10810476-hd_1920_1080_30fps.mp4,2.00,60,1920,1080,1
10810476_hd_1920_1080_30fps_t02.10_f0063.jpg,data_collection/candidates_additional/10810476_hd_1920_1080_30fps_t02.10_f0063.jpg,10810476-hd_1920_1080_30fps.mp4,2.10,63,1920,1080,2
10810476_hd_1920_1080_30fps_t02.34_f0070.jpg,data_collection/candidates_additional/10810476_hd_1920_1080_30fps_t02.34_f0070.jpg,10810476-hd_1920_1080_30fps.mp4,2.34,70,1920,1080,2
10810476_hd_1920_1080_30fps_t02.50_f0075.jpg,data_collection/candidates/10810476_hd_1920_1080_30fps_t02.50_f0075.jpg,10810476-hd_1920_1080_30fps.mp4,2.50,75,1920,1080,1
10810476_hd_1920_1080_30fps_t02.57_f0077.jpg,data_collection/candidates_additional/10810476_hd_1920_1080_30fps_t02.57_f0077.jpg,10810476-hd_1920_1080_30fps.mp4,2.57,77,1920,1080,2
10810476_hd_1920_1080_30fps_t02.80_f0084.jpg,data_collection/candidates_additional/10810476_hd_1920_1080_30fps_t02.80_f0084.jpg,10810476-hd_1920_1080_30fps.mp4,2.80,84,1920,1080,2
10810476_hd_1920_1080_30fps_t03.00_f0090.jpg,data_collection/candidates/10810476_hd_1920_1080_30fps_t03.00_f0090.jpg,10810476-hd_1920_1080_30fps.mp4,3.00,90,1920,1080,1
10810476_hd_1920_1080_30fps_t03.04_f0091.jpg,data_collection/candidates_additional/10810476_hd_1920_1080_30fps_t03.04_f0091.jpg,10810476-hd_1920_1080_30fps.mp4,3.04,91,1920,1080,2
10810476_hd_1920_1080_30fps_t03.27_f0098.jpg,data_collection/candidates_additional/10810476_hd_1920_1080_30fps_t03.27_f0098.jpg,10810476-hd_1920_1080_30fps.mp4,3.27,98,1920,1080,2
10810476_hd_1920_1080_30fps_t03.50_f0105.jpg,data_collection/candidates/10810476_hd_1920_1080_30fps_t03.50_f0105.jpg,10810476-hd_1920_1080_30fps.mp4,3.50,105,1920,1080,1
10810476_hd_1920_1080_30fps_t03.74_f0112.jpg,data_collection/candidates_additional/10810476_hd_1920_1080_30fps_t03.74_f0112.jpg,10810476-hd_1920_1080_30fps.mp4,3.74,112,1920,1080,2
10810476_hd_1920_1080_30fps_t03.97_f0119.jpg,data_collection/candidates_additional/10810476_hd_1920_1080_30fps_t03.97_f0119.jpg,10810476-hd_1920_1080_30fps.mp4,3.97,119,1920,1080,2
10810476_hd_1920_1080_30fps_t04.00_f0120.jpg,data_collection/candidates/10810476_hd_1920_1080_30fps_t04.00_f0120.jpg,10810476-hd_1920_1080_30fps.mp4,4.00,120,1920,1080,1
10810476_hd_1920_1080_30fps_t04.20_f0126.jpg,data_collection/candidates_additional/10810476_hd_1920_1080_30fps_t04.20_f0126.jpg,10810476-hd_1920_1080_30fps.mp4,4.20,126,1920,1080,2
10810476_hd_1920_1080_30fps_t04.44_f0133.jpg,data_collection/candidates_additional/10810476_hd_1920_1080_30fps_t04.44_f0133.jpg,10810476-hd_1920_1080_30fps.mp4,4.44,133,1920,1080,2
10810476_hd_1920_1080_30fps_t04.50_f0135.jpg,data_collection/candidates/10810476_hd_1920_1080_30fps_t04.50_f0135.jpg,10810476-hd_1920_1080_30fps.mp4,4.50,135,1920,1080,1
10810476_hd_1920_1080_30fps_t04.67_f0140.jpg,data_collection/candidates_additional/10810476_hd_1920_1080_30fps_t04.67_f0140.jpg,10810476-hd_1920_1080_30fps.mp4,4.67,140,1920,1080,2
10810476_hd_1920_1080_30fps_t04.90_f0147.jpg,data_collection/candidates_additional/10810476_hd_1920_1080_30fps_t04.90_f0147.jpg,10810476-hd_1920_1080_30fps.mp4,4.90,147,1920,1080,2
10810476_hd_1920_1080_30fps_t05.00_f0150.jpg,data_collection/candidates/10810476_hd_1920_1080_30fps_t05.00_f0150.jpg,10810476-hd_1920_1080_30fps.mp4,5.00,150,1920,1080,1
10810476_hd_1920_1080_30fps_t05.14_f0154.jpg,data_collection/candidates_additional/10810476_hd_1920_1080_30fps_t05.14_f0154.jpg,10810476-hd_1920_1080_30fps.mp4,5.14,154,1920,1080,2
10810476_hd_1920_1080_30fps_t05.37_f0161.jpg,data_collection/candidates_additional/10810476_hd_1920_1080_30fps_t05.37_f0161.jpg,10810476-hd_1920_1080_30fps.mp4,5.37,161,1920,1080,2
10810476_hd_1920_1080_30fps_t05.51_f0165.jpg,data_collection/candidates/10810476_hd_1920_1080_30fps_t05.51_f0165.jpg,10810476-hd_1920_1080_30fps.mp4,5.51,165,1920,1080,1
10810476_hd_1920_1080_30fps_t05.61_f0168.jpg,data_collection/candidates_additional/10810476_hd_1920_1080_30fps_t05.61_f0168.jpg,10810476-hd_1920_1080_30fps.mp4,5.61,168,1920,1080,2
10810476_hd_1920_1080_30fps_t05.84_f0175.jpg,data_collection/candidates_additional/10810476_hd_1920_1080_30fps_t05.84_f0175.jpg,10810476-hd_1920_1080_30fps.mp4,5.84,175,1920,1080,2
10810476_hd_1920_1080_30fps_t06.01_f0180.jpg,data_collection/candidates/10810476_hd_1920_1080_30fps_t06.01_f0180.jpg,10810476-hd_1920_1080_30fps.mp4,6.01,180,1920,1080,1
10810476_hd_1920_1080_30fps_t06.07_f0182.jpg,data_collection/candidates_additional/10810476_hd_1920_1080_30fps_t06.07_f0182.jpg,10810476-hd_1920_1080_30fps.mp4,6.07,182,1920,1080,2
10810476_hd_1920_1080_30fps_t06.31_f0189.jpg,data_collection/candidates_additional/10810476_hd_1920_1080_30fps_t06.31_f0189.jpg,10810476-hd_1920_1080_30fps.mp4,6.31,189,1920,1080,2
10810476_hd_1920_1080_30fps_t06.51_f0195.jpg,data_collection/candidates/10810476_hd_1920_1080_30fps_t06.51_f0195.jpg,10810476-hd_1920_1080_30fps.mp4,6.51,195,1920,1080,1
10810476_hd_1920_1080_30fps_t06.54_f0196.jpg,data_collection/candidates_additional/10810476_hd_1920_1080_30fps_t06.54_f0196.jpg,10810476-hd_1920_1080_30fps.mp4,6.54,196,1920,1080,2
10810476_hd_1920_1080_30fps_t06.77_f0203.jpg,data_collection/candidates_additional/10810476_hd_1920_1080_30fps_t06.77_f0203.jpg,10810476-hd_1920_1080_30fps.mp4,6.77,203,1920,1080,2
10810476_hd_1920_1080_30fps_t07.01_f0210.jpg,data_collection/candidates/10810476_hd_1920_1080_30fps_t07.01_f0210.jpg,10810476-hd_1920_1080_30fps.mp4,7.01,210,1920,1080,1
10810476_hd_1920_1080_30fps_t07.24_f0217.jpg,data_collection/candidates_additional/10810476_hd_1920_1080_30fps_t07.24_f0217.jpg,10810476-hd_1920_1080_30fps.mp4,7.24,217,1920,1080,2
10810476_hd_1920_1080_30fps_t07.47_f0224.jpg,data_collection/candidates_additional/10810476_hd_1920_1080_30fps_t07.47_f0224.jpg,10810476-hd_1920_1080_30fps.mp4,7.47,224,1920,1080,2
10810476_hd_1920_1080_30fps_t07.51_f0225.jpg,data_collection/candidates/10810476_hd_1920_1080_30fps_t07.51_f0225.jpg,10810476-hd_1920_1080_30fps.mp4,7.51,225,1920,1080,1
10810476_hd_1920_1080_30fps_t07.71_f0231.jpg,data_collection/candidates_additional/10810476_hd_1920_1080_30fps_t07.71_f0231.jpg,10810476-hd_1920_1080_30fps.mp4,7.71,231,1920,1080,2
10810476_hd_1920_1080_30fps_t07.94_f0238.jpg,data_collection/candidates_additional/10810476_hd_1920_1080_30fps_t07.94_f0238.jpg,10810476-hd_1920_1080_30fps.mp4,7.94,238,1920,1080,2
10810476_hd_1920_1080_30fps_t08.01_f0240.jpg,data_collection/candidates/10810476_hd_1920_1080_30fps_t08.01_f0240.jpg,10810476-hd_1920_1080_30fps.mp4,8.01,240,1920,1080,1
10810476_hd_1920_1080_30fps_t08.17_f0245.jpg,data_collection/candidates_additional/10810476_hd_1920_1080_30fps_t08.17_f0245.jpg,10810476-hd_1920_1080_30fps.mp4,8.17,245,1920,1080,2
10810476_hd_1920_1080_30fps_t08.41_f0252.jpg,data_collection/candidates_additional/10810476_hd_1920_1080_30fps_t08.41_f0252.jpg,10810476-hd_1920_1080_30fps.mp4,8.41,252,1920,1080,2
10810476_hd_1920_1080_30fps_t08.51_f0255.jpg,data_collection/candidates/10810476_hd_1920_1080_30fps_t08.51_f0255.jpg,10810476-hd_1920_1080_30fps.mp4,8.51,255,1920,1080,1
10810476_hd_1920_1080_30fps_t08.64_f0259.jpg,data_collection/candidates_additional/10810476_hd_1920_1080_30fps_t08.64_f0259.jpg,10810476-hd_1920_1080_30fps.mp4,8.64,259,1920,1080,2
10810476_hd_1920_1080_30fps_t08.88_f0266.jpg,data_collection/candidates_additional/10810476_hd_1920_1080_30fps_t08.88_f0266.jpg,10810476-hd_1920_1080_30fps.mp4,8.88,266,1920,1080,2
10810476_hd_1920_1080_30fps_t09.01_f0270.jpg,data_collection/candidates/10810476_hd_1920_1080_30fps_t09.01_f0270.jpg,10810476-hd_1920_1080_30fps.mp4,9.01,270,1920,1080,1
10810476_hd_1920_1080_30fps_t09.11_f0273.jpg,data_collection/candidates_additional/10810476_hd_1920_1080_30fps_t09.11_f0273.jpg,10810476-hd_1920_1080_30fps.mp4,9.11,273,1920,1080,2
10810476_hd_1920_1080_30fps_t09.34_f0280.jpg,data_collection/candidates_additional/10810476_hd_1920_1080_30fps_t09.34_f0280.jpg,10810476-hd_1920_1080_30fps.mp4,9.34,280,1920,1080,2
10810476_hd_1920_1080_30fps_t09.51_f0285.jpg,data_collection/candidates/10810476_hd_1920_1080_30fps_t09.51_f0285.jpg,10810476-hd_1920_1080_30fps.mp4,9.51,285,1920,1080,1
10810476_hd_1920_1080_30fps_t09.58_f0287.jpg,data_collection/candidates_additional/10810476_hd_1920_1080_30fps_t09.58_f0287.jpg,10810476-hd_1920_1080_30fps.mp4,9.58,287,1920,1080,2
10810476_hd_1920_1080_30fps_t09.81_f0294.jpg,data_collection/candidates_additional/10810476_hd_1920_1080_30fps_t09.81_f0294.jpg,10810476-hd_1920_1080_30fps.mp4,9.81,294,1920,1080,2
10810476_hd_1920_1080_30fps_t10.01_f0300.jpg,data_collection/candidates/10810476_hd_1920_1080_30fps_t10.01_f0300.jpg,10810476-hd_1920_1080_30fps.mp4,10.01,300,1920,1080,1
10810476_hd_1920_1080_30fps_t10.04_f0301.jpg,data_collection/candidates_additional/10810476_hd_1920_1080_30fps_t10.04_f0301.jpg,10810476-hd_1920_1080_30fps.mp4,10.04,301,1920,1080,2
10810476_hd_1920_1080_30fps_t10.28_f0308.jpg,data_collection/candidates_additional/10810476_hd_1920_1080_30fps_t10.28_f0308.jpg,10810476-hd_1920_1080_30fps.mp4,10.28,308,1920,1080,2
10810476_hd_1920_1080_30fps_t10.51_f0315.jpg,data_collection/candidates/10810476_hd_1920_1080_30fps_t10.51_f0315.jpg,10810476-hd_1920_1080_30fps.mp4,10.51,315,1920,1080,1
10810476_hd_1920_1080_30fps_t10.74_f0322.jpg,data_collection/candidates_additional/10810476_hd_1920_1080_30fps_t10.74_f0322.jpg,10810476-hd_1920_1080_30fps.mp4,10.74,322,1920,1080,2
10810476_hd_1920_1080_30fps_t10.98_f0329.jpg,data_collection/candidates_additional/10810476_hd_1920_1080_30fps_t10.98_f0329.jpg,10810476-hd_1920_1080_30fps.mp4,10.98,329,1920,1080,2
10810476_hd_1920_1080_30fps_t11.01_f0330.jpg,data_collection/candidates/10810476_hd_1920_1080_30fps_t11.01_f0330.jpg,10810476-hd_1920_1080_30fps.mp4,11.01,330,1920,1080,1
10810476_hd_1920_1080_30fps_t11.21_f0336.jpg,data_collection/candidates_additional/10810476_hd_1920_1080_30fps_t11.21_f0336.jpg,10810476-hd_1920_1080_30fps.mp4,11.21,336,1920,1080,2
10810476_hd_1920_1080_30fps_t11.44_f0343.jpg,data_collection/candidates_additional/10810476_hd_1920_1080_30fps_t11.44_f0343.jpg,10810476-hd_1920_1080_30fps.mp4,11.44,343,1920,1080,2
10810476_hd_1920_1080_30fps_t11.51_f0345.jpg,data_collection/candidates/10810476_hd_1920_1080_30fps_t11.51_f0345.jpg,10810476-hd_1920_1080_30fps.mp4,11.51,345,1920,1080,1
10810476_hd_1920_1080_30fps_t11.68_f0350.jpg,data_collection/candidates_additional/10810476_hd_1920_1080_30fps_t11.68_f0350.jpg,10810476-hd_1920_1080_30fps.mp4,11.68,350,1920,1080,2
10810476_hd_1920_1080_30fps_t11.91_f0357.jpg,data_collection/candidates_additional/10810476_hd_1920_1080_30fps_t11.91_f0357.jpg,10810476-hd_1920_1080_30fps.mp4,11.91,357,1920,1080,2
10810476_hd_1920_1080_30fps_t12.01_f0360.jpg,data_collection/candidates/10810476_hd_1920_1080_30fps_t12.01_f0360.jpg,10810476-hd_1920_1080_30fps.mp4,12.01,360,1920,1080,1
10810476_hd_1920_1080_30fps_t12.15_f0364.jpg,data_collection/candidates_additional/10810476_hd_1920_1080_30fps_t12.15_f0364.jpg,10810476-hd_1920_1080_30fps.mp4,12.15,364,1920,1080,2
10810476_hd_1920_1080_30fps_t12.38_f0371.jpg,data_collection/candidates_additional/10810476_hd_1920_1080_30fps_t12.38_f0371.jpg,10810476-hd_1920_1080_30fps.mp4,12.38,371,1920,1080,2
10810476_hd_1920_1080_30fps_t12.51_f0375.jpg,data_collection/candidates/10810476_hd_1920_1080_30fps_t12.51_f0375.jpg,10810476-hd_1920_1080_30fps.mp4,12.51,375,1920,1080,1
10810476_hd_1920_1080_30fps_t12.61_f0378.jpg,data_collection/candidates_additional/10810476_hd_1920_1080_30fps_t12.61_f0378.jpg,10810476-hd_1920_1080_30fps.mp4,12.61,378,1920,1080,2
10810476_hd_1920_1080_30fps_t12.85_f0385.jpg,data_collection/candidates_additional/10810476_hd_1920_1080_30fps_t12.85_f0385.jpg,10810476-hd_1920_1080_30fps.mp4,12.85,385,1920,1080,2
10810476_hd_1920_1080_30fps_t13.01_f0390.jpg,data_collection/candidates/10810476_hd_1920_1080_30fps_t13.01_f0390.jpg,10810476-hd_1920_1080_30fps.mp4,13.01,390,1920,1080,1
10810476_hd_1920_1080_30fps_t13.08_f0392.jpg,data_collection/candidates_additional/10810476_hd_1920_1080_30fps_t13.08_f0392.jpg,10810476-hd_1920_1080_30fps.mp4,13.08,392,1920,1080,2
10810476_hd_1920_1080_30fps_t13.31_f0399.jpg,data_collection/candidates_additional/10810476_hd_1920_1080_30fps_t13.31_f0399.jpg,10810476-hd_1920_1080_30fps.mp4,13.31,399,1920,1080,2
10810476_hd_1920_1080_30fps_t13.51_f0405.jpg,data_collection/candidates/10810476_hd_1920_1080_30fps_t13.51_f0405.jpg,10810476-hd_1920_1080_30fps.mp4,13.51,405,1920,1080,1
10810476_hd_1920_1080_30fps_t13.55_f0406.jpg,data_collection/candidates_additional/10810476_hd_1920_1080_30fps_t13.55_f0406.jpg,10810476-hd_1920_1080_30fps.mp4,13.55,406,1920,1080,2
10810476_hd_1920_1080_30fps_t13.78_f0413.jpg,data_collection/candidates_additional/10810476_hd_1920_1080_30fps_t13.78_f0413.jpg,10810476-hd_1920_1080_30fps.mp4,13.78,413,1920,1080,2
10810476_hd_1920_1080_30fps_t14.01_f0420.jpg,data_collection/candidates/10810476_hd_1920_1080_30fps_t14.01_f0420.jpg,10810476-hd_1920_1080_30fps.mp4,14.01,420,1920,1080,1
10810476_hd_1920_1080_30fps_t14.25_f0427.jpg,data_collection/candidates_additional/10810476_hd_1920_1080_30fps_t14.25_f0427.jpg,10810476-hd_1920_1080_30fps.mp4,14.25,427,1920,1080,2
10810476_hd_1920_1080_30fps_t14.48_f0434.jpg,data_collection/candidates_additional/10810476_hd_1920_1080_30fps_t14.48_f0434.jpg,10810476-hd_1920_1080_30fps.mp4,14.48,434,1920,1080,2
10810476_hd_1920_1080_30fps_t14.51_f0435.jpg,data_collection/candidates/10810476_hd_1920_1080_30fps_t14.51_f0435.jpg,10810476-hd_1920_1080_30fps.mp4,14.51,435,1920,1080,1
10810476_hd_1920_1080_30fps_t14.71_f0441.jpg,data_collection/candidates_additional/10810476_hd_1920_1080_30fps_t14.71_f0441.jpg,10810476-hd_1920_1080_30fps.mp4,14.71,441,1920,1080,2
10810476_hd_1920_1080_30fps_t14.95_f0448.jpg,data_collection/candidates_additional/10810476_hd_1920_1080_30fps_t14.95_f0448.jpg,10810476-hd_1920_1080_30fps.mp4,14.95,448,1920,1080,2
10810476_hd_1920_1080_30fps_t15.02_f0450.jpg,data_collection/candidates/10810476_hd_1920_1080_30fps_t15.02_f0450.jpg,10810476-hd_1920_1080_30fps.mp4,15.02,450,1920,1080,1
10810476_hd_1920_1080_30fps_t15.18_f0455.jpg,data_collection/candidates_additional/10810476_hd_1920_1080_30fps_t15.18_f0455.jpg,10810476-hd_1920_1080_30fps.mp4,15.18,455,1920,1080,2
10810476_hd_1920_1080_30fps_t15.42_f0462.jpg,data_collection/candidates_additional/10810476_hd_1920_1080_30fps_t15.42_f0462.jpg,10810476-hd_1920_1080_30fps.mp4,15.42,462,1920,1080,2
10810476_hd_1920_1080_30fps_t15.52_f0465.jpg,data_collection/candidates/10810476_hd_1920_1080_30fps_t15.52_f0465.jpg,10810476-hd_1920_1080_30fps.mp4,15.52,465,1920,1080,1
10810476_hd_1920_1080_30fps_t15.65_f0469.jpg,data_collection/candidates_additional/10810476_hd_1920_1080_30fps_t15.65_f0469.jpg,10810476-hd_1920_1080_30fps.mp4,15.65,469,1920,1080,2
10810476_hd_1920_1080_30fps_t15.88_f0476.jpg,data_collection/candidates_additional/10810476_hd_1920_1080_30fps_t15.88_f0476.jpg,10810476-hd_1920_1080_30fps.mp4,15.88,476,1920,1080,2
10810476_hd_1920_1080_30fps_t16.02_f0480.jpg,data_collection/candidates/10810476_hd_1920_1080_30fps_t16.02_f0480.jpg,10810476-hd_1920_1080_30fps.mp4,16.02,480,1920,1080,1
10810476_hd_1920_1080_30fps_t16.12_f0483.jpg,data_collection/candidates_additional/10810476_hd_1920_1080_30fps_t16.12_f0483.jpg,10810476-hd_1920_1080_30fps.mp4,16.12,483,1920,1080,2
10810476_hd_1920_1080_30fps_t16.35_f0490.jpg,data_collection/candidates_additional/10810476_hd_1920_1080_30fps_t16.35_f0490.jpg,10810476-hd_1920_1080_30fps.mp4,16.35,490,1920,1080,2
10810476_hd_1920_1080_30fps_t16.52_f0495.jpg,data_collection/candidates/10810476_hd_1920_1080_30fps_t16.52_f0495.jpg,10810476-hd_1920_1080_30fps.mp4,16.52,495,1920,1080,1
10810476_hd_1920_1080_30fps_t16.58_f0497.jpg,data_collection/candidates_additional/10810476_hd_1920_1080_30fps_t16.58_f0497.jpg,10810476-hd_1920_1080_30fps.mp4,16.58,497,1920,1080,2
10810476_hd_1920_1080_30fps_t16.82_f0504.jpg,data_collection/candidates_additional/10810476_hd_1920_1080_30fps_t16.82_f0504.jpg,10810476-hd_1920_1080_30fps.mp4,16.82,504,1920,1080,2
10810476_hd_1920_1080_30fps_t17.02_f0510.jpg,data_collection/candidates/10810476_hd_1920_1080_30fps_t17.02_f0510.jpg,10810476-hd_1920_1080_30fps.mp4,17.02,510,1920,1080,1
10810476_hd_1920_1080_30fps_t17.05_f0511.jpg,data_collection/candidates_additional/10810476_hd_1920_1080_30fps_t17.05_f0511.jpg,10810476-hd_1920_1080_30fps.mp4,17.05,511,1920,1080,2
10810476_hd_1920_1080_30fps_t17.28_f0518.jpg,data_collection/candidates_additional/10810476_hd_1920_1080_30fps_t17.28_f0518.jpg,10810476-hd_1920_1080_30fps.mp4,17.28,518,1920,1080,2
10810476_hd_1920_1080_30fps_t17.52_f0525.jpg,data_collection/candidates/10810476_hd_1920_1080_30fps_t17.52_f0525.jpg,10810476-hd_1920_1080_30fps.mp4,17.52,525,1920,1080,1
10810476_hd_1920_1080_30fps_t17.75_f0532.jpg,data_collection/candidates_additional/10810476_hd_1920_1080_30fps_t17.75_f0532.jpg,10810476-hd_1920_1080_30fps.mp4,17.75,532,1920,1080,2
10810476_hd_1920_1080_30fps_t17.98_f0539.jpg,data_collection/candidates_additional/10810476_hd_1920_1080_30fps_t17.98_f0539.jpg,10810476-hd_1920_1080_30fps.mp4,17.98,539,1920,1080,2
10810476_hd_1920_1080_30fps_t18.02_f0540.jpg,data_collection/candidates/10810476_hd_1920_1080_30fps_t18.02_f0540.jpg,10810476-hd_1920_1080_30fps.mp4,18.02,540,1920,1080,1
10810476_hd_1920_1080_30fps_t18.22_f0546.jpg,data_collection/candidates_additional/10810476_hd_1920_1080_30fps_t18.22_f0546.jpg,10810476-hd_1920_1080_30fps.mp4,18.22,546,1920,1080,2
10810476_hd_1920_1080_30fps_t18.45_f0553.jpg,data_collection/candidates_additional/10810476_hd_1920_1080_30fps_t18.45_f0553.jpg,10810476-hd_1920_1080_30fps.mp4,18.45,553,1920,1080,2
10810476_hd_1920_1080_30fps_t18.52_f0555.jpg,data_collection/candidates/10810476_hd_1920_1080_30fps_t18.52_f0555.jpg,10810476-hd_1920_1080_30fps.mp4,18.52,555,1920,1080,1
10810476_hd_1920_1080_30fps_t18.69_f0560.jpg,data_collection/candidates_additional/10810476_hd_1920_1080_30fps_t18.69_f0560.jpg,10810476-hd_1920_1080_30fps.mp4,18.69,560,1920,1080,2
10810476_hd_1920_1080_30fps_t18.92_f0567.jpg,data_collection/candidates_additional/10810476_hd_1920_1080_30fps_t18.92_f0567.jpg,10810476-hd_1920_1080_30fps.mp4,18.92,567,1920,1080,2
10810476_hd_1920_1080_30fps_t19.02_f0570.jpg,data_collection/candidates/10810476_hd_1920_1080_30fps_t19.02_f0570.jpg,10810476-hd_1920_1080_30fps.mp4,19.02,570,1920,1080,1
10810476_hd_1920_1080_30fps_t19.15_f0574.jpg,data_collection/candidates_additional/10810476_hd_1920_1080_30fps_t19.15_f0574.jpg,10810476-hd_1920_1080_30fps.mp4,19.15,574,1920,1080,2
10810476_hd_1920_1080_30fps_t19.39_f0581.jpg,data_collection/candidates_additional/10810476_hd_1920_1080_30fps_t19.39_f0581.jpg,10810476-hd_1920_1080_30fps.mp4,19.39,581,1920,1080,2
10810476_hd_1920_1080_30fps_t19.52_f0585.jpg,data_collection/candidates/10810476_hd_1920_1080_30fps_t19.52_f0585.jpg,10810476-hd_1920_1080_30fps.mp4,19.52,585,1920,1080,1
10810476_hd_1920_1080_30fps_t19.62_f0588.jpg,data_collection/candidates_additional/10810476_hd_1920_1080_30fps_t19.62_f0588.jpg,10810476-hd_1920_1080_30fps.mp4,19.62,588,1920,1080,2
10810476_hd_1920_1080_30fps_t19.85_f0595.jpg,data_collection/candidates_additional/10810476_hd_1920_1080_30fps_t19.85_f0595.jpg,10810476-hd_1920_1080_30fps.mp4,19.85,595,1920,1080,2
10810476_hd_1920_1080_30fps_t20.02_f0600.jpg,data_collection/candidates/10810476_hd_1920_1080_30fps_t20.02_f0600.jpg,10810476-hd_1920_1080_30fps.mp4,20.02,600,1920,1080,1
10810476_hd_1920_1080_30fps_t20.09_f0602.jpg,data_collection/candidates_additional/10810476_hd_1920_1080_30fps_t20.09_f0602.jpg,10810476-hd_1920_1080_30fps.mp4,20.09,602,1920,1080,2
10810476_hd_1920_1080_30fps_t20.32_f0609.jpg,data_collection/candidates_additional/10810476_hd_1920_1080_30fps_t20.32_f0609.jpg,10810476-hd_1920_1080_30fps.mp4,20.32,609,1920,1080,2
10810476_hd_1920_1080_30fps_t20.52_f0615.jpg,data_collection/candidates/10810476_hd_1920_1080_30fps_t20.52_f0615.jpg,10810476-hd_1920_1080_30fps.mp4,20.52,615,1920,1080,1
10810476_hd_1920_1080_30fps_t20.55_f0616.jpg,data_collection/candidates_additional/10810476_hd_1920_1080_30fps_t20.55_f0616.jpg,10810476-hd_1920_1080_30fps.mp4,20.55,616,1920,1080,2
10810476_hd_1920_1080_30fps_t20.79_f0623.jpg,data_collection/candidates_additional/10810476_hd_1920_1080_30fps_t20.79_f0623.jpg,10810476-hd_1920_1080_30fps.mp4,20.79,623,1920,1080,2
10810476_hd_1920_1080_30fps_t21.02_f0630.jpg,data_collection/candidates/10810476_hd_1920_1080_30fps_t21.02_f0630.jpg,10810476-hd_1920_1080_30fps.mp4,21.02,630,1920,1080,1
10810476_hd_1920_1080_30fps_t21.25_f0637.jpg,data_collection/candidates_additional/10810476_hd_1920_1080_30fps_t21.25_f0637.jpg,10810476-hd_1920_1080_30fps.mp4,21.25,637,1920,1080,2
10810476_hd_1920_1080_30fps_t21.49_f0644.jpg,data_collection/candidates_additional/10810476_hd_1920_1080_30fps_t21.49_f0644.jpg,10810476-hd_1920_1080_30fps.mp4,21.49,644,1920,1080,2
10810476_hd_1920_1080_30fps_t21.52_f0645.jpg,data_collection/candidates/10810476_hd_1920_1080_30fps_t21.52_f0645.jpg,10810476-hd_1920_1080_30fps.mp4,21.52,645,1920,1080,1
10810476_hd_1920_1080_30fps_t21.72_f0651.jpg,data_collection/candidates_additional/10810476_hd_1920_1080_30fps_t21.72_f0651.jpg,10810476-hd_1920_1080_30fps.mp4,21.72,651,1920,1080,2
10810476_hd_1920_1080_30fps_t21.96_f0658.jpg,data_collection/candidates_additional/10810476_hd_1920_1080_30fps_t21.96_f0658.jpg,10810476-hd_1920_1080_30fps.mp4,21.96,658,1920,1080,2
10810476_hd_1920_1080_30fps_t22.02_f0660.jpg,data_collection/candidates/10810476_hd_1920_1080_30fps_t22.02_f0660.jpg,10810476-hd_1920_1080_30fps.mp4,22.02,660,1920,1080,1
10810476_hd_1920_1080_30fps_t22.19_f0665.jpg,data_collection/candidates_additional/10810476_hd_1920_1080_30fps_t22.19_f0665.jpg,10810476-hd_1920_1080_30fps.mp4,22.19,665,1920,1080,2
12984031_1920_1080_25fps_t00.00_f0000.jpg,data_collection/candidates/12984031_1920_1080_25fps_t00.00_f0000.jpg,12984031_1920_1080_25fps.mp4,0.00,0,1920,1080,1
12984031_1920_1080_25fps_t00.24_f0006.jpg,data_collection/candidates_additional/12984031_1920_1080_25fps_t00.24_f0006.jpg,12984031_1920_1080_25fps.mp4,0.24,6,1920,1080,2
12984031_1920_1080_25fps_t00.48_f0012.jpg,data_collection/candidates/12984031_1920_1080_25fps_t00.48_f0012.jpg,12984031_1920_1080_25fps.mp4,0.48,12,1920,1080,1
12984031_1920_1080_25fps_t00.72_f0018.jpg,data_collection/candidates_additional/12984031_1920_1080_25fps_t00.72_f0018.jpg,12984031_1920_1080_25fps.mp4,0.72,18,1920,1080,2
12984031_1920_1080_25fps_t00.96_f0024.jpg,data_collection/candidates/12984031_1920_1080_25fps_t00.96_f0024.jpg,12984031_1920_1080_25fps.mp4,0.96,24,1920,1080,1
12984031_1920_1080_25fps_t01.20_f0030.jpg,data_collection/candidates_additional/12984031_1920_1080_25fps_t01.20_f0030.jpg,12984031_1920_1080_25fps.mp4,1.20,30,1920,1080,2
12984031_1920_1080_25fps_t01.44_f0036.jpg,data_collection/candidates/12984031_1920_1080_25fps_t01.44_f0036.jpg,12984031_1920_1080_25fps.mp4,1.44,36,1920,1080,1
12984031_1920_1080_25fps_t01.68_f0042.jpg,data_collection/candidates_additional/12984031_1920_1080_25fps_t01.68_f0042.jpg,12984031_1920_1080_25fps.mp4,1.68,42,1920,1080,2
12984031_1920_1080_25fps_t01.92_f0048.jpg,data_collection/candidates/12984031_1920_1080_25fps_t01.92_f0048.jpg,12984031_1920_1080_25fps.mp4,1.92,48,1920,1080,1
12984031_1920_1080_25fps_t02.16_f0054.jpg,data_collection/candidates_additional/12984031_1920_1080_25fps_t02.16_f0054.jpg,12984031_1920_1080_25fps.mp4,2.16,54,1920,1080,2
12984031_1920_1080_25fps_t02.40_f0060.jpg,data_collection/candidates/12984031_1920_1080_25fps_t02.40_f0060.jpg,12984031_1920_1080_25fps.mp4,2.40,60,1920,1080,1
12984031_1920_1080_25fps_t02.64_f0066.jpg,data_collection/candidates_additional/12984031_1920_1080_25fps_t02.64_f0066.jpg,12984031_1920_1080_25fps.mp4,2.64,66,1920,1080,2
12984031_1920_1080_25fps_t02.88_f0072.jpg,data_collection/candidates/12984031_1920_1080_25fps_t02.88_f0072.jpg,12984031_1920_1080_25fps.mp4,2.88,72,1920,1080,1
12984031_1920_1080_25fps_t03.12_f0078.jpg,data_collection/candidates_additional/12984031_1920_1080_25fps_t03.12_f0078.jpg,12984031_1920_1080_25fps.mp4,3.12,78,1920,1080,2
12984031_1920_1080_25fps_t03.36_f0084.jpg,data_collection/candidates/12984031_1920_1080_25fps_t03.36_f0084.jpg,12984031_1920_1080_25fps.mp4,3.36,84,1920,1080,1
12984031_1920_1080_25fps_t03.60_f0090.jpg,data_collection/candidates_additional/12984031_1920_1080_25fps_t03.60_f0090.jpg,12984031_1920_1080_25fps.mp4,3.60,90,1920,1080,2
12984031_1920_1080_25fps_t03.84_f0096.jpg,data_collection/candidates/12984031_1920_1080_25fps_t03.84_f0096.jpg,12984031_1920_1080_25fps.mp4,3.84,96,1920,1080,1
12984031_1920_1080_25fps_t04.08_f0102.jpg,data_collection/candidates_additional/12984031_1920_1080_25fps_t04.08_f0102.jpg,12984031_1920_1080_25fps.mp4,4.08,102,1920,1080,2
12984031_1920_1080_25fps_t04.32_f0108.jpg,data_collection/candidates/12984031_1920_1080_25fps_t04.32_f0108.jpg,12984031_1920_1080_25fps.mp4,4.32,108,1920,1080,1
12984031_1920_1080_25fps_t04.56_f0114.jpg,data_collection/candidates_additional/12984031_1920_1080_25fps_t04.56_f0114.jpg,12984031_1920_1080_25fps.mp4,4.56,114,1920,1080,2
12984031_1920_1080_25fps_t04.80_f0120.jpg,data_collection/candidates/12984031_1920_1080_25fps_t04.80_f0120.jpg,12984031_1920_1080_25fps.mp4,4.80,120,1920,1080,1
12984031_1920_1080_25fps_t05.04_f0126.jpg,data_collection/candidates_additional/12984031_1920_1080_25fps_t05.04_f0126.jpg,12984031_1920_1080_25fps.mp4,5.04,126,1920,1080,2
12984031_1920_1080_25fps_t05.28_f0132.jpg,data_collection/candidates/12984031_1920_1080_25fps_t05.28_f0132.jpg,12984031_1920_1080_25fps.mp4,5.28,132,1920,1080,1
12984031_1920_1080_25fps_t05.52_f0138.jpg,data_collection/candidates_additional/12984031_1920_1080_25fps_t05.52_f0138.jpg,12984031_1920_1080_25fps.mp4,5.52,138,1920,1080,2
12984031_1920_1080_25fps_t05.76_f0144.jpg,data_collection/candidates/12984031_1920_1080_25fps_t05.76_f0144.jpg,12984031_1920_1080_25fps.mp4,5.76,144,1920,1080,1
12984031_1920_1080_25fps_t06.00_f0150.jpg,data_collection/candidates_additional/12984031_1920_1080_25fps_t06.00_f0150.jpg,12984031_1920_1080_25fps.mp4,6.00,150,1920,1080,2
12984031_1920_1080_25fps_t06.24_f0156.jpg,data_collection/candidates/12984031_1920_1080_25fps_t06.24_f0156.jpg,12984031_1920_1080_25fps.mp4,6.24,156,1920,1080,1
12984031_1920_1080_25fps_t06.48_f0162.jpg,data_collection/candidates_additional/12984031_1920_1080_25fps_t06.48_f0162.jpg,12984031_1920_1080_25fps.mp4,6.48,162,1920,1080,2
12984031_1920_1080_25fps_t06.72_f0168.jpg,data_collection/candidates/12984031_1920_1080_25fps_t06.72_f0168.jpg,12984031_1920_1080_25fps.mp4,6.72,168,1920,1080,1
12984031_1920_1080_25fps_t06.96_f0174.jpg,data_collection/candidates_additional/12984031_1920_1080_25fps_t06.96_f0174.jpg,12984031_1920_1080_25fps.mp4,6.96,174,1920,1080,2
12984031_1920_1080_25fps_t07.20_f0180.jpg,data_collection/candidates/12984031_1920_1080_25fps_t07.20_f0180.jpg,12984031_1920_1080_25fps.mp4,7.20,180,1920,1080,1
12984031_1920_1080_25fps_t07.44_f0186.jpg,data_collection/candidates_additional/12984031_1920_1080_25fps_t07.44_f0186.jpg,12984031_1920_1080_25fps.mp4,7.44,186,1920,1080,2
12984031_1920_1080_25fps_t07.68_f0192.jpg,data_collection/candidates/12984031_1920_1080_25fps_t07.68_f0192.jpg,12984031_1920_1080_25fps.mp4,7.68,192,1920,1080,1
12984031_1920_1080_25fps_t07.92_f0198.jpg,data_collection/candidates_additional/12984031_1920_1080_25fps_t07.92_f0198.jpg,12984031_1920_1080_25fps.mp4,7.92,198,1920,1080,2
12984031_1920_1080_25fps_t08.16_f0204.jpg,data_collection/candidates/12984031_1920_1080_25fps_t08.16_f0204.jpg,12984031_1920_1080_25fps.mp4,8.16,204,1920,1080,1
12984031_1920_1080_25fps_t08.40_f0210.jpg,data_collection/candidates_additional/12984031_1920_1080_25fps_t08.40_f0210.jpg,12984031_1920_1080_25fps.mp4,8.40,210,1920,1080,2
12984031_1920_1080_25fps_t08.64_f0216.jpg,data_collection/candidates/12984031_1920_1080_25fps_t08.64_f0216.jpg,12984031_1920_1080_25fps.mp4,8.64,216,1920,1080,1
12984031_1920_1080_25fps_t08.88_f0222.jpg,data_collection/candidates_additional/12984031_1920_1080_25fps_t08.88_f0222.jpg,12984031_1920_1080_25fps.mp4,8.88,222,1920,1080,2
12984031_1920_1080_25fps_t09.12_f0228.jpg,data_collection/candidates/12984031_1920_1080_25fps_t09.12_f0228.jpg,12984031_1920_1080_25fps.mp4,9.12,228,1920,1080,1
12984031_1920_1080_25fps_t09.36_f0234.jpg,data_collection/candidates_additional/12984031_1920_1080_25fps_t09.36_f0234.jpg,12984031_1920_1080_25fps.mp4,9.36,234,1920,1080,2
12984031_1920_1080_25fps_t09.60_f0240.jpg,data_collection/candidates/12984031_1920_1080_25fps_t09.60_f0240.jpg,12984031_1920_1080_25fps.mp4,9.60,240,1920,1080,1
12984031_1920_1080_25fps_t09.84_f0246.jpg,data_collection/candidates_additional/12984031_1920_1080_25fps_t09.84_f0246.jpg,12984031_1920_1080_25fps.mp4,9.84,246,1920,1080,2
12984031_1920_1080_25fps_t10.08_f0252.jpg,data_collection/candidates/12984031_1920_1080_25fps_t10.08_f0252.jpg,12984031_1920_1080_25fps.mp4,10.08,252,1920,1080,1
12984031_1920_1080_25fps_t10.32_f0258.jpg,data_collection/candidates_additional/12984031_1920_1080_25fps_t10.32_f0258.jpg,12984031_1920_1080_25fps.mp4,10.32,258,1920,1080,2
12984031_1920_1080_25fps_t10.56_f0264.jpg,data_collection/candidates/12984031_1920_1080_25fps_t10.56_f0264.jpg,12984031_1920_1080_25fps.mp4,10.56,264,1920,1080,1
12984031_1920_1080_25fps_t10.80_f0270.jpg,data_collection/candidates_additional/12984031_1920_1080_25fps_t10.80_f0270.jpg,12984031_1920_1080_25fps.mp4,10.80,270,1920,1080,2
12984031_1920_1080_25fps_t11.04_f0276.jpg,data_collection/candidates/12984031_1920_1080_25fps_t11.04_f0276.jpg,12984031_1920_1080_25fps.mp4,11.04,276,1920,1080,1
12984031_1920_1080_25fps_t11.28_f0282.jpg,data_collection/candidates_additional/12984031_1920_1080_25fps_t11.28_f0282.jpg,12984031_1920_1080_25fps.mp4,11.28,282,1920,1080,2
12984031_1920_1080_25fps_t11.52_f0288.jpg,data_collection/candidates/12984031_1920_1080_25fps_t11.52_f0288.jpg,12984031_1920_1080_25fps.mp4,11.52,288,1920,1080,1
12984031_1920_1080_25fps_t11.76_f0294.jpg,data_collection/candidates_additional/12984031_1920_1080_25fps_t11.76_f0294.jpg,12984031_1920_1080_25fps.mp4,11.76,294,1920,1080,2
12984031_1920_1080_25fps_t12.00_f0300.jpg,data_collection/candidates/12984031_1920_1080_25fps_t12.00_f0300.jpg,12984031_1920_1080_25fps.mp4,12.00,300,1920,1080,1
12984031_1920_1080_25fps_t12.24_f0306.jpg,data_collection/candidates_additional/12984031_1920_1080_25fps_t12.24_f0306.jpg,12984031_1920_1080_25fps.mp4,12.24,306,1920,1080,2
12984031_1920_1080_25fps_t12.48_f0312.jpg,data_collection/candidates/12984031_1920_1080_25fps_t12.48_f0312.jpg,12984031_1920_1080_25fps.mp4,12.48,312,1920,1080,1
12984031_1920_1080_25fps_t12.72_f0318.jpg,data_collection/candidates_additional/12984031_1920_1080_25fps_t12.72_f0318.jpg,12984031_1920_1080_25fps.mp4,12.72,318,1920,1080,2
12984031_1920_1080_25fps_t12.96_f0324.jpg,data_collection/candidates/12984031_1920_1080_25fps_t12.96_f0324.jpg,12984031_1920_1080_25fps.mp4,12.96,324,1920,1080,1
12984031_1920_1080_25fps_t13.20_f0330.jpg,data_collection/candidates_additional/12984031_1920_1080_25fps_t13.20_f0330.jpg,12984031_1920_1080_25fps.mp4,13.20,330,1920,1080,2
12984031_1920_1080_25fps_t13.44_f0336.jpg,data_collection/candidates/12984031_1920_1080_25fps_t13.44_f0336.jpg,12984031_1920_1080_25fps.mp4,13.44,336,1920,1080,1
12984031_1920_1080_25fps_t13.68_f0342.jpg,data_collection/candidates_additional/12984031_1920_1080_25fps_t13.68_f0342.jpg,12984031_1920_1080_25fps.mp4,13.68,342,1920,1080,2
12984031_1920_1080_25fps_t13.92_f0348.jpg,data_collection/candidates/12984031_1920_1080_25fps_t13.92_f0348.jpg,12984031_1920_1080_25fps.mp4,13.92,348,1920,1080,1
12984031_1920_1080_25fps_t14.16_f0354.jpg,data_collection/candidates_additional/12984031_1920_1080_25fps_t14.16_f0354.jpg,12984031_1920_1080_25fps.mp4,14.16,354,1920,1080,2
12984031_1920_1080_25fps_t14.40_f0360.jpg,data_collection/candidates/12984031_1920_1080_25fps_t14.40_f0360.jpg,12984031_1920_1080_25fps.mp4,14.40,360,1920,1080,1
12984031_1920_1080_25fps_t14.64_f0366.jpg,data_collection/candidates_additional/12984031_1920_1080_25fps_t14.64_f0366.jpg,12984031_1920_1080_25fps.mp4,14.64,366,1920,1080,2
12984031_1920_1080_25fps_t14.88_f0372.jpg,data_collection/candidates/12984031_1920_1080_25fps_t14.88_f0372.jpg,12984031_1920_1080_25fps.mp4,14.88,372,1920,1080,1
12984031_1920_1080_25fps_t15.12_f0378.jpg,data_collection/candidates_additional/12984031_1920_1080_25fps_t15.12_f0378.jpg,12984031_1920_1080_25fps.mp4,15.12,378,1920,1080,2
12984031_1920_1080_25fps_t15.36_f0384.jpg,data_collection/candidates/12984031_1920_1080_25fps_t15.36_f0384.jpg,12984031_1920_1080_25fps.mp4,15.36,384,1920,1080,1
12984031_1920_1080_25fps_t15.60_f0390.jpg,data_collection/candidates_additional/12984031_1920_1080_25fps_t15.60_f0390.jpg,12984031_1920_1080_25fps.mp4,15.60,390,1920,1080,2
12984031_1920_1080_25fps_t15.84_f0396.jpg,data_collection/candidates/12984031_1920_1080_25fps_t15.84_f0396.jpg,12984031_1920_1080_25fps.mp4,15.84,396,1920,1080,1
12984031_1920_1080_25fps_t16.08_f0402.jpg,data_collection/candidates_additional/12984031_1920_1080_25fps_t16.08_f0402.jpg,12984031_1920_1080_25fps.mp4,16.08,402,1920,1080,2
12984031_1920_1080_25fps_t16.32_f0408.jpg,data_collection/candidates/12984031_1920_1080_25fps_t16.32_f0408.jpg,12984031_1920_1080_25fps.mp4,16.32,408,1920,1080,1
12984031_1920_1080_25fps_t16.56_f0414.jpg,data_collection/candidates_additional/12984031_1920_1080_25fps_t16.56_f0414.jpg,12984031_1920_1080_25fps.mp4,16.56,414,1920,1080,2
12984031_1920_1080_25fps_t16.80_f0420.jpg,data_collection/candidates/12984031_1920_1080_25fps_t16.80_f0420.jpg,12984031_1920_1080_25fps.mp4,16.80,420,1920,1080,1
12984031_1920_1080_25fps_t17.04_f0426.jpg,data_collection/candidates_additional/12984031_1920_1080_25fps_t17.04_f0426.jpg,12984031_1920_1080_25fps.mp4,17.04,426,1920,1080,2
12984031_1920_1080_25fps_t17.28_f0432.jpg,data_collection/candidates/12984031_1920_1080_25fps_t17.28_f0432.jpg,12984031_1920_1080_25fps.mp4,17.28,432,1920,1080,1
12984031_1920_1080_25fps_t17.52_f0438.jpg,data_collection/candidates_additional/12984031_1920_1080_25fps_t17.52_f0438.jpg,12984031_1920_1080_25fps.mp4,17.52,438,1920,1080,2
12984031_1920_1080_25fps_t17.76_f0444.jpg,data_collection/candidates/12984031_1920_1080_25fps_t17.76_f0444.jpg,12984031_1920_1080_25fps.mp4,17.76,444,1920,1080,1
12984031_1920_1080_25fps_t18.00_f0450.jpg,data_collection/candidates_additional/12984031_1920_1080_25fps_t18.00_f0450.jpg,12984031_1920_1080_25fps.mp4,18.00,450,1920,1080,2
12984031_1920_1080_25fps_t18.24_f0456.jpg,data_collection/candidates/12984031_1920_1080_25fps_t18.24_f0456.jpg,12984031_1920_1080_25fps.mp4,18.24,456,1920,1080,1
12984031_1920_1080_25fps_t18.48_f0462.jpg,data_collection/candidates_additional/12984031_1920_1080_25fps_t18.48_f0462.jpg,12984031_1920_1080_25fps.mp4,18.48,462,1920,1080,2
12984031_1920_1080_25fps_t18.72_f0468.jpg,data_collection/candidates/12984031_1920_1080_25fps_t18.72_f0468.jpg,12984031_1920_1080_25fps.mp4,18.72,468,1920,1080,1
12984031_1920_1080_25fps_t18.96_f0474.jpg,data_collection/candidates_additional/12984031_1920_1080_25fps_t18.96_f0474.jpg,12984031_1920_1080_25fps.mp4,18.96,474,1920,1080,2
12984031_1920_1080_25fps_t19.20_f0480.jpg,data_collection/candidates/12984031_1920_1080_25fps_t19.20_f0480.jpg,12984031_1920_1080_25fps.mp4,19.20,480,1920,1080,1
12984031_1920_1080_25fps_t19.44_f0486.jpg,data_collection/candidates_additional/12984031_1920_1080_25fps_t19.44_f0486.jpg,12984031_1920_1080_25fps.mp4,19.44,486,1920,1080,2
12984031_1920_1080_25fps_t19.68_f0492.jpg,data_collection/candidates/12984031_1920_1080_25fps_t19.68_f0492.jpg,12984031_1920_1080_25fps.mp4,19.68,492,1920,1080,1
12984031_1920_1080_25fps_t19.92_f0498.jpg,data_collection/candidates_additional/12984031_1920_1080_25fps_t19.92_f0498.jpg,12984031_1920_1080_25fps.mp4,19.92,498,1920,1080,2
12984031_1920_1080_25fps_t20.16_f0504.jpg,data_collection/candidates/12984031_1920_1080_25fps_t20.16_f0504.jpg,12984031_1920_1080_25fps.mp4,20.16,504,1920,1080,1
12984031_1920_1080_25fps_t20.40_f0510.jpg,data_collection/candidates_additional/12984031_1920_1080_25fps_t20.40_f0510.jpg,12984031_1920_1080_25fps.mp4,20.40,510,1920,1080,2
12984031_1920_1080_25fps_t20.64_f0516.jpg,data_collection/candidates/12984031_1920_1080_25fps_t20.64_f0516.jpg,12984031_1920_1080_25fps.mp4,20.64,516,1920,1080,1
12984031_1920_1080_25fps_t20.88_f0522.jpg,data_collection/candidates_additional/12984031_1920_1080_25fps_t20.88_f0522.jpg,12984031_1920_1080_25fps.mp4,20.88,522,1920,1080,2
12984031_1920_1080_25fps_t21.12_f0528.jpg,data_collection/candidates/12984031_1920_1080_25fps_t21.12_f0528.jpg,12984031_1920_1080_25fps.mp4,21.12,528,1920,1080,1
12984031_1920_1080_25fps_t21.36_f0534.jpg,data_collection/candidates_additional/12984031_1920_1080_25fps_t21.36_f0534.jpg,12984031_1920_1080_25fps.mp4,21.36,534,1920,1080,2
12984031_1920_1080_25fps_t21.60_f0540.jpg,data_collection/candidates/12984031_1920_1080_25fps_t21.60_f0540.jpg,12984031_1920_1080_25fps.mp4,21.60,540,1920,1080,1
12984031_1920_1080_25fps_t21.84_f0546.jpg,data_collection/candidates_additional/12984031_1920_1080_25fps_t21.84_f0546.jpg,12984031_1920_1080_25fps.mp4,21.84,546,1920,1080,2
12984031_1920_1080_25fps_t22.08_f0552.jpg,data_collection/candidates/12984031_1920_1080_25fps_t22.08_f0552.jpg,12984031_1920_1080_25fps.mp4,22.08,552,1920,1080,1
12984031_1920_1080_25fps_t22.32_f0558.jpg,data_collection/candidates_additional/12984031_1920_1080_25fps_t22.32_f0558.jpg,12984031_1920_1080_25fps.mp4,22.32,558,1920,1080,2
12984031_1920_1080_25fps_t22.56_f0564.jpg,data_collection/candidates/12984031_1920_1080_25fps_t22.56_f0564.jpg,12984031_1920_1080_25fps.mp4,22.56,564,1920,1080,1
12984031_1920_1080_25fps_t22.80_f0570.jpg,data_collection/candidates_additional/12984031_1920_1080_25fps_t22.80_f0570.jpg,12984031_1920_1080_25fps.mp4,22.80,570,1920,1080,2
12984031_1920_1080_25fps_t23.04_f0576.jpg,data_collection/candidates/12984031_1920_1080_25fps_t23.04_f0576.jpg,12984031_1920_1080_25fps.mp4,23.04,576,1920,1080,1
12984031_1920_1080_25fps_t23.28_f0582.jpg,data_collection/candidates_additional/12984031_1920_1080_25fps_t23.28_f0582.jpg,12984031_1920_1080_25fps.mp4,23.28,582,1920,1080,2
12984031_1920_1080_25fps_t23.52_f0588.jpg,data_collection/candidates/12984031_1920_1080_25fps_t23.52_f0588.jpg,12984031_1920_1080_25fps.mp4,23.52,588,1920,1080,1
12984031_1920_1080_25fps_t23.76_f0594.jpg,data_collection/candidates_additional/12984031_1920_1080_25fps_t23.76_f0594.jpg,12984031_1920_1080_25fps.mp4,23.76,594,1920,1080,2
12984031_1920_1080_25fps_t24.00_f0600.jpg,data_collection/candidates/12984031_1920_1080_25fps_t24.00_f0600.jpg,12984031_1920_1080_25fps.mp4,24.00,600,1920,1080,1
12984031_1920_1080_25fps_t24.24_f0606.jpg,data_collection/candidates_additional/12984031_1920_1080_25fps_t24.24_f0606.jpg,12984031_1920_1080_25fps.mp4,24.24,606,1920,1080,2
12984031_1920_1080_25fps_t24.48_f0612.jpg,data_collection/candidates/12984031_1920_1080_25fps_t24.48_f0612.jpg,12984031_1920_1080_25fps.mp4,24.48,612,1920,1080,1
12984031_1920_1080_25fps_t24.72_f0618.jpg,data_collection/candidates_additional/12984031_1920_1080_25fps_t24.72_f0618.jpg,12984031_1920_1080_25fps.mp4,24.72,618,1920,1080,2
12984031_1920_1080_25fps_t24.96_f0624.jpg,data_collection/candidates/12984031_1920_1080_25fps_t24.96_f0624.jpg,12984031_1920_1080_25fps.mp4,24.96,624,1920,1080,1
12984031_1920_1080_25fps_t25.20_f0630.jpg,data_collection/candidates_additional/12984031_1920_1080_25fps_t25.20_f0630.jpg,12984031_1920_1080_25fps.mp4,25.20,630,1920,1080,2
12984031_1920_1080_25fps_t25.44_f0636.jpg,data_collection/candidates/12984031_1920_1080_25fps_t25.44_f0636.jpg,12984031_1920_1080_25fps.mp4,25.44,636,1920,1080,1
12984031_1920_1080_25fps_t25.68_f0642.jpg,data_collection/candidates_additional/12984031_1920_1080_25fps_t25.68_f0642.jpg,12984031_1920_1080_25fps.mp4,25.68,642,1920,1080,2
12984031_1920_1080_25fps_t25.92_f0648.jpg,data_collection/candidates/12984031_1920_1080_25fps_t25.92_f0648.jpg,12984031_1920_1080_25fps.mp4,25.92,648,1920,1080,1
12984031_1920_1080_25fps_t26.16_f0654.jpg,data_collection/candidates_additional/12984031_1920_1080_25fps_t26.16_f0654.jpg,12984031_1920_1080_25fps.mp4,26.16,654,1920,1080,2
12984031_1920_1080_25fps_t26.40_f0660.jpg,data_collection/candidates/12984031_1920_1080_25fps_t26.40_f0660.jpg,12984031_1920_1080_25fps.mp4,26.40,660,1920,1080,1
12984031_1920_1080_25fps_t26.64_f0666.jpg,data_collection/candidates_additional/12984031_1920_1080_25fps_t26.64_f0666.jpg,12984031_1920_1080_25fps.mp4,26.64,666,1920,1080,2
12984031_1920_1080_25fps_t26.88_f0672.jpg,data_collection/candidates/12984031_1920_1080_25fps_t26.88_f0672.jpg,12984031_1920_1080_25fps.mp4,26.88,672,1920,1080,1
12984031_1920_1080_25fps_t27.12_f0678.jpg,data_collection/candidates_additional/12984031_1920_1080_25fps_t27.12_f0678.jpg,12984031_1920_1080_25fps.mp4,27.12,678,1920,1080,2
12984031_1920_1080_25fps_t27.36_f0684.jpg,data_collection/candidates/12984031_1920_1080_25fps_t27.36_f0684.jpg,12984031_1920_1080_25fps.mp4,27.36,684,1920,1080,1
12984031_1920_1080_25fps_t27.60_f0690.jpg,data_collection/candidates_additional/12984031_1920_1080_25fps_t27.60_f0690.jpg,12984031_1920_1080_25fps.mp4,27.60,690,1920,1080,2
12984031_1920_1080_25fps_t27.84_f0696.jpg,data_collection/candidates/12984031_1920_1080_25fps_t27.84_f0696.jpg,12984031_1920_1080_25fps.mp4,27.84,696,1920,1080,1
12984031_1920_1080_25fps_t28.08_f0702.jpg,data_collection/candidates_additional/12984031_1920_1080_25fps_t28.08_f0702.jpg,12984031_1920_1080_25fps.mp4,28.08,702,1920,1080,2
12984031_1920_1080_25fps_t28.32_f0708.jpg,data_collection/candidates/12984031_1920_1080_25fps_t28.32_f0708.jpg,12984031_1920_1080_25fps.mp4,28.32,708,1920,1080,1
12984031_1920_1080_25fps_t28.56_f0714.jpg,data_collection/candidates_additional/12984031_1920_1080_25fps_t28.56_f0714.jpg,12984031_1920_1080_25fps.mp4,28.56,714,1920,1080,2
12984031_1920_1080_25fps_t28.80_f0720.jpg,data_collection/candidates/12984031_1920_1080_25fps_t28.80_f0720.jpg,12984031_1920_1080_25fps.mp4,28.80,720,1920,1080,1
12984031_1920_1080_25fps_t29.04_f0726.jpg,data_collection/candidates_additional/12984031_1920_1080_25fps_t29.04_f0726.jpg,12984031_1920_1080_25fps.mp4,29.04,726,1920,1080,2
12984031_1920_1080_25fps_t29.28_f0732.jpg,data_collection/candidates/12984031_1920_1080_25fps_t29.28_f0732.jpg,12984031_1920_1080_25fps.mp4,29.28,732,1920,1080,1
12984031_1920_1080_25fps_t29.52_f0738.jpg,data_collection/candidates_additional/12984031_1920_1080_25fps_t29.52_f0738.jpg,12984031_1920_1080_25fps.mp4,29.52,738,1920,1080,2
12984031_1920_1080_25fps_t29.76_f0744.jpg,data_collection/candidates/12984031_1920_1080_25fps_t29.76_f0744.jpg,12984031_1920_1080_25fps.mp4,29.76,744,1920,1080,1
12984031_1920_1080_25fps_t30.00_f0750.jpg,data_collection/candidates_additional/12984031_1920_1080_25fps_t30.00_f0750.jpg,12984031_1920_1080_25fps.mp4,30.00,750,1920,1080,2
12984031_1920_1080_25fps_t30.24_f0756.jpg,data_collection/candidates/12984031_1920_1080_25fps_t30.24_f0756.jpg,12984031_1920_1080_25fps.mp4,30.24,756,1920,1080,1
12984031_1920_1080_25fps_t30.48_f0762.jpg,data_collection/candidates_additional/12984031_1920_1080_25fps_t30.48_f0762.jpg,12984031_1920_1080_25fps.mp4,30.48,762,1920,1080,2
12984031_1920_1080_25fps_t30.72_f0768.jpg,data_collection/candidates/12984031_1920_1080_25fps_t30.72_f0768.jpg,12984031_1920_1080_25fps.mp4,30.72,768,1920,1080,1
12984031_1920_1080_25fps_t30.96_f0774.jpg,data_collection/candidates_additional/12984031_1920_1080_25fps_t30.96_f0774.jpg,12984031_1920_1080_25fps.mp4,30.96,774,1920,1080,2
12984031_1920_1080_25fps_t31.20_f0780.jpg,data_collection/candidates/12984031_1920_1080_25fps_t31.20_f0780.jpg,12984031_1920_1080_25fps.mp4,31.20,780,1920,1080,1
12984031_1920_1080_25fps_t31.44_f0786.jpg,data_collection/candidates_additional/12984031_1920_1080_25fps_t31.44_f0786.jpg,12984031_1920_1080_25fps.mp4,31.44,786,1920,1080,2
12984031_1920_1080_25fps_t31.68_f0792.jpg,data_collection/candidates/12984031_1920_1080_25fps_t31.68_f0792.jpg,12984031_1920_1080_25fps.mp4,31.68,792,1920,1080,1
12984031_1920_1080_25fps_t31.92_f0798.jpg,data_collection/candidates_additional/12984031_1920_1080_25fps_t31.92_f0798.jpg,12984031_1920_1080_25fps.mp4,31.92,798,1920,1080,2
12984031_1920_1080_25fps_t32.16_f0804.jpg,data_collection/candidates/12984031_1920_1080_25fps_t32.16_f0804.jpg,12984031_1920_1080_25fps.mp4,32.16,804,1920,1080,1
12984031_1920_1080_25fps_t32.40_f0810.jpg,data_collection/candidates_additional/12984031_1920_1080_25fps_t32.40_f0810.jpg,12984031_1920_1080_25fps.mp4,32.40,810,1920,1080,2
12984031_1920_1080_25fps_t32.64_f0816.jpg,data_collection/candidates/12984031_1920_1080_25fps_t32.64_f0816.jpg,12984031_1920_1080_25fps.mp4,32.64,816,1920,1080,1
12984031_1920_1080_25fps_t32.88_f0822.jpg,data_collection/candidates_additional/12984031_1920_1080_25fps_t32.88_f0822.jpg,12984031_1920_1080_25fps.mp4,32.88,822,1920,1080,2
12984031_1920_1080_25fps_t33.12_f0828.jpg,data_collection/candidates/12984031_1920_1080_25fps_t33.12_f0828.jpg,12984031_1920_1080_25fps.mp4,33.12,828,1920,1080,1
12984266_1920_1080_25fps_t00.00_f0000.jpg,data_collection/candidates/12984266_1920_1080_25fps_t00.00_f0000.jpg,12984266_1920_1080_25fps.mp4,0.00,0,1920,1080,1
12984266_1920_1080_25fps_t00.24_f0006.jpg,data_collection/candidates_additional/12984266_1920_1080_25fps_t00.24_f0006.jpg,12984266_1920_1080_25fps.mp4,0.24,6,1920,1080,2
12984266_1920_1080_25fps_t00.48_f0012.jpg,data_collection/candidates/12984266_1920_1080_25fps_t00.48_f0012.jpg,12984266_1920_1080_25fps.mp4,0.48,12,1920,1080,1
12984266_1920_1080_25fps_t00.72_f0018.jpg,data_collection/candidates_additional/12984266_1920_1080_25fps_t00.72_f0018.jpg,12984266_1920_1080_25fps.mp4,0.72,18,1920,1080,2
12984266_1920_1080_25fps_t00.96_f0024.jpg,data_collection/candidates/12984266_1920_1080_25fps_t00.96_f0024.jpg,12984266_1920_1080_25fps.mp4,0.96,24,1920,1080,1
12984266_1920_1080_25fps_t01.20_f0030.jpg,data_collection/candidates_additional/12984266_1920_1080_25fps_t01.20_f0030.jpg,12984266_1920_1080_25fps.mp4,1.20,30,1920,1080,2
12984266_1920_1080_25fps_t01.44_f0036.jpg,data_collection/candidates/12984266_1920_1080_25fps_t01.44_f0036.jpg,12984266_1920_1080_25fps.mp4,1.44,36,1920,1080,1
12984266_1920_1080_25fps_t01.68_f0042.jpg,data_collection/candidates_additional/12984266_1920_1080_25fps_t01.68_f0042.jpg,12984266_1920_1080_25fps.mp4,1.68,42,1920,1080,2
12984266_1920_1080_25fps_t01.92_f0048.jpg,data_collection/candidates/12984266_1920_1080_25fps_t01.92_f0048.jpg,12984266_1920_1080_25fps.mp4,1.92,48,1920,1080,1
12984266_1920_1080_25fps_t02.16_f0054.jpg,data_collection/candidates_additional/12984266_1920_1080_25fps_t02.16_f0054.jpg,12984266_1920_1080_25fps.mp4,2.16,54,1920,1080,2
12984266_1920_1080_25fps_t02.40_f0060.jpg,data_collection/candidates/12984266_1920_1080_25fps_t02.40_f0060.jpg,12984266_1920_1080_25fps.mp4,2.40,60,1920,1080,1
12984266_1920_1080_25fps_t02.64_f0066.jpg,data_collection/candidates_additional/12984266_1920_1080_25fps_t02.64_f0066.jpg,12984266_1920_1080_25fps.mp4,2.64,66,1920,1080,2
12984266_1920_1080_25fps_t02.88_f0072.jpg,data_collection/candidates/12984266_1920_1080_25fps_t02.88_f0072.jpg,12984266_1920_1080_25fps.mp4,2.88,72,1920,1080,1
12984266_1920_1080_25fps_t03.12_f0078.jpg,data_collection/candidates_additional/12984266_1920_1080_25fps_t03.12_f0078.jpg,12984266_1920_1080_25fps.mp4,3.12,78,1920,1080,2
12984266_1920_1080_25fps_t03.36_f0084.jpg,data_collection/candidates/12984266_1920_1080_25fps_t03.36_f0084.jpg,12984266_1920_1080_25fps.mp4,3.36,84,1920,1080,1
12984266_1920_1080_25fps_t03.60_f0090.jpg,data_collection/candidates_additional/12984266_1920_1080_25fps_t03.60_f0090.jpg,12984266_1920_1080_25fps.mp4,3.60,90,1920,1080,2
12984266_1920_1080_25fps_t03.84_f0096.jpg,data_collection/candidates/12984266_1920_1080_25fps_t03.84_f0096.jpg,12984266_1920_1080_25fps.mp4,3.84,96,1920,1080,1
12984266_1920_1080_25fps_t04.08_f0102.jpg,data_collection/candidates_additional/12984266_1920_1080_25fps_t04.08_f0102.jpg,12984266_1920_1080_25fps.mp4,4.08,102,1920,1080,2
12984266_1920_1080_25fps_t04.32_f0108.jpg,data_collection/candidates/12984266_1920_1080_25fps_t04.32_f0108.jpg,12984266_1920_1080_25fps.mp4,4.32,108,1920,1080,1
12984266_1920_1080_25fps_t04.56_f0114.jpg,data_collection/candidates_additional/12984266_1920_1080_25fps_t04.56_f0114.jpg,12984266_1920_1080_25fps.mp4,4.56,114,1920,1080,2
12984266_1920_1080_25fps_t04.80_f0120.jpg,data_collection/candidates/12984266_1920_1080_25fps_t04.80_f0120.jpg,12984266_1920_1080_25fps.mp4,4.80,120,1920,1080,1
12984266_1920_1080_25fps_t05.04_f0126.jpg,data_collection/candidates_additional/12984266_1920_1080_25fps_t05.04_f0126.jpg,12984266_1920_1080_25fps.mp4,5.04,126,1920,1080,2
12984266_1920_1080_25fps_t05.28_f0132.jpg,data_collection/candidates/12984266_1920_1080_25fps_t05.28_f0132.jpg,12984266_1920_1080_25fps.mp4,5.28,132,1920,1080,1
12984266_1920_1080_25fps_t05.52_f0138.jpg,data_collection/candidates_additional/12984266_1920_1080_25fps_t05.52_f0138.jpg,12984266_1920_1080_25fps.mp4,5.52,138,1920,1080,2
12984266_1920_1080_25fps_t05.76_f0144.jpg,data_collection/candidates/12984266_1920_1080_25fps_t05.76_f0144.jpg,12984266_1920_1080_25fps.mp4,5.76,144,1920,1080,1
12984266_1920_1080_25fps_t06.00_f0150.jpg,data_collection/candidates_additional/12984266_1920_1080_25fps_t06.00_f0150.jpg,12984266_1920_1080_25fps.mp4,6.00,150,1920,1080,2
12984266_1920_1080_25fps_t06.24_f0156.jpg,data_collection/candidates/12984266_1920_1080_25fps_t06.24_f0156.jpg,12984266_1920_1080_25fps.mp4,6.24,156,1920,1080,1
12984266_1920_1080_25fps_t06.48_f0162.jpg,data_collection/candidates_additional/12984266_1920_1080_25fps_t06.48_f0162.jpg,12984266_1920_1080_25fps.mp4,6.48,162,1920,1080,2
12984266_1920_1080_25fps_t06.72_f0168.jpg,data_collection/candidates/12984266_1920_1080_25fps_t06.72_f0168.jpg,12984266_1920_1080_25fps.mp4,6.72,168,1920,1080,1
12984266_1920_1080_25fps_t06.96_f0174.jpg,data_collection/candidates_additional/12984266_1920_1080_25fps_t06.96_f0174.jpg,12984266_1920_1080_25fps.mp4,6.96,174,1920,1080,2
12984266_1920_1080_25fps_t07.20_f0180.jpg,data_collection/candidates/12984266_1920_1080_25fps_t07.20_f0180.jpg,12984266_1920_1080_25fps.mp4,7.20,180,1920,1080,1
12984266_1920_1080_25fps_t07.44_f0186.jpg,data_collection/candidates_additional/12984266_1920_1080_25fps_t07.44_f0186.jpg,12984266_1920_1080_25fps.mp4,7.44,186,1920,1080,2
12984266_1920_1080_25fps_t07.68_f0192.jpg,data_collection/candidates/12984266_1920_1080_25fps_t07.68_f0192.jpg,12984266_1920_1080_25fps.mp4,7.68,192,1920,1080,1
12984266_1920_1080_25fps_t07.92_f0198.jpg,data_collection/candidates_additional/12984266_1920_1080_25fps_t07.92_f0198.jpg,12984266_1920_1080_25fps.mp4,7.92,198,1920,1080,2
12984266_1920_1080_25fps_t08.16_f0204.jpg,data_collection/candidates/12984266_1920_1080_25fps_t08.16_f0204.jpg,12984266_1920_1080_25fps.mp4,8.16,204,1920,1080,1
12984266_1920_1080_25fps_t08.40_f0210.jpg,data_collection/candidates_additional/12984266_1920_1080_25fps_t08.40_f0210.jpg,12984266_1920_1080_25fps.mp4,8.40,210,1920,1080,2
12984266_1920_1080_25fps_t08.64_f0216.jpg,data_collection/candidates/12984266_1920_1080_25fps_t08.64_f0216.jpg,12984266_1920_1080_25fps.mp4,8.64,216,1920,1080,1
12984266_1920_1080_25fps_t08.88_f0222.jpg,data_collection/candidates_additional/12984266_1920_1080_25fps_t08.88_f0222.jpg,12984266_1920_1080_25fps.mp4,8.88,222,1920,1080,2
12984266_1920_1080_25fps_t09.12_f0228.jpg,data_collection/candidates/12984266_1920_1080_25fps_t09.12_f0228.jpg,12984266_1920_1080_25fps.mp4,9.12,228,1920,1080,1
12984266_1920_1080_25fps_t09.36_f0234.jpg,data_collection/candidates_additional/12984266_1920_1080_25fps_t09.36_f0234.jpg,12984266_1920_1080_25fps.mp4,9.36,234,1920,1080,2
12984266_1920_1080_25fps_t09.60_f0240.jpg,data_collection/candidates/12984266_1920_1080_25fps_t09.60_f0240.jpg,12984266_1920_1080_25fps.mp4,9.60,240,1920,1080,1
12984266_1920_1080_25fps_t09.84_f0246.jpg,data_collection/candidates_additional/12984266_1920_1080_25fps_t09.84_f0246.jpg,12984266_1920_1080_25fps.mp4,9.84,246,1920,1080,2
12984266_1920_1080_25fps_t10.08_f0252.jpg,data_collection/candidates/12984266_1920_1080_25fps_t10.08_f0252.jpg,12984266_1920_1080_25fps.mp4,10.08,252,1920,1080,1
12984266_1920_1080_25fps_t10.32_f0258.jpg,data_collection/candidates_additional/12984266_1920_1080_25fps_t10.32_f0258.jpg,12984266_1920_1080_25fps.mp4,10.32,258,1920,1080,2
12984266_1920_1080_25fps_t10.56_f0264.jpg,data_collection/candidates/12984266_1920_1080_25fps_t10.56_f0264.jpg,12984266_1920_1080_25fps.mp4,10.56,264,1920,1080,1
12984266_1920_1080_25fps_t10.80_f0270.jpg,data_collection/candidates_additional/12984266_1920_1080_25fps_t10.80_f0270.jpg,12984266_1920_1080_25fps.mp4,10.80,270,1920,1080,2
12984266_1920_1080_25fps_t11.04_f0276.jpg,data_collection/candidates/12984266_1920_1080_25fps_t11.04_f0276.jpg,12984266_1920_1080_25fps.mp4,11.04,276,1920,1080,1
12984266_1920_1080_25fps_t11.28_f0282.jpg,data_collection/candidates_additional/12984266_1920_1080_25fps_t11.28_f0282.jpg,12984266_1920_1080_25fps.mp4,11.28,282,1920,1080,2
12984266_1920_1080_25fps_t11.52_f0288.jpg,data_collection/candidates/12984266_1920_1080_25fps_t11.52_f0288.jpg,12984266_1920_1080_25fps.mp4,11.52,288,1920,1080,1
12984266_1920_1080_25fps_t11.76_f0294.jpg,data_collection/candidates_additional/12984266_1920_1080_25fps_t11.76_f0294.jpg,12984266_1920_1080_25fps.mp4,11.76,294,1920,1080,2
12984266_1920_1080_25fps_t12.00_f0300.jpg,data_collection/candidates/12984266_1920_1080_25fps_t12.00_f0300.jpg,12984266_1920_1080_25fps.mp4,12.00,300,1920,1080,1
12984266_1920_1080_25fps_t12.24_f0306.jpg,data_collection/candidates_additional/12984266_1920_1080_25fps_t12.24_f0306.jpg,12984266_1920_1080_25fps.mp4,12.24,306,1920,1080,2
12984266_1920_1080_25fps_t12.48_f0312.jpg,data_collection/candidates/12984266_1920_1080_25fps_t12.48_f0312.jpg,12984266_1920_1080_25fps.mp4,12.48,312,1920,1080,1
12984266_1920_1080_25fps_t12.72_f0318.jpg,data_collection/candidates_additional/12984266_1920_1080_25fps_t12.72_f0318.jpg,12984266_1920_1080_25fps.mp4,12.72,318,1920,1080,2
12984266_1920_1080_25fps_t12.96_f0324.jpg,data_collection/candidates/12984266_1920_1080_25fps_t12.96_f0324.jpg,12984266_1920_1080_25fps.mp4,12.96,324,1920,1080,1
12984266_1920_1080_25fps_t13.20_f0330.jpg,data_collection/candidates_additional/12984266_1920_1080_25fps_t13.20_f0330.jpg,12984266_1920_1080_25fps.mp4,13.20,330,1920,1080,2
12984266_1920_1080_25fps_t13.44_f0336.jpg,data_collection/candidates/12984266_1920_1080_25fps_t13.44_f0336.jpg,12984266_1920_1080_25fps.mp4,13.44,336,1920,1080,1
12984266_1920_1080_25fps_t13.68_f0342.jpg,data_collection/candidates_additional/12984266_1920_1080_25fps_t13.68_f0342.jpg,12984266_1920_1080_25fps.mp4,13.68,342,1920,1080,2
12984266_1920_1080_25fps_t13.92_f0348.jpg,data_collection/candidates/12984266_1920_1080_25fps_t13.92_f0348.jpg,12984266_1920_1080_25fps.mp4,13.92,348,1920,1080,1
12984266_1920_1080_25fps_t14.16_f0354.jpg,data_collection/candidates_additional/12984266_1920_1080_25fps_t14.16_f0354.jpg,12984266_1920_1080_25fps.mp4,14.16,354,1920,1080,2
12984266_1920_1080_25fps_t14.40_f0360.jpg,data_collection/candidates/12984266_1920_1080_25fps_t14.40_f0360.jpg,12984266_1920_1080_25fps.mp4,14.40,360,1920,1080,1
12984266_1920_1080_25fps_t14.64_f0366.jpg,data_collection/candidates_additional/12984266_1920_1080_25fps_t14.64_f0366.jpg,12984266_1920_1080_25fps.mp4,14.64,366,1920,1080,2
12984266_1920_1080_25fps_t14.88_f0372.jpg,data_collection/candidates/12984266_1920_1080_25fps_t14.88_f0372.jpg,12984266_1920_1080_25fps.mp4,14.88,372,1920,1080,1
12984266_1920_1080_25fps_t15.12_f0378.jpg,data_collection/candidates_additional/12984266_1920_1080_25fps_t15.12_f0378.jpg,12984266_1920_1080_25fps.mp4,15.12,378,1920,1080,2
12984266_1920_1080_25fps_t15.36_f0384.jpg,data_collection/candidates/12984266_1920_1080_25fps_t15.36_f0384.jpg,12984266_1920_1080_25fps.mp4,15.36,384,1920,1080,1
12984266_1920_1080_25fps_t15.60_f0390.jpg,data_collection/candidates_additional/12984266_1920_1080_25fps_t15.60_f0390.jpg,12984266_1920_1080_25fps.mp4,15.60,390,1920,1080,2
12984266_1920_1080_25fps_t15.84_f0396.jpg,data_collection/candidates/12984266_1920_1080_25fps_t15.84_f0396.jpg,12984266_1920_1080_25fps.mp4,15.84,396,1920,1080,1
12984266_1920_1080_25fps_t16.08_f0402.jpg,data_collection/candidates_additional/12984266_1920_1080_25fps_t16.08_f0402.jpg,12984266_1920_1080_25fps.mp4,16.08,402,1920,1080,2
12984266_1920_1080_25fps_t16.32_f0408.jpg,data_collection/candidates/12984266_1920_1080_25fps_t16.32_f0408.jpg,12984266_1920_1080_25fps.mp4,16.32,408,1920,1080,1
12984266_1920_1080_25fps_t16.56_f0414.jpg,data_collection/candidates_additional/12984266_1920_1080_25fps_t16.56_f0414.jpg,12984266_1920_1080_25fps.mp4,16.56,414,1920,1080,2
12984266_1920_1080_25fps_t16.80_f0420.jpg,data_collection/candidates/12984266_1920_1080_25fps_t16.80_f0420.jpg,12984266_1920_1080_25fps.mp4,16.80,420,1920,1080,1
12984266_1920_1080_25fps_t17.04_f0426.jpg,data_collection/candidates_additional/12984266_1920_1080_25fps_t17.04_f0426.jpg,12984266_1920_1080_25fps.mp4,17.04,426,1920,1080,2
12984266_1920_1080_25fps_t17.28_f0432.jpg,data_collection/candidates/12984266_1920_1080_25fps_t17.28_f0432.jpg,12984266_1920_1080_25fps.mp4,17.28,432,1920,1080,1
12984266_1920_1080_25fps_t17.52_f0438.jpg,data_collection/candidates_additional/12984266_1920_1080_25fps_t17.52_f0438.jpg,12984266_1920_1080_25fps.mp4,17.52,438,1920,1080,2
12984266_1920_1080_25fps_t17.76_f0444.jpg,data_collection/candidates/12984266_1920_1080_25fps_t17.76_f0444.jpg,12984266_1920_1080_25fps.mp4,17.76,444,1920,1080,1
12984266_1920_1080_25fps_t18.00_f0450.jpg,data_collection/candidates_additional/12984266_1920_1080_25fps_t18.00_f0450.jpg,12984266_1920_1080_25fps.mp4,18.00,450,1920,1080,2
12984266_1920_1080_25fps_t18.24_f0456.jpg,data_collection/candidates/12984266_1920_1080_25fps_t18.24_f0456.jpg,12984266_1920_1080_25fps.mp4,18.24,456,1920,1080,1
12984266_1920_1080_25fps_t18.48_f0462.jpg,data_collection/candidates_additional/12984266_1920_1080_25fps_t18.48_f0462.jpg,12984266_1920_1080_25fps.mp4,18.48,462,1920,1080,2
12984266_1920_1080_25fps_t18.72_f0468.jpg,data_collection/candidates/12984266_1920_1080_25fps_t18.72_f0468.jpg,12984266_1920_1080_25fps.mp4,18.72,468,1920,1080,1
12984266_1920_1080_25fps_t18.96_f0474.jpg,data_collection/candidates_additional/12984266_1920_1080_25fps_t18.96_f0474.jpg,12984266_1920_1080_25fps.mp4,18.96,474,1920,1080,2
12984266_1920_1080_25fps_t19.20_f0480.jpg,data_collection/candidates/12984266_1920_1080_25fps_t19.20_f0480.jpg,12984266_1920_1080_25fps.mp4,19.20,480,1920,1080,1
12984266_1920_1080_25fps_t19.44_f0486.jpg,data_collection/candidates_additional/12984266_1920_1080_25fps_t19.44_f0486.jpg,12984266_1920_1080_25fps.mp4,19.44,486,1920,1080,2
12984266_1920_1080_25fps_t19.68_f0492.jpg,data_collection/candidates/12984266_1920_1080_25fps_t19.68_f0492.jpg,12984266_1920_1080_25fps.mp4,19.68,492,1920,1080,1
12984266_1920_1080_25fps_t19.92_f0498.jpg,data_collection/candidates_additional/12984266_1920_1080_25fps_t19.92_f0498.jpg,12984266_1920_1080_25fps.mp4,19.92,498,1920,1080,2
12984266_1920_1080_25fps_t20.16_f0504.jpg,data_collection/candidates/12984266_1920_1080_25fps_t20.16_f0504.jpg,12984266_1920_1080_25fps.mp4,20.16,504,1920,1080,1
12984266_1920_1080_25fps_t20.40_f0510.jpg,data_collection/candidates_additional/12984266_1920_1080_25fps_t20.40_f0510.jpg,12984266_1920_1080_25fps.mp4,20.40,510,1920,1080,2
12984266_1920_1080_25fps_t20.64_f0516.jpg,data_collection/candidates/12984266_1920_1080_25fps_t20.64_f0516.jpg,12984266_1920_1080_25fps.mp4,20.64,516,1920,1080,1
12984266_1920_1080_25fps_t20.88_f0522.jpg,data_collection/candidates_additional/12984266_1920_1080_25fps_t20.88_f0522.jpg,12984266_1920_1080_25fps.mp4,20.88,522,1920,1080,2
12984266_1920_1080_25fps_t21.12_f0528.jpg,data_collection/candidates/12984266_1920_1080_25fps_t21.12_f0528.jpg,12984266_1920_1080_25fps.mp4,21.12,528,1920,1080,1
12984266_1920_1080_25fps_t21.36_f0534.jpg,data_collection/candidates_additional/12984266_1920_1080_25fps_t21.36_f0534.jpg,12984266_1920_1080_25fps.mp4,21.36,534,1920,1080,2
12984266_1920_1080_25fps_t21.60_f0540.jpg,data_collection/candidates/12984266_1920_1080_25fps_t21.60_f0540.jpg,12984266_1920_1080_25fps.mp4,21.60,540,1920,1080,1
12984266_1920_1080_25fps_t21.84_f0546.jpg,data_collection/candidates_additional/12984266_1920_1080_25fps_t21.84_f0546.jpg,12984266_1920_1080_25fps.mp4,21.84,546,1920,1080,2
12984266_1920_1080_25fps_t22.08_f0552.jpg,data_collection/candidates/12984266_1920_1080_25fps_t22.08_f0552.jpg,12984266_1920_1080_25fps.mp4,22.08,552,1920,1080,1
12984266_1920_1080_25fps_t22.32_f0558.jpg,data_collection/candidates_additional/12984266_1920_1080_25fps_t22.32_f0558.jpg,12984266_1920_1080_25fps.mp4,22.32,558,1920,1080,2
12984266_1920_1080_25fps_t22.56_f0564.jpg,data_collection/candidates/12984266_1920_1080_25fps_t22.56_f0564.jpg,12984266_1920_1080_25fps.mp4,22.56,564,1920,1080,1
12984266_1920_1080_25fps_t22.80_f0570.jpg,data_collection/candidates_additional/12984266_1920_1080_25fps_t22.80_f0570.jpg,12984266_1920_1080_25fps.mp4,22.80,570,1920,1080,2
12984266_1920_1080_25fps_t23.04_f0576.jpg,data_collection/candidates/12984266_1920_1080_25fps_t23.04_f0576.jpg,12984266_1920_1080_25fps.mp4,23.04,576,1920,1080,1
12984266_1920_1080_25fps_t23.28_f0582.jpg,data_collection/candidates_additional/12984266_1920_1080_25fps_t23.28_f0582.jpg,12984266_1920_1080_25fps.mp4,23.28,582,1920,1080,2
12984266_1920_1080_25fps_t23.52_f0588.jpg,data_collection/candidates/12984266_1920_1080_25fps_t23.52_f0588.jpg,12984266_1920_1080_25fps.mp4,23.52,588,1920,1080,1
12984266_1920_1080_25fps_t23.76_f0594.jpg,data_collection/candidates_additional/12984266_1920_1080_25fps_t23.76_f0594.jpg,12984266_1920_1080_25fps.mp4,23.76,594,1920,1080,2
12984266_1920_1080_25fps_t24.00_f0600.jpg,data_collection/candidates/12984266_1920_1080_25fps_t24.00_f0600.jpg,12984266_1920_1080_25fps.mp4,24.00,600,1920,1080,1
12984266_1920_1080_25fps_t24.24_f0606.jpg,data_collection/candidates_additional/12984266_1920_1080_25fps_t24.24_f0606.jpg,12984266_1920_1080_25fps.mp4,24.24,606,1920,1080,2
12984266_1920_1080_25fps_t24.48_f0612.jpg,data_collection/candidates/12984266_1920_1080_25fps_t24.48_f0612.jpg,12984266_1920_1080_25fps.mp4,24.48,612,1920,1080,1
12984266_1920_1080_25fps_t24.72_f0618.jpg,data_collection/candidates_additional/12984266_1920_1080_25fps_t24.72_f0618.jpg,12984266_1920_1080_25fps.mp4,24.72,618,1920,1080,2
12984266_1920_1080_25fps_t24.96_f0624.jpg,data_collection/candidates/12984266_1920_1080_25fps_t24.96_f0624.jpg,12984266_1920_1080_25fps.mp4,24.96,624,1920,1080,1
12984266_1920_1080_25fps_t25.20_f0630.jpg,data_collection/candidates_additional/12984266_1920_1080_25fps_t25.20_f0630.jpg,12984266_1920_1080_25fps.mp4,25.20,630,1920,1080,2
12984266_1920_1080_25fps_t25.44_f0636.jpg,data_collection/candidates/12984266_1920_1080_25fps_t25.44_f0636.jpg,12984266_1920_1080_25fps.mp4,25.44,636,1920,1080,1
12984266_1920_1080_25fps_t25.68_f0642.jpg,data_collection/candidates_additional/12984266_1920_1080_25fps_t25.68_f0642.jpg,12984266_1920_1080_25fps.mp4,25.68,642,1920,1080,2
12984266_1920_1080_25fps_t25.92_f0648.jpg,data_collection/candidates/12984266_1920_1080_25fps_t25.92_f0648.jpg,12984266_1920_1080_25fps.mp4,25.92,648,1920,1080,1
12984266_1920_1080_25fps_t26.16_f0654.jpg,data_collection/candidates_additional/12984266_1920_1080_25fps_t26.16_f0654.jpg,12984266_1920_1080_25fps.mp4,26.16,654,1920,1080,2
12984266_1920_1080_25fps_t26.40_f0660.jpg,data_collection/candidates/12984266_1920_1080_25fps_t26.40_f0660.jpg,12984266_1920_1080_25fps.mp4,26.40,660,1920,1080,1
12984266_1920_1080_25fps_t26.64_f0666.jpg,data_collection/candidates_additional/12984266_1920_1080_25fps_t26.64_f0666.jpg,12984266_1920_1080_25fps.mp4,26.64,666,1920,1080,2
12984266_1920_1080_25fps_t26.88_f0672.jpg,data_collection/candidates/12984266_1920_1080_25fps_t26.88_f0672.jpg,12984266_1920_1080_25fps.mp4,26.88,672,1920,1080,1
12984266_1920_1080_25fps_t27.12_f0678.jpg,data_collection/candidates_additional/12984266_1920_1080_25fps_t27.12_f0678.jpg,12984266_1920_1080_25fps.mp4,27.12,678,1920,1080,2
12984266_1920_1080_25fps_t27.36_f0684.jpg,data_collection/candidates/12984266_1920_1080_25fps_t27.36_f0684.jpg,12984266_1920_1080_25fps.mp4,27.36,684,1920,1080,1
12984266_1920_1080_25fps_t27.60_f0690.jpg,data_collection/candidates_additional/12984266_1920_1080_25fps_t27.60_f0690.jpg,12984266_1920_1080_25fps.mp4,27.60,690,1920,1080,2
12984266_1920_1080_25fps_t27.84_f0696.jpg,data_collection/candidates/12984266_1920_1080_25fps_t27.84_f0696.jpg,12984266_1920_1080_25fps.mp4,27.84,696,1920,1080,1
12984266_1920_1080_25fps_t28.08_f0702.jpg,data_collection/candidates_additional/12984266_1920_1080_25fps_t28.08_f0702.jpg,12984266_1920_1080_25fps.mp4,28.08,702,1920,1080,2
12984266_1920_1080_25fps_t28.32_f0708.jpg,data_collection/candidates/12984266_1920_1080_25fps_t28.32_f0708.jpg,12984266_1920_1080_25fps.mp4,28.32,708,1920,1080,1
12984266_1920_1080_25fps_t28.56_f0714.jpg,data_collection/candidates_additional/12984266_1920_1080_25fps_t28.56_f0714.jpg,12984266_1920_1080_25fps.mp4,28.56,714,1920,1080,2
12984266_1920_1080_25fps_t28.80_f0720.jpg,data_collection/candidates/12984266_1920_1080_25fps_t28.80_f0720.jpg,12984266_1920_1080_25fps.mp4,28.80,720,1920,1080,1
12984266_1920_1080_25fps_t29.04_f0726.jpg,data_collection/candidates_additional/12984266_1920_1080_25fps_t29.04_f0726.jpg,12984266_1920_1080_25fps.mp4,29.04,726,1920,1080,2
12984266_1920_1080_25fps_t29.28_f0732.jpg,data_collection/candidates/12984266_1920_1080_25fps_t29.28_f0732.jpg,12984266_1920_1080_25fps.mp4,29.28,732,1920,1080,1
12984266_1920_1080_25fps_t29.52_f0738.jpg,data_collection/candidates_additional/12984266_1920_1080_25fps_t29.52_f0738.jpg,12984266_1920_1080_25fps.mp4,29.52,738,1920,1080,2
12984266_1920_1080_25fps_t29.76_f0744.jpg,data_collection/candidates/12984266_1920_1080_25fps_t29.76_f0744.jpg,12984266_1920_1080_25fps.mp4,29.76,744,1920,1080,1
12984266_1920_1080_25fps_t30.00_f0750.jpg,data_collection/candidates_additional/12984266_1920_1080_25fps_t30.00_f0750.jpg,12984266_1920_1080_25fps.mp4,30.00,750,1920,1080,2
12984266_1920_1080_25fps_t30.24_f0756.jpg,data_collection/candidates/12984266_1920_1080_25fps_t30.24_f0756.jpg,12984266_1920_1080_25fps.mp4,30.24,756,1920,1080,1
12984266_1920_1080_25fps_t30.48_f0762.jpg,data_collection/candidates_additional/12984266_1920_1080_25fps_t30.48_f0762.jpg,12984266_1920_1080_25fps.mp4,30.48,762,1920,1080,2
12984266_1920_1080_25fps_t30.72_f0768.jpg,data_collection/candidates/12984266_1920_1080_25fps_t30.72_f0768.jpg,12984266_1920_1080_25fps.mp4,30.72,768,1920,1080,1
12984266_1920_1080_25fps_t30.96_f0774.jpg,data_collection/candidates_additional/12984266_1920_1080_25fps_t30.96_f0774.jpg,12984266_1920_1080_25fps.mp4,30.96,774,1920,1080,2
12984266_1920_1080_25fps_t31.20_f0780.jpg,data_collection/candidates/12984266_1920_1080_25fps_t31.20_f0780.jpg,12984266_1920_1080_25fps.mp4,31.20,780,1920,1080,1
12984266_1920_1080_25fps_t31.44_f0786.jpg,data_collection/candidates_additional/12984266_1920_1080_25fps_t31.44_f0786.jpg,12984266_1920_1080_25fps.mp4,31.44,786,1920,1080,2
12984266_1920_1080_25fps_t31.68_f0792.jpg,data_collection/candidates/12984266_1920_1080_25fps_t31.68_f0792.jpg,12984266_1920_1080_25fps.mp4,31.68,792,1920,1080,1
12984266_1920_1080_25fps_t31.92_f0798.jpg,data_collection/candidates_additional/12984266_1920_1080_25fps_t31.92_f0798.jpg,12984266_1920_1080_25fps.mp4,31.92,798,1920,1080,2
12984266_1920_1080_25fps_t32.16_f0804.jpg,data_collection/candidates/12984266_1920_1080_25fps_t32.16_f0804.jpg,12984266_1920_1080_25fps.mp4,32.16,804,1920,1080,1
12984266_1920_1080_25fps_t32.40_f0810.jpg,data_collection/candidates_additional/12984266_1920_1080_25fps_t32.40_f0810.jpg,12984266_1920_1080_25fps.mp4,32.40,810,1920,1080,2
12984266_1920_1080_25fps_t32.64_f0816.jpg,data_collection/candidates/12984266_1920_1080_25fps_t32.64_f0816.jpg,12984266_1920_1080_25fps.mp4,32.64,816,1920,1080,1
12984266_1920_1080_25fps_t32.88_f0822.jpg,data_collection/candidates_additional/12984266_1920_1080_25fps_t32.88_f0822.jpg,12984266_1920_1080_25fps.mp4,32.88,822,1920,1080,2
12984266_1920_1080_25fps_t33.12_f0828.jpg,data_collection/candidates/12984266_1920_1080_25fps_t33.12_f0828.jpg,12984266_1920_1080_25fps.mp4,33.12,828,1920,1080,1
12984266_1920_1080_25fps_t33.36_f0834.jpg,data_collection/candidates_additional/12984266_1920_1080_25fps_t33.36_f0834.jpg,12984266_1920_1080_25fps.mp4,33.36,834,1920,1080,2
12984266_1920_1080_25fps_t33.60_f0840.jpg,data_collection/candidates/12984266_1920_1080_25fps_t33.60_f0840.jpg,12984266_1920_1080_25fps.mp4,33.60,840,1920,1080,1
12984266_1920_1080_25fps_t33.84_f0846.jpg,data_collection/candidates_additional/12984266_1920_1080_25fps_t33.84_f0846.jpg,12984266_1920_1080_25fps.mp4,33.84,846,1920,1080,2
12984266_1920_1080_25fps_t34.08_f0852.jpg,data_collection/candidates/12984266_1920_1080_25fps_t34.08_f0852.jpg,12984266_1920_1080_25fps.mp4,34.08,852,1920,1080,1
12984266_1920_1080_25fps_t34.32_f0858.jpg,data_collection/candidates_additional/12984266_1920_1080_25fps_t34.32_f0858.jpg,12984266_1920_1080_25fps.mp4,34.32,858,1920,1080,2
12984266_1920_1080_25fps_t34.56_f0864.jpg,data_collection/candidates/12984266_1920_1080_25fps_t34.56_f0864.jpg,12984266_1920_1080_25fps.mp4,34.56,864,1920,1080,1
12984266_1920_1080_25fps_t34.80_f0870.jpg,data_collection/candidates_additional/12984266_1920_1080_25fps_t34.80_f0870.jpg,12984266_1920_1080_25fps.mp4,34.80,870,1920,1080,2
12984266_1920_1080_25fps_t35.04_f0876.jpg,data_collection/candidates/12984266_1920_1080_25fps_t35.04_f0876.jpg,12984266_1920_1080_25fps.mp4,35.04,876,1920,1080,1
12984266_1920_1080_25fps_t35.28_f0882.jpg,data_collection/candidates_additional/12984266_1920_1080_25fps_t35.28_f0882.jpg,12984266_1920_1080_25fps.mp4,35.28,882,1920,1080,2
12984266_1920_1080_25fps_t35.52_f0888.jpg,data_collection/candidates/12984266_1920_1080_25fps_t35.52_f0888.jpg,12984266_1920_1080_25fps.mp4,35.52,888,1920,1080,1
12984266_1920_1080_25fps_t35.76_f0894.jpg,data_collection/candidates_additional/12984266_1920_1080_25fps_t35.76_f0894.jpg,12984266_1920_1080_25fps.mp4,35.76,894,1920,1080,2
12984266_1920_1080_25fps_t36.00_f0900.jpg,data_collection/candidates/12984266_1920_1080_25fps_t36.00_f0900.jpg,12984266_1920_1080_25fps.mp4,36.00,900,1920,1080,1
12984266_1920_1080_25fps_t36.24_f0906.jpg,data_collection/candidates_additional/12984266_1920_1080_25fps_t36.24_f0906.jpg,12984266_1920_1080_25fps.mp4,36.24,906,1920,1080,2
12984266_1920_1080_25fps_t36.48_f0912.jpg,data_collection/candidates/12984266_1920_1080_25fps_t36.48_f0912.jpg,12984266_1920_1080_25fps.mp4,36.48,912,1920,1080,1
12984266_1920_1080_25fps_t36.72_f0918.jpg,data_collection/candidates_additional/12984266_1920_1080_25fps_t36.72_f0918.jpg,12984266_1920_1080_25fps.mp4,36.72,918,1920,1080,2
12984266_1920_1080_25fps_t36.96_f0924.jpg,data_collection/candidates/12984266_1920_1080_25fps_t36.96_f0924.jpg,12984266_1920_1080_25fps.mp4,36.96,924,1920,1080,1
12984266_1920_1080_25fps_t37.20_f0930.jpg,data_collection/candidates_additional/12984266_1920_1080_25fps_t37.20_f0930.jpg,12984266_1920_1080_25fps.mp4,37.20,930,1920,1080,2
12984266_1920_1080_25fps_t37.44_f0936.jpg,data_collection/candidates/12984266_1920_1080_25fps_t37.44_f0936.jpg,12984266_1920_1080_25fps.mp4,37.44,936,1920,1080,1
12984266_1920_1080_25fps_t37.68_f0942.jpg,data_collection/candidates_additional/12984266_1920_1080_25fps_t37.68_f0942.jpg,12984266_1920_1080_25fps.mp4,37.68,942,1920,1080,2
12984266_1920_1080_25fps_t37.92_f0948.jpg,data_collection/candidates/12984266_1920_1080_25fps_t37.92_f0948.jpg,12984266_1920_1080_25fps.mp4,37.92,948,1920,1080,1
12984266_1920_1080_25fps_t38.16_f0954.jpg,data_collection/candidates_additional/12984266_1920_1080_25fps_t38.16_f0954.jpg,12984266_1920_1080_25fps.mp4,38.16,954,1920,1080,2
12984266_1920_1080_25fps_t38.40_f0960.jpg,data_collection/candidates/12984266_1920_1080_25fps_t38.40_f0960.jpg,12984266_1920_1080_25fps.mp4,38.40,960,1920,1080,1
12984266_1920_1080_25fps_t38.64_f0966.jpg,data_collection/candidates_additional/12984266_1920_1080_25fps_t38.64_f0966.jpg,12984266_1920_1080_25fps.mp4,38.64,966,1920,1080,2
12984266_1920_1080_25fps_t38.88_f0972.jpg,data_collection/candidates/12984266_1920_1080_25fps_t38.88_f0972.jpg,12984266_1920_1080_25fps.mp4,38.88,972,1920,1080,1
12984266_1920_1080_25fps_t39.12_f0978.jpg,data_collection/candidates_additional/12984266_1920_1080_25fps_t39.12_f0978.jpg,12984266_1920_1080_25fps.mp4,39.12,978,1920,1080,2
12984266_1920_1080_25fps_t39.36_f0984.jpg,data_collection/candidates/12984266_1920_1080_25fps_t39.36_f0984.jpg,12984266_1920_1080_25fps.mp4,39.36,984,1920,1080,1
12984266_1920_1080_25fps_t39.60_f0990.jpg,data_collection/candidates_additional/12984266_1920_1080_25fps_t39.60_f0990.jpg,12984266_1920_1080_25fps.mp4,39.60,990,1920,1080,2
12984266_1920_1080_25fps_t39.84_f0996.jpg,data_collection/candidates/12984266_1920_1080_25fps_t39.84_f0996.jpg,12984266_1920_1080_25fps.mp4,39.84,996,1920,1080,1
12984266_1920_1080_25fps_t40.08_f1002.jpg,data_collection/candidates_additional/12984266_1920_1080_25fps_t40.08_f1002.jpg,12984266_1920_1080_25fps.mp4,40.08,1002,1920,1080,2
12984266_1920_1080_25fps_t40.32_f1008.jpg,data_collection/candidates/12984266_1920_1080_25fps_t40.32_f1008.jpg,12984266_1920_1080_25fps.mp4,40.32,1008,1920,1080,1
12984266_1920_1080_25fps_t40.56_f1014.jpg,data_collection/candidates_additional/12984266_1920_1080_25fps_t40.56_f1014.jpg,12984266_1920_1080_25fps.mp4,40.56,1014,1920,1080,2
12984266_1920_1080_25fps_t40.80_f1020.jpg,data_collection/candidates/12984266_1920_1080_25fps_t40.80_f1020.jpg,12984266_1920_1080_25fps.mp4,40.80,1020,1920,1080,1
12984266_1920_1080_25fps_t41.04_f1026.jpg,data_collection/candidates_additional/12984266_1920_1080_25fps_t41.04_f1026.jpg,12984266_1920_1080_25fps.mp4,41.04,1026,1920,1080,2
12984266_1920_1080_25fps_t41.28_f1032.jpg,data_collection/candidates/12984266_1920_1080_25fps_t41.28_f1032.jpg,12984266_1920_1080_25fps.mp4,41.28,1032,1920,1080,1
12984266_1920_1080_25fps_t41.52_f1038.jpg,data_collection/candidates_additional/12984266_1920_1080_25fps_t41.52_f1038.jpg,12984266_1920_1080_25fps.mp4,41.52,1038,1920,1080,2
12984266_1920_1080_25fps_t41.76_f1044.jpg,data_collection/candidates/12984266_1920_1080_25fps_t41.76_f1044.jpg,12984266_1920_1080_25fps.mp4,41.76,1044,1920,1080,1
12984266_1920_1080_25fps_t42.00_f1050.jpg,data_collection/candidates_additional/12984266_1920_1080_25fps_t42.00_f1050.jpg,12984266_1920_1080_25fps.mp4,42.00,1050,1920,1080,2
12984266_1920_1080_25fps_t42.24_f1056.jpg,data_collection/candidates/12984266_1920_1080_25fps_t42.24_f1056.jpg,12984266_1920_1080_25fps.mp4,42.24,1056,1920,1080,1
12984266_1920_1080_25fps_t42.48_f1062.jpg,data_collection/candidates_additional/12984266_1920_1080_25fps_t42.48_f1062.jpg,12984266_1920_1080_25fps.mp4,42.48,1062,1920,1080,2
12984266_1920_1080_25fps_t42.72_f1068.jpg,data_collection/candidates/12984266_1920_1080_25fps_t42.72_f1068.jpg,12984266_1920_1080_25fps.mp4,42.72,1068,1920,1080,1
12984266_1920_1080_25fps_t42.96_f1074.jpg,data_collection/candidates_additional/12984266_1920_1080_25fps_t42.96_f1074.jpg,12984266_1920_1080_25fps.mp4,42.96,1074,1920,1080,2
12984266_1920_1080_25fps_t43.20_f1080.jpg,data_collection/candidates/12984266_1920_1080_25fps_t43.20_f1080.jpg,12984266_1920_1080_25fps.mp4,43.20,1080,1920,1080,1
12984266_1920_1080_25fps_t43.44_f1086.jpg,data_collection/candidates_additional/12984266_1920_1080_25fps_t43.44_f1086.jpg,12984266_1920_1080_25fps.mp4,43.44,1086,1920,1080,2
12984266_1920_1080_25fps_t43.68_f1092.jpg,data_collection/candidates/12984266_1920_1080_25fps_t43.68_f1092.jpg,12984266_1920_1080_25fps.mp4,43.68,1092,1920,1080,1
12984266_1920_1080_25fps_t43.92_f1098.jpg,data_collection/candidates_additional/12984266_1920_1080_25fps_t43.92_f1098.jpg,12984266_1920_1080_25fps.mp4,43.92,1098,1920,1080,2
12984266_1920_1080_25fps_t44.16_f1104.jpg,data_collection/candidates/12984266_1920_1080_25fps_t44.16_f1104.jpg,12984266_1920_1080_25fps.mp4,44.16,1104,1920,1080,1
12984266_1920_1080_25fps_t44.40_f1110.jpg,data_collection/candidates_additional/12984266_1920_1080_25fps_t44.40_f1110.jpg,12984266_1920_1080_25fps.mp4,44.40,1110,1920,1080,2
12984266_1920_1080_25fps_t44.64_f1116.jpg,data_collection/candidates/12984266_1920_1080_25fps_t44.64_f1116.jpg,12984266_1920_1080_25fps.mp4,44.64,1116,1920,1080,1
12984266_1920_1080_25fps_t44.88_f1122.jpg,data_collection/candidates_additional/12984266_1920_1080_25fps_t44.88_f1122.jpg,12984266_1920_1080_25fps.mp4,44.88,1122,1920,1080,2
12984266_1920_1080_25fps_t45.12_f1128.jpg,data_collection/candidates/12984266_1920_1080_25fps_t45.12_f1128.jpg,12984266_1920_1080_25fps.mp4,45.12,1128,1920,1080,1
12984266_1920_1080_25fps_t45.36_f1134.jpg,data_collection/candidates_additional/12984266_1920_1080_25fps_t45.36_f1134.jpg,12984266_1920_1080_25fps.mp4,45.36,1134,1920,1080,2
12984266_1920_1080_25fps_t45.60_f1140.jpg,data_collection/candidates/12984266_1920_1080_25fps_t45.60_f1140.jpg,12984266_1920_1080_25fps.mp4,45.60,1140,1920,1080,1
12984266_1920_1080_25fps_t45.84_f1146.jpg,data_collection/candidates_additional/12984266_1920_1080_25fps_t45.84_f1146.jpg,12984266_1920_1080_25fps.mp4,45.84,1146,1920,1080,2
12984266_1920_1080_25fps_t46.08_f1152.jpg,data_collection/candidates/12984266_1920_1080_25fps_t46.08_f1152.jpg,12984266_1920_1080_25fps.mp4,46.08,1152,1920,1080,1
12984266_1920_1080_25fps_t46.32_f1158.jpg,data_collection/candidates_additional/12984266_1920_1080_25fps_t46.32_f1158.jpg,12984266_1920_1080_25fps.mp4,46.32,1158,1920,1080,2
12984266_1920_1080_25fps_t46.56_f1164.jpg,data_collection/candidates/12984266_1920_1080_25fps_t46.56_f1164.jpg,12984266_1920_1080_25fps.mp4,46.56,1164,1920,1080,1
12984266_1920_1080_25fps_t46.80_f1170.jpg,data_collection/candidates_additional/12984266_1920_1080_25fps_t46.80_f1170.jpg,12984266_1920_1080_25fps.mp4,46.80,1170,1920,1080,2
12984266_1920_1080_25fps_t47.04_f1176.jpg,data_collection/candidates/12984266_1920_1080_25fps_t47.04_f1176.jpg,12984266_1920_1080_25fps.mp4,47.04,1176,1920,1080,1
12984266_1920_1080_25fps_t47.28_f1182.jpg,data_collection/candidates_additional/12984266_1920_1080_25fps_t47.28_f1182.jpg,12984266_1920_1080_25fps.mp4,47.28,1182,1920,1080,2
12984266_1920_1080_25fps_t47.52_f1188.jpg,data_collection/candidates/12984266_1920_1080_25fps_t47.52_f1188.jpg,12984266_1920_1080_25fps.mp4,47.52,1188,1920,1080,1
12984266_1920_1080_25fps_t47.76_f1194.jpg,data_collection/candidates_additional/12984266_1920_1080_25fps_t47.76_f1194.jpg,12984266_1920_1080_25fps.mp4,47.76,1194,1920,1080,2
12984266_1920_1080_25fps_t48.00_f1200.jpg,data_collection/candidates/12984266_1920_1080_25fps_t48.00_f1200.jpg,12984266_1920_1080_25fps.mp4,48.00,1200,1920,1080,1
12984266_1920_1080_25fps_t48.24_f1206.jpg,data_collection/candidates_additional/12984266_1920_1080_25fps_t48.24_f1206.jpg,12984266_1920_1080_25fps.mp4,48.24,1206,1920,1080,2
12984266_1920_1080_25fps_t48.48_f1212.jpg,data_collection/candidates/12984266_1920_1080_25fps_t48.48_f1212.jpg,12984266_1920_1080_25fps.mp4,48.48,1212,1920,1080,1
12984266_1920_1080_25fps_t48.72_f1218.jpg,data_collection/candidates_additional/12984266_1920_1080_25fps_t48.72_f1218.jpg,12984266_1920_1080_25fps.mp4,48.72,1218,1920,1080,2
12984266_1920_1080_25fps_t48.96_f1224.jpg,data_collection/candidates/12984266_1920_1080_25fps_t48.96_f1224.jpg,12984266_1920_1080_25fps.mp4,48.96,1224,1920,1080,1
12984266_1920_1080_25fps_t49.20_f1230.jpg,data_collection/candidates_additional/12984266_1920_1080_25fps_t49.20_f1230.jpg,12984266_1920_1080_25fps.mp4,49.20,1230,1920,1080,2
12984266_1920_1080_25fps_t49.44_f1236.jpg,data_collection/candidates/12984266_1920_1080_25fps_t49.44_f1236.jpg,12984266_1920_1080_25fps.mp4,49.44,1236,1920,1080,1
12984266_1920_1080_25fps_t49.68_f1242.jpg,data_collection/candidates_additional/12984266_1920_1080_25fps_t49.68_f1242.jpg,12984266_1920_1080_25fps.mp4,49.68,1242,1920,1080,2
12984266_1920_1080_25fps_t49.92_f1248.jpg,data_collection/candidates/12984266_1920_1080_25fps_t49.92_f1248.jpg,12984266_1920_1080_25fps.mp4,49.92,1248,1920,1080,1
12984266_1920_1080_25fps_t50.16_f1254.jpg,data_collection/candidates_additional/12984266_1920_1080_25fps_t50.16_f1254.jpg,12984266_1920_1080_25fps.mp4,50.16,1254,1920,1080,2
12984266_1920_1080_25fps_t50.40_f1260.jpg,data_collection/candidates/12984266_1920_1080_25fps_t50.40_f1260.jpg,12984266_1920_1080_25fps.mp4,50.40,1260,1920,1080,1
12984266_1920_1080_25fps_t50.64_f1266.jpg,data_collection/candidates_additional/12984266_1920_1080_25fps_t50.64_f1266.jpg,12984266_1920_1080_25fps.mp4,50.64,1266,1920,1080,2
12984266_1920_1080_25fps_t50.88_f1272.jpg,data_collection/candidates/12984266_1920_1080_25fps_t50.88_f1272.jpg,12984266_1920_1080_25fps.mp4,50.88,1272,1920,1080,1
12984266_1920_1080_25fps_t51.12_f1278.jpg,data_collection/candidates_additional/12984266_1920_1080_25fps_t51.12_f1278.jpg,12984266_1920_1080_25fps.mp4,51.12,1278,1920,1080,2
12984266_1920_1080_25fps_t51.36_f1284.jpg,data_collection/candidates/12984266_1920_1080_25fps_t51.36_f1284.jpg,12984266_1920_1080_25fps.mp4,51.36,1284,1920,1080,1
12984266_1920_1080_25fps_t51.60_f1290.jpg,data_collection/candidates_additional/12984266_1920_1080_25fps_t51.60_f1290.jpg,12984266_1920_1080_25fps.mp4,51.60,1290,1920,1080,2
12984266_1920_1080_25fps_t51.84_f1296.jpg,data_collection/candidates/12984266_1920_1080_25fps_t51.84_f1296.jpg,12984266_1920_1080_25fps.mp4,51.84,1296,1920,1080,1
12984266_1920_1080_25fps_t52.08_f1302.jpg,data_collection/candidates_additional/12984266_1920_1080_25fps_t52.08_f1302.jpg,12984266_1920_1080_25fps.mp4,52.08,1302,1920,1080,2
12984266_1920_1080_25fps_t52.32_f1308.jpg,data_collection/candidates/12984266_1920_1080_25fps_t52.32_f1308.jpg,12984266_1920_1080_25fps.mp4,52.32,1308,1920,1080,1
12984266_1920_1080_25fps_t52.56_f1314.jpg,data_collection/candidates_additional/12984266_1920_1080_25fps_t52.56_f1314.jpg,12984266_1920_1080_25fps.mp4,52.56,1314,1920,1080,2
12984266_1920_1080_25fps_t52.80_f1320.jpg,data_collection/candidates/12984266_1920_1080_25fps_t52.80_f1320.jpg,12984266_1920_1080_25fps.mp4,52.80,1320,1920,1080,1
12984266_1920_1080_25fps_t53.04_f1326.jpg,data_collection/candidates_additional/12984266_1920_1080_25fps_t53.04_f1326.jpg,12984266_1920_1080_25fps.mp4,53.04,1326,1920,1080,2
12984266_1920_1080_25fps_t53.28_f1332.jpg,data_collection/candidates/12984266_1920_1080_25fps_t53.28_f1332.jpg,12984266_1920_1080_25fps.mp4,53.28,1332,1920,1080,1
12984266_1920_1080_25fps_t53.52_f1338.jpg,data_collection/candidates_additional/12984266_1920_1080_25fps_t53.52_f1338.jpg,12984266_1920_1080_25fps.mp4,53.52,1338,1920,1080,2
12984266_1920_1080_25fps_t53.76_f1344.jpg,data_collection/candidates/12984266_1920_1080_25fps_t53.76_f1344.jpg,12984266_1920_1080_25fps.mp4,53.76,1344,1920,1080,1
12984266_1920_1080_25fps_t54.00_f1350.jpg,data_collection/candidates_additional/12984266_1920_1080_25fps_t54.00_f1350.jpg,12984266_1920_1080_25fps.mp4,54.00,1350,1920,1080,2
12984266_1920_1080_25fps_t54.24_f1356.jpg,data_collection/candidates/12984266_1920_1080_25fps_t54.24_f1356.jpg,12984266_1920_1080_25fps.mp4,54.24,1356,1920,1080,1
12984266_1920_1080_25fps_t54.48_f1362.jpg,data_collection/candidates_additional/12984266_1920_1080_25fps_t54.48_f1362.jpg,12984266_1920_1080_25fps.mp4,54.48,1362,1920,1080,2
12984266_1920_1080_25fps_t54.72_f1368.jpg,data_collection/candidates/12984266_1920_1080_25fps_t54.72_f1368.jpg,12984266_1920_1080_25fps.mp4,54.72,1368,1920,1080,1
12984266_1920_1080_25fps_t54.96_f1374.jpg,data_collection/candidates_additional/12984266_1920_1080_25fps_t54.96_f1374.jpg,12984266_1920_1080_25fps.mp4,54.96,1374,1920,1080,2
12984266_1920_1080_25fps_t55.20_f1380.jpg,data_collection/candidates/12984266_1920_1080_25fps_t55.20_f1380.jpg,12984266_1920_1080_25fps.mp4,55.20,1380,1920,1080,1
12984266_1920_1080_25fps_t55.44_f1386.jpg,data_collection/candidates_additional/12984266_1920_1080_25fps_t55.44_f1386.jpg,12984266_1920_1080_25fps.mp4,55.44,1386,1920,1080,2
12984266_1920_1080_25fps_t55.68_f1392.jpg,data_collection/candidates/12984266_1920_1080_25fps_t55.68_f1392.jpg,12984266_1920_1080_25fps.mp4,55.68,1392,1920,1080,1
12984266_1920_1080_25fps_t55.92_f1398.jpg,data_collection/candidates_additional/12984266_1920_1080_25fps_t55.92_f1398.jpg,12984266_1920_1080_25fps.mp4,55.92,1398,1920,1080,2
12984266_1920_1080_25fps_t56.16_f1404.jpg,data_collection/candidates/12984266_1920_1080_25fps_t56.16_f1404.jpg,12984266_1920_1080_25fps.mp4,56.16,1404,1920,1080,1
12984266_1920_1080_25fps_t56.40_f1410.jpg,data_collection/candidates_additional/12984266_1920_1080_25fps_t56.40_f1410.jpg,12984266_1920_1080_25fps.mp4,56.40,1410,1920,1080,2
12984266_1920_1080_25fps_t56.64_f1416.jpg,data_collection/candidates/12984266_1920_1080_25fps_t56.64_f1416.jpg,12984266_1920_1080_25fps.mp4,56.64,1416,1920,1080,1
12984266_1920_1080_25fps_t56.88_f1422.jpg,data_collection/candidates_additional/12984266_1920_1080_25fps_t56.88_f1422.jpg,12984266_1920_1080_25fps.mp4,56.88,1422,1920,1080,2
12984266_1920_1080_25fps_t57.12_f1428.jpg,data_collection/candidates/12984266_1920_1080_25fps_t57.12_f1428.jpg,12984266_1920_1080_25fps.mp4,57.12,1428,1920,1080,1
12984266_1920_1080_25fps_t57.36_f1434.jpg,data_collection/candidates_additional/12984266_1920_1080_25fps_t57.36_f1434.jpg,12984266_1920_1080_25fps.mp4,57.36,1434,1920,1080,2
12984266_1920_1080_25fps_t57.60_f1440.jpg,data_collection/candidates/12984266_1920_1080_25fps_t57.60_f1440.jpg,12984266_1920_1080_25fps.mp4,57.60,1440,1920,1080,1
12984266_1920_1080_25fps_t57.84_f1446.jpg,data_collection/candidates_additional/12984266_1920_1080_25fps_t57.84_f1446.jpg,12984266_1920_1080_25fps.mp4,57.84,1446,1920,1080,2
12984266_1920_1080_25fps_t58.08_f1452.jpg,data_collection/candidates/12984266_1920_1080_25fps_t58.08_f1452.jpg,12984266_1920_1080_25fps.mp4,58.08,1452,1920,1080,1
12984266_1920_1080_25fps_t58.32_f1458.jpg,data_collection/candidates_additional/12984266_1920_1080_25fps_t58.32_f1458.jpg,12984266_1920_1080_25fps.mp4,58.32,1458,1920,1080,2
12984266_1920_1080_25fps_t58.56_f1464.jpg,data_collection/candidates/12984266_1920_1080_25fps_t58.56_f1464.jpg,12984266_1920_1080_25fps.mp4,58.56,1464,1920,1080,1
12984266_1920_1080_25fps_t58.80_f1470.jpg,data_collection/candidates_additional/12984266_1920_1080_25fps_t58.80_f1470.jpg,12984266_1920_1080_25fps.mp4,58.80,1470,1920,1080,2
12984266_1920_1080_25fps_t59.04_f1476.jpg,data_collection/candidates/12984266_1920_1080_25fps_t59.04_f1476.jpg,12984266_1920_1080_25fps.mp4,59.04,1476,1920,1080,1
12984266_1920_1080_25fps_t59.28_f1482.jpg,data_collection/candidates_additional/12984266_1920_1080_25fps_t59.28_f1482.jpg,12984266_1920_1080_25fps.mp4,59.28,1482,1920,1080,2
12984266_1920_1080_25fps_t59.52_f1488.jpg,data_collection/candidates/12984266_1920_1080_25fps_t59.52_f1488.jpg,12984266_1920_1080_25fps.mp4,59.52,1488,1920,1080,1
12984266_1920_1080_25fps_t59.76_f1494.jpg,data_collection/candidates_additional/12984266_1920_1080_25fps_t59.76_f1494.jpg,12984266_1920_1080_25fps.mp4,59.76,1494,1920,1080,2
12984266_1920_1080_25fps_t60.00_f1500.jpg,data_collection/candidates/12984266_1920_1080_25fps_t60.00_f1500.jpg,12984266_1920_1080_25fps.mp4,60.00,1500,1920,1080,1
12984266_1920_1080_25fps_t60.24_f1506.jpg,data_collection/candidates_additional/12984266_1920_1080_25fps_t60.24_f1506.jpg,12984266_1920_1080_25fps.mp4,60.24,1506,1920,1080,2
12984266_1920_1080_25fps_t60.48_f1512.jpg,data_collection/candidates/12984266_1920_1080_25fps_t60.48_f1512.jpg,12984266_1920_1080_25fps.mp4,60.48,1512,1920,1080,1
12984266_1920_1080_25fps_t60.72_f1518.jpg,data_collection/candidates_additional/12984266_1920_1080_25fps_t60.72_f1518.jpg,12984266_1920_1080_25fps.mp4,60.72,1518,1920,1080,2
12984266_1920_1080_25fps_t60.96_f1524.jpg,data_collection/candidates/12984266_1920_1080_25fps_t60.96_f1524.jpg,12984266_1920_1080_25fps.mp4,60.96,1524,1920,1080,1
12984266_1920_1080_25fps_t61.20_f1530.jpg,data_collection/candidates_additional/12984266_1920_1080_25fps_t61.20_f1530.jpg,12984266_1920_1080_25fps.mp4,61.20,1530,1920,1080,2
12984266_1920_1080_25fps_t61.44_f1536.jpg,data_collection/candidates/12984266_1920_1080_25fps_t61.44_f1536.jpg,12984266_1920_1080_25fps.mp4,61.44,1536,1920,1080,1
12984266_1920_1080_25fps_t61.68_f1542.jpg,data_collection/candidates_additional/12984266_1920_1080_25fps_t61.68_f1542.jpg,12984266_1920_1080_25fps.mp4,61.68,1542,1920,1080,2
12984266_1920_1080_25fps_t61.92_f1548.jpg,data_collection/candidates/12984266_1920_1080_25fps_t61.92_f1548.jpg,12984266_1920_1080_25fps.mp4,61.92,1548,1920,1080,1
12984266_1920_1080_25fps_t62.16_f1554.jpg,data_collection/candidates_additional/12984266_1920_1080_25fps_t62.16_f1554.jpg,12984266_1920_1080_25fps.mp4,62.16,1554,1920,1080,2
12984266_1920_1080_25fps_t62.40_f1560.jpg,data_collection/candidates/12984266_1920_1080_25fps_t62.40_f1560.jpg,12984266_1920_1080_25fps.mp4,62.40,1560,1920,1080,1
12984266_1920_1080_25fps_t62.64_f1566.jpg,data_collection/candidates_additional/12984266_1920_1080_25fps_t62.64_f1566.jpg,12984266_1920_1080_25fps.mp4,62.64,1566,1920,1080,2
12984266_1920_1080_25fps_t62.88_f1572.jpg,data_collection/candidates/12984266_1920_1080_25fps_t62.88_f1572.jpg,12984266_1920_1080_25fps.mp4,62.88,1572,1920,1080,1
12984266_1920_1080_25fps_t63.12_f1578.jpg,data_collection/candidates_additional/12984266_1920_1080_25fps_t63.12_f1578.jpg,12984266_1920_1080_25fps.mp4,63.12,1578,1920,1080,2
12984266_1920_1080_25fps_t63.36_f1584.jpg,data_collection/candidates/12984266_1920_1080_25fps_t63.36_f1584.jpg,12984266_1920_1080_25fps.mp4,63.36,1584,1920,1080,1
12984266_1920_1080_25fps_t63.60_f1590.jpg,data_collection/candidates_additional/12984266_1920_1080_25fps_t63.60_f1590.jpg,12984266_1920_1080_25fps.mp4,63.60,1590,1920,1080,2
12984266_1920_1080_25fps_t63.84_f1596.jpg,data_collection/candidates/12984266_1920_1080_25fps_t63.84_f1596.jpg,12984266_1920_1080_25fps.mp4,63.84,1596,1920,1080,1
12984266_1920_1080_25fps_t64.08_f1602.jpg,data_collection/candidates_additional/12984266_1920_1080_25fps_t64.08_f1602.jpg,12984266_1920_1080_25fps.mp4,64.08,1602,1920,1080,2
12984266_1920_1080_25fps_t64.32_f1608.jpg,data_collection/candidates/12984266_1920_1080_25fps_t64.32_f1608.jpg,12984266_1920_1080_25fps.mp4,64.32,1608,1920,1080,1
12984266_1920_1080_25fps_t64.56_f1614.jpg,data_collection/candidates_additional/12984266_1920_1080_25fps_t64.56_f1614.jpg,12984266_1920_1080_25fps.mp4,64.56,1614,1920,1080,2
12984266_1920_1080_25fps_t64.80_f1620.jpg,data_collection/candidates/12984266_1920_1080_25fps_t64.80_f1620.jpg,12984266_1920_1080_25fps.mp4,64.80,1620,1920,1080,1
12984266_1920_1080_25fps_t65.04_f1626.jpg,data_collection/candidates_additional/12984266_1920_1080_25fps_t65.04_f1626.jpg,12984266_1920_1080_25fps.mp4,65.04,1626,1920,1080,2
12984266_1920_1080_25fps_t65.28_f1632.jpg,data_collection/candidates/12984266_1920_1080_25fps_t65.28_f1632.jpg,12984266_1920_1080_25fps.mp4,65.28,1632,1920,1080,1
12984266_1920_1080_25fps_t65.52_f1638.jpg,data_collection/candidates_additional/12984266_1920_1080_25fps_t65.52_f1638.jpg,12984266_1920_1080_25fps.mp4,65.52,1638,1920,1080,2
12984266_1920_1080_25fps_t65.76_f1644.jpg,data_collection/candidates/12984266_1920_1080_25fps_t65.76_f1644.jpg,12984266_1920_1080_25fps.mp4,65.76,1644,1920,1080,1
12984266_1920_1080_25fps_t66.00_f1650.jpg,data_collection/candidates_additional/12984266_1920_1080_25fps_t66.00_f1650.jpg,12984266_1920_1080_25fps.mp4,66.00,1650,1920,1080,2
12984266_1920_1080_25fps_t66.24_f1656.jpg,data_collection/candidates/12984266_1920_1080_25fps_t66.24_f1656.jpg,12984266_1920_1080_25fps.mp4,66.24,1656,1920,1080,1
12984266_1920_1080_25fps_t66.48_f1662.jpg,data_collection/candidates_additional/12984266_1920_1080_25fps_t66.48_f1662.jpg,12984266_1920_1080_25fps.mp4,66.48,1662,1920,1080,2
12984266_1920_1080_25fps_t66.72_f1668.jpg,data_collection/candidates/12984266_1920_1080_25fps_t66.72_f1668.jpg,12984266_1920_1080_25fps.mp4,66.72,1668,1920,1080,1
12984266_1920_1080_25fps_t66.96_f1674.jpg,data_collection/candidates_additional/12984266_1920_1080_25fps_t66.96_f1674.jpg,12984266_1920_1080_25fps.mp4,66.96,1674,1920,1080,2
12984266_1920_1080_25fps_t67.20_f1680.jpg,data_collection/candidates/12984266_1920_1080_25fps_t67.20_f1680.jpg,12984266_1920_1080_25fps.mp4,67.20,1680,1920,1080,1
12984266_1920_1080_25fps_t67.44_f1686.jpg,data_collection/candidates_additional/12984266_1920_1080_25fps_t67.44_f1686.jpg,12984266_1920_1080_25fps.mp4,67.44,1686,1920,1080,2
12984266_1920_1080_25fps_t67.68_f1692.jpg,data_collection/candidates/12984266_1920_1080_25fps_t67.68_f1692.jpg,12984266_1920_1080_25fps.mp4,67.68,1692,1920,1080,1
12984266_1920_1080_25fps_t67.92_f1698.jpg,data_collection/candidates_additional/12984266_1920_1080_25fps_t67.92_f1698.jpg,12984266_1920_1080_25fps.mp4,67.92,1698,1920,1080,2
12984266_1920_1080_25fps_t68.16_f1704.jpg,data_collection/candidates/12984266_1920_1080_25fps_t68.16_f1704.jpg,12984266_1920_1080_25fps.mp4,68.16,1704,1920,1080,1
12984266_1920_1080_25fps_t68.40_f1710.jpg,data_collection/candidates_additional/12984266_1920_1080_25fps_t68.40_f1710.jpg,12984266_1920_1080_25fps.mp4,68.40,1710,1920,1080,2
12984266_1920_1080_25fps_t68.64_f1716.jpg,data_collection/candidates/12984266_1920_1080_25fps_t68.64_f1716.jpg,12984266_1920_1080_25fps.mp4,68.64,1716,1920,1080,1
12984266_1920_1080_25fps_t68.88_f1722.jpg,data_collection/candidates_additional/12984266_1920_1080_25fps_t68.88_f1722.jpg,12984266_1920_1080_25fps.mp4,68.88,1722,1920,1080,2
12984266_1920_1080_25fps_t69.12_f1728.jpg,data_collection/candidates/12984266_1920_1080_25fps_t69.12_f1728.jpg,12984266_1920_1080_25fps.mp4,69.12,1728,1920,1080,1
12984266_1920_1080_25fps_t69.36_f1734.jpg,data_collection/candidates_additional/12984266_1920_1080_25fps_t69.36_f1734.jpg,12984266_1920_1080_25fps.mp4,69.36,1734,1920,1080,2
12984266_1920_1080_25fps_t69.60_f1740.jpg,data_collection/candidates/12984266_1920_1080_25fps_t69.60_f1740.jpg,12984266_1920_1080_25fps.mp4,69.60,1740,1920,1080,1
12984266_1920_1080_25fps_t69.84_f1746.jpg,data_collection/candidates_additional/12984266_1920_1080_25fps_t69.84_f1746.jpg,12984266_1920_1080_25fps.mp4,69.84,1746,1920,1080,2
12984266_1920_1080_25fps_t70.08_f1752.jpg,data_collection/candidates/12984266_1920_1080_25fps_t70.08_f1752.jpg,12984266_1920_1080_25fps.mp4,70.08,1752,1920,1080,1
12984266_1920_1080_25fps_t70.32_f1758.jpg,data_collection/candidates_additional/12984266_1920_1080_25fps_t70.32_f1758.jpg,12984266_1920_1080_25fps.mp4,70.32,1758,1920,1080,2
13258042_2560_1440_30fps_t00.00_f0000.jpg,data_collection/candidates/13258042_2560_1440_30fps_t00.00_f0000.jpg,13258042_2560_1440_30fps.mp4,0.00,0,2560,1440,1
13258042_2560_1440_30fps_t00.23_f0007.jpg,data_collection/candidates_additional/13258042_2560_1440_30fps_t00.23_f0007.jpg,13258042_2560_1440_30fps.mp4,0.23,7,2560,1440,2
13258042_2560_1440_30fps_t00.47_f0014.jpg,data_collection/candidates_additional/13258042_2560_1440_30fps_t00.47_f0014.jpg,13258042_2560_1440_30fps.mp4,0.47,14,2560,1440,2
13258042_2560_1440_30fps_t00.50_f0015.jpg,data_collection/candidates/13258042_2560_1440_30fps_t00.50_f0015.jpg,13258042_2560_1440_30fps.mp4,0.50,15,2560,1440,1
13258042_2560_1440_30fps_t00.70_f0021.jpg,data_collection/candidates_additional/13258042_2560_1440_30fps_t00.70_f0021.jpg,13258042_2560_1440_30fps.mp4,0.70,21,2560,1440,2
13258042_2560_1440_30fps_t00.93_f0028.jpg,data_collection/candidates_additional/13258042_2560_1440_30fps_t00.93_f0028.jpg,13258042_2560_1440_30fps.mp4,0.93,28,2560,1440,2
13258042_2560_1440_30fps_t01.00_f0030.jpg,data_collection/candidates/13258042_2560_1440_30fps_t01.00_f0030.jpg,13258042_2560_1440_30fps.mp4,1.00,30,2560,1440,1
13258042_2560_1440_30fps_t01.17_f0035.jpg,data_collection/candidates_additional/13258042_2560_1440_30fps_t01.17_f0035.jpg,13258042_2560_1440_30fps.mp4,1.17,35,2560,1440,2
13258042_2560_1440_30fps_t01.40_f0042.jpg,data_collection/candidates_additional/13258042_2560_1440_30fps_t01.40_f0042.jpg,13258042_2560_1440_30fps.mp4,1.40,42,2560,1440,2
13258042_2560_1440_30fps_t01.50_f0045.jpg,data_collection/candidates/13258042_2560_1440_30fps_t01.50_f0045.jpg,13258042_2560_1440_30fps.mp4,1.50,45,2560,1440,1
13258042_2560_1440_30fps_t01.63_f0049.jpg,data_collection/candidates_additional/13258042_2560_1440_30fps_t01.63_f0049.jpg,13258042_2560_1440_30fps.mp4,1.63,49,2560,1440,2
13258042_2560_1440_30fps_t01.87_f0056.jpg,data_collection/candidates_additional/13258042_2560_1440_30fps_t01.87_f0056.jpg,13258042_2560_1440_30fps.mp4,1.87,56,2560,1440,2
13258042_2560_1440_30fps_t02.00_f0060.jpg,data_collection/candidates/13258042_2560_1440_30fps_t02.00_f0060.jpg,13258042_2560_1440_30fps.mp4,2.00,60,2560,1440,1
13258042_2560_1440_30fps_t02.10_f0063.jpg,data_collection/candidates_additional/13258042_2560_1440_30fps_t02.10_f0063.jpg,13258042_2560_1440_30fps.mp4,2.10,63,2560,1440,2
13258042_2560_1440_30fps_t02.34_f0070.jpg,data_collection/candidates_additional/13258042_2560_1440_30fps_t02.34_f0070.jpg,13258042_2560_1440_30fps.mp4,2.34,70,2560,1440,2
13258042_2560_1440_30fps_t02.50_f0075.jpg,data_collection/candidates/13258042_2560_1440_30fps_t02.50_f0075.jpg,13258042_2560_1440_30fps.mp4,2.50,75,2560,1440,1
13258042_2560_1440_30fps_t02.57_f0077.jpg,data_collection/candidates_additional/13258042_2560_1440_30fps_t02.57_f0077.jpg,13258042_2560_1440_30fps.mp4,2.57,77,2560,1440,2
13258042_2560_1440_30fps_t02.80_f0084.jpg,data_collection/candidates_additional/13258042_2560_1440_30fps_t02.80_f0084.jpg,13258042_2560_1440_30fps.mp4,2.80,84,2560,1440,2
13258042_2560_1440_30fps_t03.00_f0090.jpg,data_collection/candidates/13258042_2560_1440_30fps_t03.00_f0090.jpg,13258042_2560_1440_30fps.mp4,3.00,90,2560,1440,1
13258042_2560_1440_30fps_t03.04_f0091.jpg,data_collection/candidates_additional/13258042_2560_1440_30fps_t03.04_f0091.jpg,13258042_2560_1440_30fps.mp4,3.04,91,2560,1440,2
13258042_2560_1440_30fps_t03.27_f0098.jpg,data_collection/candidates_additional/13258042_2560_1440_30fps_t03.27_f0098.jpg,13258042_2560_1440_30fps.mp4,3.27,98,2560,1440,2
13258042_2560_1440_30fps_t03.50_f0105.jpg,data_collection/candidates/13258042_2560_1440_30fps_t03.50_f0105.jpg,13258042_2560_1440_30fps.mp4,3.50,105,2560,1440,1
13258042_2560_1440_30fps_t03.74_f0112.jpg,data_collection/candidates_additional/13258042_2560_1440_30fps_t03.74_f0112.jpg,13258042_2560_1440_30fps.mp4,3.74,112,2560,1440,2
13258042_2560_1440_30fps_t03.97_f0119.jpg,data_collection/candidates_additional/13258042_2560_1440_30fps_t03.97_f0119.jpg,13258042_2560_1440_30fps.mp4,3.97,119,2560,1440,2
13258042_2560_1440_30fps_t04.00_f0120.jpg,data_collection/candidates/13258042_2560_1440_30fps_t04.00_f0120.jpg,13258042_2560_1440_30fps.mp4,4.00,120,2560,1440,1
13258042_2560_1440_30fps_t04.20_f0126.jpg,data_collection/candidates_additional/13258042_2560_1440_30fps_t04.20_f0126.jpg,13258042_2560_1440_30fps.mp4,4.20,126,2560,1440,2
13258042_2560_1440_30fps_t04.44_f0133.jpg,data_collection/candidates_additional/13258042_2560_1440_30fps_t04.44_f0133.jpg,13258042_2560_1440_30fps.mp4,4.44,133,2560,1440,2
13258042_2560_1440_30fps_t04.50_f0135.jpg,data_collection/candidates/13258042_2560_1440_30fps_t04.50_f0135.jpg,13258042_2560_1440_30fps.mp4,4.50,135,2560,1440,1
13258042_2560_1440_30fps_t04.67_f0140.jpg,data_collection/candidates_additional/13258042_2560_1440_30fps_t04.67_f0140.jpg,13258042_2560_1440_30fps.mp4,4.67,140,2560,1440,2
13258042_2560_1440_30fps_t04.90_f0147.jpg,data_collection/candidates_additional/13258042_2560_1440_30fps_t04.90_f0147.jpg,13258042_2560_1440_30fps.mp4,4.90,147,2560,1440,2
13258042_2560_1440_30fps_t05.00_f0150.jpg,data_collection/candidates/13258042_2560_1440_30fps_t05.00_f0150.jpg,13258042_2560_1440_30fps.mp4,5.00,150,2560,1440,1
13258042_2560_1440_30fps_t05.14_f0154.jpg,data_collection/candidates_additional/13258042_2560_1440_30fps_t05.14_f0154.jpg,13258042_2560_1440_30fps.mp4,5.14,154,2560,1440,2
13258042_2560_1440_30fps_t05.37_f0161.jpg,data_collection/candidates_additional/13258042_2560_1440_30fps_t05.37_f0161.jpg,13258042_2560_1440_30fps.mp4,5.37,161,2560,1440,2
13258042_2560_1440_30fps_t05.51_f0165.jpg,data_collection/candidates/13258042_2560_1440_30fps_t05.51_f0165.jpg,13258042_2560_1440_30fps.mp4,5.51,165,2560,1440,1
13258042_2560_1440_30fps_t05.61_f0168.jpg,data_collection/candidates_additional/13258042_2560_1440_30fps_t05.61_f0168.jpg,13258042_2560_1440_30fps.mp4,5.61,168,2560,1440,2
13258042_2560_1440_30fps_t05.84_f0175.jpg,data_collection/candidates_additional/13258042_2560_1440_30fps_t05.84_f0175.jpg,13258042_2560_1440_30fps.mp4,5.84,175,2560,1440,2
13258042_2560_1440_30fps_t06.01_f0180.jpg,data_collection/candidates/13258042_2560_1440_30fps_t06.01_f0180.jpg,13258042_2560_1440_30fps.mp4,6.01,180,2560,1440,1
13258042_2560_1440_30fps_t06.07_f0182.jpg,data_collection/candidates_additional/13258042_2560_1440_30fps_t06.07_f0182.jpg,13258042_2560_1440_30fps.mp4,6.07,182,2560,1440,2
13258042_2560_1440_30fps_t06.31_f0189.jpg,data_collection/candidates_additional/13258042_2560_1440_30fps_t06.31_f0189.jpg,13258042_2560_1440_30fps.mp4,6.31,189,2560,1440,2
13258042_2560_1440_30fps_t06.51_f0195.jpg,data_collection/candidates/13258042_2560_1440_30fps_t06.51_f0195.jpg,13258042_2560_1440_30fps.mp4,6.51,195,2560,1440,1
13258042_2560_1440_30fps_t06.54_f0196.jpg,data_collection/candidates_additional/13258042_2560_1440_30fps_t06.54_f0196.jpg,13258042_2560_1440_30fps.mp4,6.54,196,2560,1440,2
13258042_2560_1440_30fps_t06.77_f0203.jpg,data_collection/candidates_additional/13258042_2560_1440_30fps_t06.77_f0203.jpg,13258042_2560_1440_30fps.mp4,6.77,203,2560,1440,2
13258042_2560_1440_30fps_t07.01_f0210.jpg,data_collection/candidates/13258042_2560_1440_30fps_t07.01_f0210.jpg,13258042_2560_1440_30fps.mp4,7.01,210,2560,1440,1
13258042_2560_1440_30fps_t07.24_f0217.jpg,data_collection/candidates_additional/13258042_2560_1440_30fps_t07.24_f0217.jpg,13258042_2560_1440_30fps.mp4,7.24,217,2560,1440,2
13258042_2560_1440_30fps_t07.47_f0224.jpg,data_collection/candidates_additional/13258042_2560_1440_30fps_t07.47_f0224.jpg,13258042_2560_1440_30fps.mp4,7.47,224,2560,1440,2
13258042_2560_1440_30fps_t07.51_f0225.jpg,data_collection/candidates/13258042_2560_1440_30fps_t07.51_f0225.jpg,13258042_2560_1440_30fps.mp4,7.51,225,2560,1440,1
13258042_2560_1440_30fps_t07.71_f0231.jpg,data_collection/candidates_additional/13258042_2560_1440_30fps_t07.71_f0231.jpg,13258042_2560_1440_30fps.mp4,7.71,231,2560,1440,2
13258042_2560_1440_30fps_t07.94_f0238.jpg,data_collection/candidates_additional/13258042_2560_1440_30fps_t07.94_f0238.jpg,13258042_2560_1440_30fps.mp4,7.94,238,2560,1440,2
13258042_2560_1440_30fps_t08.01_f0240.jpg,data_collection/candidates/13258042_2560_1440_30fps_t08.01_f0240.jpg,13258042_2560_1440_30fps.mp4,8.01,240,2560,1440,1
13258042_2560_1440_30fps_t08.17_f0245.jpg,data_collection/candidates_additional/13258042_2560_1440_30fps_t08.17_f0245.jpg,13258042_2560_1440_30fps.mp4,8.17,245,2560,1440,2
13258042_2560_1440_30fps_t08.41_f0252.jpg,data_collection/candidates_additional/13258042_2560_1440_30fps_t08.41_f0252.jpg,13258042_2560_1440_30fps.mp4,8.41,252,2560,1440,2
13258042_2560_1440_30fps_t08.51_f0255.jpg,data_collection/candidates/13258042_2560_1440_30fps_t08.51_f0255.jpg,13258042_2560_1440_30fps.mp4,8.51,255,2560,1440,1
13258042_2560_1440_30fps_t08.64_f0259.jpg,data_collection/candidates_additional/13258042_2560_1440_30fps_t08.64_f0259.jpg,13258042_2560_1440_30fps.mp4,8.64,259,2560,1440,2
13258042_2560_1440_30fps_t08.88_f0266.jpg,data_collection/candidates_additional/13258042_2560_1440_30fps_t08.88_f0266.jpg,13258042_2560_1440_30fps.mp4,8.88,266,2560,1440,2
13258042_2560_1440_30fps_t09.01_f0270.jpg,data_collection/candidates/13258042_2560_1440_30fps_t09.01_f0270.jpg,13258042_2560_1440_30fps.mp4,9.01,270,2560,1440,1
13258042_2560_1440_30fps_t09.11_f0273.jpg,data_collection/candidates_additional/13258042_2560_1440_30fps_t09.11_f0273.jpg,13258042_2560_1440_30fps.mp4,9.11,273,2560,1440,2
13258042_2560_1440_30fps_t09.34_f0280.jpg,data_collection/candidates_additional/13258042_2560_1440_30fps_t09.34_f0280.jpg,13258042_2560_1440_30fps.mp4,9.34,280,2560,1440,2
13258042_2560_1440_30fps_t09.51_f0285.jpg,data_collection/candidates/13258042_2560_1440_30fps_t09.51_f0285.jpg,13258042_2560_1440_30fps.mp4,9.51,285,2560,1440,1
13258042_2560_1440_30fps_t09.58_f0287.jpg,data_collection/candidates_additional/13258042_2560_1440_30fps_t09.58_f0287.jpg,13258042_2560_1440_30fps.mp4,9.58,287,2560,1440,2
13258042_2560_1440_30fps_t09.81_f0294.jpg,data_collection/candidates_additional/13258042_2560_1440_30fps_t09.81_f0294.jpg,13258042_2560_1440_30fps.mp4,9.81,294,2560,1440,2
13258042_2560_1440_30fps_t10.01_f0300.jpg,data_collection/candidates/13258042_2560_1440_30fps_t10.01_f0300.jpg,13258042_2560_1440_30fps.mp4,10.01,300,2560,1440,1
13258042_2560_1440_30fps_t10.04_f0301.jpg,data_collection/candidates_additional/13258042_2560_1440_30fps_t10.04_f0301.jpg,13258042_2560_1440_30fps.mp4,10.04,301,2560,1440,2
13258042_2560_1440_30fps_t10.28_f0308.jpg,data_collection/candidates_additional/13258042_2560_1440_30fps_t10.28_f0308.jpg,13258042_2560_1440_30fps.mp4,10.28,308,2560,1440,2
13258042_2560_1440_30fps_t10.51_f0315.jpg,data_collection/candidates/13258042_2560_1440_30fps_t10.51_f0315.jpg,13258042_2560_1440_30fps.mp4,10.51,315,2560,1440,1
13258042_2560_1440_30fps_t10.74_f0322.jpg,data_collection/candidates_additional/13258042_2560_1440_30fps_t10.74_f0322.jpg,13258042_2560_1440_30fps.mp4,10.74,322,2560,1440,2
13258042_2560_1440_30fps_t10.98_f0329.jpg,data_collection/candidates_additional/13258042_2560_1440_30fps_t10.98_f0329.jpg,13258042_2560_1440_30fps.mp4,10.98,329,2560,1440,2
13258042_2560_1440_30fps_t11.01_f0330.jpg,data_collection/candidates/13258042_2560_1440_30fps_t11.01_f0330.jpg,13258042_2560_1440_30fps.mp4,11.01,330,2560,1440,1
13258042_2560_1440_30fps_t11.21_f0336.jpg,data_collection/candidates_additional/13258042_2560_1440_30fps_t11.21_f0336.jpg,13258042_2560_1440_30fps.mp4,11.21,336,2560,1440,2
13258042_2560_1440_30fps_t11.44_f0343.jpg,data_collection/candidates_additional/13258042_2560_1440_30fps_t11.44_f0343.jpg,13258042_2560_1440_30fps.mp4,11.44,343,2560,1440,2
13258042_2560_1440_30fps_t11.51_f0345.jpg,data_collection/candidates/13258042_2560_1440_30fps_t11.51_f0345.jpg,13258042_2560_1440_30fps.mp4,11.51,345,2560,1440,1
13258042_2560_1440_30fps_t11.68_f0350.jpg,data_collection/candidates_additional/13258042_2560_1440_30fps_t11.68_f0350.jpg,13258042_2560_1440_30fps.mp4,11.68,350,2560,1440,2
13258042_2560_1440_30fps_t11.91_f0357.jpg,data_collection/candidates_additional/13258042_2560_1440_30fps_t11.91_f0357.jpg,13258042_2560_1440_30fps.mp4,11.91,357,2560,1440,2
13258042_2560_1440_30fps_t12.01_f0360.jpg,data_collection/candidates/13258042_2560_1440_30fps_t12.01_f0360.jpg,13258042_2560_1440_30fps.mp4,12.01,360,2560,1440,1
13258042_2560_1440_30fps_t12.15_f0364.jpg,data_collection/candidates_additional/13258042_2560_1440_30fps_t12.15_f0364.jpg,13258042_2560_1440_30fps.mp4,12.15,364,2560,1440,2
13258042_2560_1440_30fps_t12.38_f0371.jpg,data_collection/candidates_additional/13258042_2560_1440_30fps_t12.38_f0371.jpg,13258042_2560_1440_30fps.mp4,12.38,371,2560,1440,2
13258042_2560_1440_30fps_t12.51_f0375.jpg,data_collection/candidates/13258042_2560_1440_30fps_t12.51_f0375.jpg,13258042_2560_1440_30fps.mp4,12.51,375,2560,1440,1
13258042_2560_1440_30fps_t12.61_f0378.jpg,data_collection/candidates_additional/13258042_2560_1440_30fps_t12.61_f0378.jpg,13258042_2560_1440_30fps.mp4,12.61,378,2560,1440,2
13258042_2560_1440_30fps_t12.85_f0385.jpg,data_collection/candidates_additional/13258042_2560_1440_30fps_t12.85_f0385.jpg,13258042_2560_1440_30fps.mp4,12.85,385,2560,1440,2
13258042_2560_1440_30fps_t13.01_f0390.jpg,data_collection/candidates/13258042_2560_1440_30fps_t13.01_f0390.jpg,13258042_2560_1440_30fps.mp4,13.01,390,2560,1440,1
13258042_2560_1440_30fps_t13.08_f0392.jpg,data_collection/candidates_additional/13258042_2560_1440_30fps_t13.08_f0392.jpg,13258042_2560_1440_30fps.mp4,13.08,392,2560,1440,2
13258042_2560_1440_30fps_t13.31_f0399.jpg,data_collection/candidates_additional/13258042_2560_1440_30fps_t13.31_f0399.jpg,13258042_2560_1440_30fps.mp4,13.31,399,2560,1440,2
13258042_2560_1440_30fps_t13.51_f0405.jpg,data_collection/candidates/13258042_2560_1440_30fps_t13.51_f0405.jpg,13258042_2560_1440_30fps.mp4,13.51,405,2560,1440,1
13258042_2560_1440_30fps_t13.55_f0406.jpg,data_collection/candidates_additional/13258042_2560_1440_30fps_t13.55_f0406.jpg,13258042_2560_1440_30fps.mp4,13.55,406,2560,1440,2
13258042_2560_1440_30fps_t13.78_f0413.jpg,data_collection/candidates_additional/13258042_2560_1440_30fps_t13.78_f0413.jpg,13258042_2560_1440_30fps.mp4,13.78,413,2560,1440,2
13258042_2560_1440_30fps_t14.01_f0420.jpg,data_collection/candidates/13258042_2560_1440_30fps_t14.01_f0420.jpg,13258042_2560_1440_30fps.mp4,14.01,420,2560,1440,1
13258042_2560_1440_30fps_t14.25_f0427.jpg,data_collection/candidates_additional/13258042_2560_1440_30fps_t14.25_f0427.jpg,13258042_2560_1440_30fps.mp4,14.25,427,2560,1440,2
13258042_2560_1440_30fps_t14.48_f0434.jpg,data_collection/candidates_additional/13258042_2560_1440_30fps_t14.48_f0434.jpg,13258042_2560_1440_30fps.mp4,14.48,434,2560,1440,2
13258042_2560_1440_30fps_t14.51_f0435.jpg,data_collection/candidates/13258042_2560_1440_30fps_t14.51_f0435.jpg,13258042_2560_1440_30fps.mp4,14.51,435,2560,1440,1
13258042_2560_1440_30fps_t14.71_f0441.jpg,data_collection/candidates_additional/13258042_2560_1440_30fps_t14.71_f0441.jpg,13258042_2560_1440_30fps.mp4,14.71,441,2560,1440,2
13258042_2560_1440_30fps_t14.95_f0448.jpg,data_collection/candidates_additional/13258042_2560_1440_30fps_t14.95_f0448.jpg,13258042_2560_1440_30fps.mp4,14.95,448,2560,1440,2
13258042_2560_1440_30fps_t15.02_f0450.jpg,data_collection/candidates/13258042_2560_1440_30fps_t15.02_f0450.jpg,13258042_2560_1440_30fps.mp4,15.02,450,2560,1440,1
13258042_2560_1440_30fps_t15.18_f0455.jpg,data_collection/candidates_additional/13258042_2560_1440_30fps_t15.18_f0455.jpg,13258042_2560_1440_30fps.mp4,15.18,455,2560,1440,2
13258042_2560_1440_30fps_t15.42_f0462.jpg,data_collection/candidates_additional/13258042_2560_1440_30fps_t15.42_f0462.jpg,13258042_2560_1440_30fps.mp4,15.42,462,2560,1440,2
13258042_2560_1440_30fps_t15.52_f0465.jpg,data_collection/candidates/13258042_2560_1440_30fps_t15.52_f0465.jpg,13258042_2560_1440_30fps.mp4,15.52,465,2560,1440,1
13258042_2560_1440_30fps_t15.65_f0469.jpg,data_collection/candidates_additional/13258042_2560_1440_30fps_t15.65_f0469.jpg,13258042_2560_1440_30fps.mp4,15.65,469,2560,1440,2
13258042_2560_1440_30fps_t15.88_f0476.jpg,data_collection/candidates_additional/13258042_2560_1440_30fps_t15.88_f0476.jpg,13258042_2560_1440_30fps.mp4,15.88,476,2560,1440,2
13258042_2560_1440_30fps_t16.02_f0480.jpg,data_collection/candidates/13258042_2560_1440_30fps_t16.02_f0480.jpg,13258042_2560_1440_30fps.mp4,16.02,480,2560,1440,1
13258042_2560_1440_30fps_t16.12_f0483.jpg,data_collection/candidates_additional/13258042_2560_1440_30fps_t16.12_f0483.jpg,13258042_2560_1440_30fps.mp4,16.12,483,2560,1440,2
13258042_2560_1440_30fps_t16.35_f0490.jpg,data_collection/candidates_additional/13258042_2560_1440_30fps_t16.35_f0490.jpg,13258042_2560_1440_30fps.mp4,16.35,490,2560,1440,2
13258042_2560_1440_30fps_t16.52_f0495.jpg,data_collection/candidates/13258042_2560_1440_30fps_t16.52_f0495.jpg,13258042_2560_1440_30fps.mp4,16.52,495,2560,1440,1
13258042_2560_1440_30fps_t16.58_f0497.jpg,data_collection/candidates_additional/13258042_2560_1440_30fps_t16.58_f0497.jpg,13258042_2560_1440_30fps.mp4,16.58,497,2560,1440,2
13258042_2560_1440_30fps_t16.82_f0504.jpg,data_collection/candidates_additional/13258042_2560_1440_30fps_t16.82_f0504.jpg,13258042_2560_1440_30fps.mp4,16.82,504,2560,1440,2
13258042_2560_1440_30fps_t17.02_f0510.jpg,data_collection/candidates/13258042_2560_1440_30fps_t17.02_f0510.jpg,13258042_2560_1440_30fps.mp4,17.02,510,2560,1440,1
13258042_2560_1440_30fps_t17.05_f0511.jpg,data_collection/candidates_additional/13258042_2560_1440_30fps_t17.05_f0511.jpg,13258042_2560_1440_30fps.mp4,17.05,511,2560,1440,2
13258042_2560_1440_30fps_t17.28_f0518.jpg,data_collection/candidates_additional/13258042_2560_1440_30fps_t17.28_f0518.jpg,13258042_2560_1440_30fps.mp4,17.28,518,2560,1440,2
13258042_2560_1440_30fps_t17.52_f0525.jpg,data_collection/candidates/13258042_2560_1440_30fps_t17.52_f0525.jpg,13258042_2560_1440_30fps.mp4,17.52,525,2560,1440,1
13258042_2560_1440_30fps_t17.75_f0532.jpg,data_collection/candidates_additional/13258042_2560_1440_30fps_t17.75_f0532.jpg,13258042_2560_1440_30fps.mp4,17.75,532,2560,1440,2
13258042_2560_1440_30fps_t17.98_f0539.jpg,data_collection/candidates_additional/13258042_2560_1440_30fps_t17.98_f0539.jpg,13258042_2560_1440_30fps.mp4,17.98,539,2560,1440,2
13258042_2560_1440_30fps_t18.02_f0540.jpg,data_collection/candidates/13258042_2560_1440_30fps_t18.02_f0540.jpg,13258042_2560_1440_30fps.mp4,18.02,540,2560,1440,1
13258042_2560_1440_30fps_t18.22_f0546.jpg,data_collection/candidates_additional/13258042_2560_1440_30fps_t18.22_f0546.jpg,13258042_2560_1440_30fps.mp4,18.22,546,2560,1440,2
13258042_2560_1440_30fps_t18.45_f0553.jpg,data_collection/candidates_additional/13258042_2560_1440_30fps_t18.45_f0553.jpg,13258042_2560_1440_30fps.mp4,18.45,553,2560,1440,2
13258042_2560_1440_30fps_t18.52_f0555.jpg,data_collection/candidates/13258042_2560_1440_30fps_t18.52_f0555.jpg,13258042_2560_1440_30fps.mp4,18.52,555,2560,1440,1
13258042_2560_1440_30fps_t18.69_f0560.jpg,data_collection/candidates_additional/13258042_2560_1440_30fps_t18.69_f0560.jpg,13258042_2560_1440_30fps.mp4,18.69,560,2560,1440,2
13258042_2560_1440_30fps_t18.92_f0567.jpg,data_collection/candidates_additional/13258042_2560_1440_30fps_t18.92_f0567.jpg,13258042_2560_1440_30fps.mp4,18.92,567,2560,1440,2
13258042_2560_1440_30fps_t19.02_f0570.jpg,data_collection/candidates/13258042_2560_1440_30fps_t19.02_f0570.jpg,13258042_2560_1440_30fps.mp4,19.02,570,2560,1440,1
13258042_2560_1440_30fps_t19.15_f0574.jpg,data_collection/candidates_additional/13258042_2560_1440_30fps_t19.15_f0574.jpg,13258042_2560_1440_30fps.mp4,19.15,574,2560,1440,2
13258042_2560_1440_30fps_t19.39_f0581.jpg,data_collection/candidates_additional/13258042_2560_1440_30fps_t19.39_f0581.jpg,13258042_2560_1440_30fps.mp4,19.39,581,2560,1440,2
13258042_2560_1440_30fps_t19.52_f0585.jpg,data_collection/candidates/13258042_2560_1440_30fps_t19.52_f0585.jpg,13258042_2560_1440_30fps.mp4,19.52,585,2560,1440,1
13258042_2560_1440_30fps_t19.62_f0588.jpg,data_collection/candidates_additional/13258042_2560_1440_30fps_t19.62_f0588.jpg,13258042_2560_1440_30fps.mp4,19.62,588,2560,1440,2
13258042_2560_1440_30fps_t19.85_f0595.jpg,data_collection/candidates_additional/13258042_2560_1440_30fps_t19.85_f0595.jpg,13258042_2560_1440_30fps.mp4,19.85,595,2560,1440,2
19832490_hd_1920_1080_25fps_t00.00_f0000.jpg,data_collection/candidates/19832490_hd_1920_1080_25fps_t00.00_f0000.jpg,19832490-hd_1920_1080_25fps.mp4,0.00,0,1920,1080,1
19832490_hd_1920_1080_25fps_t00.24_f0006.jpg,data_collection/candidates_additional/19832490_hd_1920_1080_25fps_t00.24_f0006.jpg,19832490-hd_1920_1080_25fps.mp4,0.24,6,1920,1080,2
19832490_hd_1920_1080_25fps_t00.48_f0012.jpg,data_collection/candidates/19832490_hd_1920_1080_25fps_t00.48_f0012.jpg,19832490-hd_1920_1080_25fps.mp4,0.48,12,1920,1080,1
19832490_hd_1920_1080_25fps_t00.72_f0018.jpg,data_collection/candidates_additional/19832490_hd_1920_1080_25fps_t00.72_f0018.jpg,19832490-hd_1920_1080_25fps.mp4,0.72,18,1920,1080,2
19832490_hd_1920_1080_25fps_t00.96_f0024.jpg,data_collection/candidates/19832490_hd_1920_1080_25fps_t00.96_f0024.jpg,19832490-hd_1920_1080_25fps.mp4,0.96,24,1920,1080,1
19832490_hd_1920_1080_25fps_t01.20_f0030.jpg,data_collection/candidates_additional/19832490_hd_1920_1080_25fps_t01.20_f0030.jpg,19832490-hd_1920_1080_25fps.mp4,1.20,30,1920,1080,2
19832490_hd_1920_1080_25fps_t01.44_f0036.jpg,data_collection/candidates/19832490_hd_1920_1080_25fps_t01.44_f0036.jpg,19832490-hd_1920_1080_25fps.mp4,1.44,36,1920,1080,1
19832490_hd_1920_1080_25fps_t01.68_f0042.jpg,data_collection/candidates_additional/19832490_hd_1920_1080_25fps_t01.68_f0042.jpg,19832490-hd_1920_1080_25fps.mp4,1.68,42,1920,1080,2
19832490_hd_1920_1080_25fps_t01.92_f0048.jpg,data_collection/candidates/19832490_hd_1920_1080_25fps_t01.92_f0048.jpg,19832490-hd_1920_1080_25fps.mp4,1.92,48,1920,1080,1
19832490_hd_1920_1080_25fps_t02.16_f0054.jpg,data_collection/candidates_additional/19832490_hd_1920_1080_25fps_t02.16_f0054.jpg,19832490-hd_1920_1080_25fps.mp4,2.16,54,1920,1080,2
19832490_hd_1920_1080_25fps_t02.40_f0060.jpg,data_collection/candidates/19832490_hd_1920_1080_25fps_t02.40_f0060.jpg,19832490-hd_1920_1080_25fps.mp4,2.40,60,1920,1080,1
19832490_hd_1920_1080_25fps_t02.64_f0066.jpg,data_collection/candidates_additional/19832490_hd_1920_1080_25fps_t02.64_f0066.jpg,19832490-hd_1920_1080_25fps.mp4,2.64,66,1920,1080,2
19832490_hd_1920_1080_25fps_t02.88_f0072.jpg,data_collection/candidates/19832490_hd_1920_1080_25fps_t02.88_f0072.jpg,19832490-hd_1920_1080_25fps.mp4,2.88,72,1920,1080,1
19832490_hd_1920_1080_25fps_t03.12_f0078.jpg,data_collection/candidates_additional/19832490_hd_1920_1080_25fps_t03.12_f0078.jpg,19832490-hd_1920_1080_25fps.mp4,3.12,78,1920,1080,2
19832490_hd_1920_1080_25fps_t03.36_f0084.jpg,data_collection/candidates/19832490_hd_1920_1080_25fps_t03.36_f0084.jpg,19832490-hd_1920_1080_25fps.mp4,3.36,84,1920,1080,1
19832490_hd_1920_1080_25fps_t03.60_f0090.jpg,data_collection/candidates_additional/19832490_hd_1920_1080_25fps_t03.60_f0090.jpg,19832490-hd_1920_1080_25fps.mp4,3.60,90,1920,1080,2
19832490_hd_1920_1080_25fps_t03.84_f0096.jpg,data_collection/candidates/19832490_hd_1920_1080_25fps_t03.84_f0096.jpg,19832490-hd_1920_1080_25fps.mp4,3.84,96,1920,1080,1
19832490_hd_1920_1080_25fps_t04.08_f0102.jpg,data_collection/candidates_additional/19832490_hd_1920_1080_25fps_t04.08_f0102.jpg,19832490-hd_1920_1080_25fps.mp4,4.08,102,1920,1080,2
19832490_hd_1920_1080_25fps_t04.32_f0108.jpg,data_collection/candidates/19832490_hd_1920_1080_25fps_t04.32_f0108.jpg,19832490-hd_1920_1080_25fps.mp4,4.32,108,1920,1080,1
19832490_hd_1920_1080_25fps_t04.56_f0114.jpg,data_collection/candidates_additional/19832490_hd_1920_1080_25fps_t04.56_f0114.jpg,19832490-hd_1920_1080_25fps.mp4,4.56,114,1920,1080,2
19832490_hd_1920_1080_25fps_t04.80_f0120.jpg,data_collection/candidates/19832490_hd_1920_1080_25fps_t04.80_f0120.jpg,19832490-hd_1920_1080_25fps.mp4,4.80,120,1920,1080,1
19832490_hd_1920_1080_25fps_t05.04_f0126.jpg,data_collection/candidates_additional/19832490_hd_1920_1080_25fps_t05.04_f0126.jpg,19832490-hd_1920_1080_25fps.mp4,5.04,126,1920,1080,2
19832490_hd_1920_1080_25fps_t05.28_f0132.jpg,data_collection/candidates/19832490_hd_1920_1080_25fps_t05.28_f0132.jpg,19832490-hd_1920_1080_25fps.mp4,5.28,132,1920,1080,1
19832490_hd_1920_1080_25fps_t05.52_f0138.jpg,data_collection/candidates_additional/19832490_hd_1920_1080_25fps_t05.52_f0138.jpg,19832490-hd_1920_1080_25fps.mp4,5.52,138,1920,1080,2
4017518657_preview_t00.00_f0000.jpg,data_collection/candidates/4017518657_preview_t00.00_f0000.jpg,4017518657-preview.mp4,0.00,0,898,506,1
4017518657_preview_t00.23_f0007.jpg,data_collection/candidates_additional/4017518657_preview_t00.23_f0007.jpg,4017518657-preview.mp4,0.23,7,898,506,2
4017518657_preview_t00.47_f0014.jpg,data_collection/candidates_additional/4017518657_preview_t00.47_f0014.jpg,4017518657-preview.mp4,0.47,14,898,506,2
4017518657_preview_t00.50_f0015.jpg,data_collection/candidates/4017518657_preview_t00.50_f0015.jpg,4017518657-preview.mp4,0.50,15,898,506,1
4017518657_preview_t00.70_f0021.jpg,data_collection/candidates_additional/4017518657_preview_t00.70_f0021.jpg,4017518657-preview.mp4,0.70,21,898,506,2
4017518657_preview_t00.93_f0028.jpg,data_collection/candidates_additional/4017518657_preview_t00.93_f0028.jpg,4017518657-preview.mp4,0.93,28,898,506,2
4017518657_preview_t01.00_f0030.jpg,data_collection/candidates/4017518657_preview_t01.00_f0030.jpg,4017518657-preview.mp4,1.00,30,898,506,1
4017518657_preview_t01.17_f0035.jpg,data_collection/candidates_additional/4017518657_preview_t01.17_f0035.jpg,4017518657-preview.mp4,1.17,35,898,506,2
4017518657_preview_t01.40_f0042.jpg,data_collection/candidates_additional/4017518657_preview_t01.40_f0042.jpg,4017518657-preview.mp4,1.40,42,898,506,2
4017518657_preview_t01.50_f0045.jpg,data_collection/candidates/4017518657_preview_t01.50_f0045.jpg,4017518657-preview.mp4,1.50,45,898,506,1
4017518657_preview_t01.63_f0049.jpg,data_collection/candidates_additional/4017518657_preview_t01.63_f0049.jpg,4017518657-preview.mp4,1.63,49,898,506,2
4017518657_preview_t01.87_f0056.jpg,data_collection/candidates_additional/4017518657_preview_t01.87_f0056.jpg,4017518657-preview.mp4,1.87,56,898,506,2
4017518657_preview_t02.00_f0060.jpg,data_collection/candidates/4017518657_preview_t02.00_f0060.jpg,4017518657-preview.mp4,2.00,60,898,506,1
4017518657_preview_t02.10_f0063.jpg,data_collection/candidates_additional/4017518657_preview_t02.10_f0063.jpg,4017518657-preview.mp4,2.10,63,898,506,2
4017518657_preview_t02.34_f0070.jpg,data_collection/candidates_additional/4017518657_preview_t02.34_f0070.jpg,4017518657-preview.mp4,2.34,70,898,506,2
4017518657_preview_t02.50_f0075.jpg,data_collection/candidates/4017518657_preview_t02.50_f0075.jpg,4017518657-preview.mp4,2.50,75,898,506,1
4017518657_preview_t02.57_f0077.jpg,data_collection/candidates_additional/4017518657_preview_t02.57_f0077.jpg,4017518657-preview.mp4,2.57,77,898,506,2
4017518657_preview_t02.80_f0084.jpg,data_collection/candidates_additional/4017518657_preview_t02.80_f0084.jpg,4017518657-preview.mp4,2.80,84,898,506,2
4017518657_preview_t03.00_f0090.jpg,data_collection/candidates/4017518657_preview_t03.00_f0090.jpg,4017518657-preview.mp4,3.00,90,898,506,1
4017518657_preview_t03.04_f0091.jpg,data_collection/candidates_additional/4017518657_preview_t03.04_f0091.jpg,4017518657-preview.mp4,3.04,91,898,506,2
4017518657_preview_t03.27_f0098.jpg,data_collection/candidates_additional/4017518657_preview_t03.27_f0098.jpg,4017518657-preview.mp4,3.27,98,898,506,2
4017518657_preview_t03.50_f0105.jpg,data_collection/candidates/4017518657_preview_t03.50_f0105.jpg,4017518657-preview.mp4,3.50,105,898,506,1
4017518657_preview_t03.74_f0112.jpg,data_collection/candidates_additional/4017518657_preview_t03.74_f0112.jpg,4017518657-preview.mp4,3.74,112,898,506,2
4017518657_preview_t03.97_f0119.jpg,data_collection/candidates_additional/4017518657_preview_t03.97_f0119.jpg,4017518657-preview.mp4,3.97,119,898,506,2
4017518657_preview_t04.00_f0120.jpg,data_collection/candidates/4017518657_preview_t04.00_f0120.jpg,4017518657-preview.mp4,4.00,120,898,506,1
4017518657_preview_t04.20_f0126.jpg,data_collection/candidates_additional/4017518657_preview_t04.20_f0126.jpg,4017518657-preview.mp4,4.20,126,898,506,2
4017518657_preview_t04.44_f0133.jpg,data_collection/candidates_additional/4017518657_preview_t04.44_f0133.jpg,4017518657-preview.mp4,4.44,133,898,506,2
4017518657_preview_t04.50_f0135.jpg,data_collection/candidates/4017518657_preview_t04.50_f0135.jpg,4017518657-preview.mp4,4.50,135,898,506,1
4017518657_preview_t04.67_f0140.jpg,data_collection/candidates_additional/4017518657_preview_t04.67_f0140.jpg,4017518657-preview.mp4,4.67,140,898,506,2
4017518657_preview_t04.90_f0147.jpg,data_collection/candidates_additional/4017518657_preview_t04.90_f0147.jpg,4017518657-preview.mp4,4.90,147,898,506,2
4017518657_preview_t05.00_f0150.jpg,data_collection/candidates/4017518657_preview_t05.00_f0150.jpg,4017518657-preview.mp4,5.00,150,898,506,1
4017518657_preview_t05.14_f0154.jpg,data_collection/candidates_additional/4017518657_preview_t05.14_f0154.jpg,4017518657-preview.mp4,5.14,154,898,506,2
4017518657_preview_t05.37_f0161.jpg,data_collection/candidates_additional/4017518657_preview_t05.37_f0161.jpg,4017518657-preview.mp4,5.37,161,898,506,2
4017518657_preview_t05.51_f0165.jpg,data_collection/candidates/4017518657_preview_t05.51_f0165.jpg,4017518657-preview.mp4,5.51,165,898,506,1
4017518657_preview_t05.61_f0168.jpg,data_collection/candidates_additional/4017518657_preview_t05.61_f0168.jpg,4017518657-preview.mp4,5.61,168,898,506,2
4017518657_preview_t05.84_f0175.jpg,data_collection/candidates_additional/4017518657_preview_t05.84_f0175.jpg,4017518657-preview.mp4,5.84,175,898,506,2
4017518657_preview_t06.01_f0180.jpg,data_collection/candidates/4017518657_preview_t06.01_f0180.jpg,4017518657-preview.mp4,6.01,180,898,506,1
4017518657_preview_t06.07_f0182.jpg,data_collection/candidates_additional/4017518657_preview_t06.07_f0182.jpg,4017518657-preview.mp4,6.07,182,898,506,2
4017518657_preview_t06.31_f0189.jpg,data_collection/candidates_additional/4017518657_preview_t06.31_f0189.jpg,4017518657-preview.mp4,6.31,189,898,506,2
4017518657_preview_t06.51_f0195.jpg,data_collection/candidates/4017518657_preview_t06.51_f0195.jpg,4017518657-preview.mp4,6.51,195,898,506,1
4017518657_preview_t06.54_f0196.jpg,data_collection/candidates_additional/4017518657_preview_t06.54_f0196.jpg,4017518657-preview.mp4,6.54,196,898,506,2
4017518657_preview_t06.77_f0203.jpg,data_collection/candidates_additional/4017518657_preview_t06.77_f0203.jpg,4017518657-preview.mp4,6.77,203,898,506,2
4017518657_preview_t07.01_f0210.jpg,data_collection/candidates/4017518657_preview_t07.01_f0210.jpg,4017518657-preview.mp4,7.01,210,898,506,1
4017518657_preview_t07.24_f0217.jpg,data_collection/candidates_additional/4017518657_preview_t07.24_f0217.jpg,4017518657-preview.mp4,7.24,217,898,506,2
4017518657_preview_t07.47_f0224.jpg,data_collection/candidates_additional/4017518657_preview_t07.47_f0224.jpg,4017518657-preview.mp4,7.47,224,898,506,2
4017518657_preview_t07.51_f0225.jpg,data_collection/candidates/4017518657_preview_t07.51_f0225.jpg,4017518657-preview.mp4,7.51,225,898,506,1
4017518657_preview_t07.71_f0231.jpg,data_collection/candidates_additional/4017518657_preview_t07.71_f0231.jpg,4017518657-preview.mp4,7.71,231,898,506,2
4042251183_preview_t00.00_f0000.jpg,data_collection/candidates/4042251183_preview_t00.00_f0000.jpg,4042251183-preview.mp4,0.00,0,900,474,1
4042251183_preview_t00.24_f0012.jpg,data_collection/candidates_additional/4042251183_preview_t00.24_f0012.jpg,4042251183-preview.mp4,0.24,12,900,474,2
4042251183_preview_t00.48_f0024.jpg,data_collection/candidates_additional/4042251183_preview_t00.48_f0024.jpg,4042251183-preview.mp4,0.48,24,900,474,2
4042251183_preview_t00.50_f0025.jpg,data_collection/candidates/4042251183_preview_t00.50_f0025.jpg,4042251183-preview.mp4,0.50,25,900,474,1
4042251183_preview_t00.72_f0036.jpg,data_collection/candidates_additional/4042251183_preview_t00.72_f0036.jpg,4042251183-preview.mp4,0.72,36,900,474,2
4042251183_preview_t00.96_f0048.jpg,data_collection/candidates_additional/4042251183_preview_t00.96_f0048.jpg,4042251183-preview.mp4,0.96,48,900,474,2
4042251183_preview_t01.00_f0050.jpg,data_collection/candidates/4042251183_preview_t01.00_f0050.jpg,4042251183-preview.mp4,1.00,50,900,474,1
4042251183_preview_t01.20_f0060.jpg,data_collection/candidates_additional/4042251183_preview_t01.20_f0060.jpg,4042251183-preview.mp4,1.20,60,900,474,2
4042251183_preview_t01.44_f0072.jpg,data_collection/candidates_additional/4042251183_preview_t01.44_f0072.jpg,4042251183-preview.mp4,1.44,72,900,474,2
4042251183_preview_t01.50_f0075.jpg,data_collection/candidates/4042251183_preview_t01.50_f0075.jpg,4042251183-preview.mp4,1.50,75,900,474,1
4042251183_preview_t01.68_f0084.jpg,data_collection/candidates_additional/4042251183_preview_t01.68_f0084.jpg,4042251183-preview.mp4,1.68,84,900,474,2
4042251183_preview_t01.92_f0096.jpg,data_collection/candidates_additional/4042251183_preview_t01.92_f0096.jpg,4042251183-preview.mp4,1.92,96,900,474,2
4042251183_preview_t02.00_f0100.jpg,data_collection/candidates/4042251183_preview_t02.00_f0100.jpg,4042251183-preview.mp4,2.00,100,900,474,1
4042251183_preview_t02.16_f0108.jpg,data_collection/candidates_additional/4042251183_preview_t02.16_f0108.jpg,4042251183-preview.mp4,2.16,108,900,474,2
4042251183_preview_t02.40_f0120.jpg,data_collection/candidates_additional/4042251183_preview_t02.40_f0120.jpg,4042251183-preview.mp4,2.40,120,900,474,2
4042251183_preview_t02.50_f0125.jpg,data_collection/candidates/4042251183_preview_t02.50_f0125.jpg,4042251183-preview.mp4,2.50,125,900,474,1
4042251183_preview_t02.64_f0132.jpg,data_collection/candidates_additional/4042251183_preview_t02.64_f0132.jpg,4042251183-preview.mp4,2.64,132,900,474,2
4042251183_preview_t02.88_f0144.jpg,data_collection/candidates_additional/4042251183_preview_t02.88_f0144.jpg,4042251183-preview.mp4,2.88,144,900,474,2
4042251183_preview_t03.00_f0150.jpg,data_collection/candidates/4042251183_preview_t03.00_f0150.jpg,4042251183-preview.mp4,3.00,150,900,474,1
4042251183_preview_t03.12_f0156.jpg,data_collection/candidates_additional/4042251183_preview_t03.12_f0156.jpg,4042251183-preview.mp4,3.12,156,900,474,2
4042251183_preview_t03.36_f0168.jpg,data_collection/candidates_additional/4042251183_preview_t03.36_f0168.jpg,4042251183-preview.mp4,3.36,168,900,474,2
4042251183_preview_t03.50_f0175.jpg,data_collection/candidates/4042251183_preview_t03.50_f0175.jpg,4042251183-preview.mp4,3.50,175,900,474,1
4042251183_preview_t03.60_f0180.jpg,data_collection/candidates_additional/4042251183_preview_t03.60_f0180.jpg,4042251183-preview.mp4,3.60,180,900,474,2
4042251183_preview_t03.84_f0192.jpg,data_collection/candidates_additional/4042251183_preview_t03.84_f0192.jpg,4042251183-preview.mp4,3.84,192,900,474,2
4042251183_preview_t04.00_f0200.jpg,data_collection/candidates/4042251183_preview_t04.00_f0200.jpg,4042251183-preview.mp4,4.00,200,900,474,1
4042251183_preview_t04.08_f0204.jpg,data_collection/candidates_additional/4042251183_preview_t04.08_f0204.jpg,4042251183-preview.mp4,4.08,204,900,474,2
4042251183_preview_t04.32_f0216.jpg,data_collection/candidates_additional/4042251183_preview_t04.32_f0216.jpg,4042251183-preview.mp4,4.32,216,900,474,2
4042251183_preview_t04.50_f0225.jpg,data_collection/candidates/4042251183_preview_t04.50_f0225.jpg,4042251183-preview.mp4,4.50,225,900,474,1
4042251183_preview_t04.56_f0228.jpg,data_collection/candidates_additional/4042251183_preview_t04.56_f0228.jpg,4042251183-preview.mp4,4.56,228,900,474,2
4042251183_preview_t04.80_f0240.jpg,data_collection/candidates_additional/4042251183_preview_t04.80_f0240.jpg,4042251183-preview.mp4,4.80,240,900,474,2
4042251183_preview_t05.00_f0250.jpg,data_collection/candidates/4042251183_preview_t05.00_f0250.jpg,4042251183-preview.mp4,5.00,250,900,474,1
4042251183_preview_t05.04_f0252.jpg,data_collection/candidates_additional/4042251183_preview_t05.04_f0252.jpg,4042251183-preview.mp4,5.04,252,900,474,2
4042251183_preview_t05.28_f0264.jpg,data_collection/candidates_additional/4042251183_preview_t05.28_f0264.jpg,4042251183-preview.mp4,5.28,264,900,474,2
4042251183_preview_t05.50_f0275.jpg,data_collection/candidates/4042251183_preview_t05.50_f0275.jpg,4042251183-preview.mp4,5.50,275,900,474,1
4042251183_preview_t05.52_f0276.jpg,data_collection/candidates_additional/4042251183_preview_t05.52_f0276.jpg,4042251183-preview.mp4,5.52,276,900,474,2
4042251183_preview_t05.76_f0288.jpg,data_collection/candidates_additional/4042251183_preview_t05.76_f0288.jpg,4042251183-preview.mp4,5.76,288,900,474,2
4042251183_preview_t06.00_f0300.jpg,data_collection/candidates/4042251183_preview_t06.00_f0300.jpg,4042251183-preview.mp4,6.00,300,900,474,1
4042251183_preview_t06.24_f0312.jpg,data_collection/candidates_additional/4042251183_preview_t06.24_f0312.jpg,4042251183-preview.mp4,6.24,312,900,474,2
4042251183_preview_t06.48_f0324.jpg,data_collection/candidates_additional/4042251183_preview_t06.48_f0324.jpg,4042251183-preview.mp4,6.48,324,900,474,2
4042251183_preview_t06.50_f0325.jpg,data_collection/candidates/4042251183_preview_t06.50_f0325.jpg,4042251183-preview.mp4,6.50,325,900,474,1
4042251183_preview_t06.72_f0336.jpg,data_collection/candidates_additional/4042251183_preview_t06.72_f0336.jpg,4042251183-preview.mp4,6.72,336,900,474,2
4042251183_preview_t06.96_f0348.jpg,data_collection/candidates_additional/4042251183_preview_t06.96_f0348.jpg,4042251183-preview.mp4,6.96,348,900,474,2
4042251183_preview_t07.00_f0350.jpg,data_collection/candidates/4042251183_preview_t07.00_f0350.jpg,4042251183-preview.mp4,7.00,350,900,474,1
4042251183_preview_t07.20_f0360.jpg,data_collection/candidates_additional/4042251183_preview_t07.20_f0360.jpg,4042251183-preview.mp4,7.20,360,900,474,2
4042251183_preview_t07.44_f0372.jpg,data_collection/candidates_additional/4042251183_preview_t07.44_f0372.jpg,4042251183-preview.mp4,7.44,372,900,474,2
4042251183_preview_t07.50_f0375.jpg,data_collection/candidates/4042251183_preview_t07.50_f0375.jpg,4042251183-preview.mp4,7.50,375,900,474,1
4042251183_preview_t07.68_f0384.jpg,data_collection/candidates_additional/4042251183_preview_t07.68_f0384.jpg,4042251183-preview.mp4,7.68,384,900,474,2
4042251183_preview_t07.92_f0396.jpg,data_collection/candidates_additional/4042251183_preview_t07.92_f0396.jpg,4042251183-preview.mp4,7.92,396,900,474,2
4042251183_preview_t08.00_f0400.jpg,data_collection/candidates/4042251183_preview_t08.00_f0400.jpg,4042251183-preview.mp4,8.00,400,900,474,1
4042251183_preview_t08.16_f0408.jpg,data_collection/candidates_additional/4042251183_preview_t08.16_f0408.jpg,4042251183-preview.mp4,8.16,408,900,474,2
4042251183_preview_t08.40_f0420.jpg,data_collection/candidates_additional/4042251183_preview_t08.40_f0420.jpg,4042251183-preview.mp4,8.40,420,900,474,2
4042251183_preview_t08.50_f0425.jpg,data_collection/candidates/4042251183_preview_t08.50_f0425.jpg,4042251183-preview.mp4,8.50,425,900,474,1
4042251183_preview_t08.64_f0432.jpg,data_collection/candidates_additional/4042251183_preview_t08.64_f0432.jpg,4042251183-preview.mp4,8.64,432,900,474,2
4042251183_preview_t08.88_f0444.jpg,data_collection/candidates_additional/4042251183_preview_t08.88_f0444.jpg,4042251183-preview.mp4,8.88,444,900,474,2
4042251183_preview_t09.00_f0450.jpg,data_collection/candidates/4042251183_preview_t09.00_f0450.jpg,4042251183-preview.mp4,9.00,450,900,474,1
4042251183_preview_t09.12_f0456.jpg,data_collection/candidates_additional/4042251183_preview_t09.12_f0456.jpg,4042251183-preview.mp4,9.12,456,900,474,2
4042251183_preview_t09.36_f0468.jpg,data_collection/candidates_additional/4042251183_preview_t09.36_f0468.jpg,4042251183-preview.mp4,9.36,468,900,474,2
4042251183_preview_t09.50_f0475.jpg,data_collection/candidates/4042251183_preview_t09.50_f0475.jpg,4042251183-preview.mp4,9.50,475,900,474,1
4042251183_preview_t09.60_f0480.jpg,data_collection/candidates_additional/4042251183_preview_t09.60_f0480.jpg,4042251183-preview.mp4,9.60,480,900,474,2
4042251183_preview_t09.84_f0492.jpg,data_collection/candidates_additional/4042251183_preview_t09.84_f0492.jpg,4042251183-preview.mp4,9.84,492,900,474,2
4042251183_preview_t10.00_f0500.jpg,data_collection/candidates/4042251183_preview_t10.00_f0500.jpg,4042251183-preview.mp4,10.00,500,900,474,1
4042251183_preview_t10.08_f0504.jpg,data_collection/candidates_additional/4042251183_preview_t10.08_f0504.jpg,4042251183-preview.mp4,10.08,504,900,474,2
4042251183_preview_t10.32_f0516.jpg,data_collection/candidates_additional/4042251183_preview_t10.32_f0516.jpg,4042251183-preview.mp4,10.32,516,900,474,2
4042251183_preview_t10.50_f0525.jpg,data_collection/candidates/4042251183_preview_t10.50_f0525.jpg,4042251183-preview.mp4,10.50,525,900,474,1
4042251183_preview_t10.56_f0528.jpg,data_collection/candidates_additional/4042251183_preview_t10.56_f0528.jpg,4042251183-preview.mp4,10.56,528,900,474,2
4042251183_preview_t10.80_f0540.jpg,data_collection/candidates_additional/4042251183_preview_t10.80_f0540.jpg,4042251183-preview.mp4,10.80,540,900,474,2
4042251183_preview_t11.00_f0550.jpg,data_collection/candidates/4042251183_preview_t11.00_f0550.jpg,4042251183-preview.mp4,11.00,550,900,474,1
4042251183_preview_t11.04_f0552.jpg,data_collection/candidates_additional/4042251183_preview_t11.04_f0552.jpg,4042251183-preview.mp4,11.04,552,900,474,2
4042251183_preview_t11.28_f0564.jpg,data_collection/candidates_additional/4042251183_preview_t11.28_f0564.jpg,4042251183-preview.mp4,11.28,564,900,474,2
4042251183_preview_t11.50_f0575.jpg,data_collection/candidates/4042251183_preview_t11.50_f0575.jpg,4042251183-preview.mp4,11.50,575,900,474,1
4042251183_preview_t11.52_f0576.jpg,data_collection/candidates_additional/4042251183_preview_t11.52_f0576.jpg,4042251183-preview.mp4,11.52,576,900,474,2
4042251183_preview_t11.76_f0588.jpg,data_collection/candidates_additional/4042251183_preview_t11.76_f0588.jpg,4042251183-preview.mp4,11.76,588,900,474,2
4042251183_preview_t12.00_f0600.jpg,data_collection/candidates/4042251183_preview_t12.00_f0600.jpg,4042251183-preview.mp4,12.00,600,900,474,1
4042251183_preview_t12.24_f0612.jpg,data_collection/candidates_additional/4042251183_preview_t12.24_f0612.jpg,4042251183-preview.mp4,12.24,612,900,474,2
4042251183_preview_t12.48_f0624.jpg,data_collection/candidates_additional/4042251183_preview_t12.48_f0624.jpg,4042251183-preview.mp4,12.48,624,900,474,2
4042251183_preview_t12.50_f0625.jpg,data_collection/candidates/4042251183_preview_t12.50_f0625.jpg,4042251183-preview.mp4,12.50,625,900,474,1
4042251183_preview_t12.72_f0636.jpg,data_collection/candidates_additional/4042251183_preview_t12.72_f0636.jpg,4042251183-preview.mp4,12.72,636,900,474,2
4042251183_preview_t12.96_f0648.jpg,data_collection/candidates_additional/4042251183_preview_t12.96_f0648.jpg,4042251183-preview.mp4,12.96,648,900,474,2
4042251183_preview_t13.00_f0650.jpg,data_collection/candidates/4042251183_preview_t13.00_f0650.jpg,4042251183-preview.mp4,13.00,650,900,474,1
4042251183_preview_t13.20_f0660.jpg,data_collection/candidates_additional/4042251183_preview_t13.20_f0660.jpg,4042251183-preview.mp4,13.20,660,900,474,2
4042251183_preview_t13.44_f0672.jpg,data_collection/candidates_additional/4042251183_preview_t13.44_f0672.jpg,4042251183-preview.mp4,13.44,672,900,474,2
4042251183_preview_t13.50_f0675.jpg,data_collection/candidates/4042251183_preview_t13.50_f0675.jpg,4042251183-preview.mp4,13.50,675,900,474,1
4042251183_preview_t13.68_f0684.jpg,data_collection/candidates_additional/4042251183_preview_t13.68_f0684.jpg,4042251183-preview.mp4,13.68,684,900,474,2
4042251183_preview_t13.92_f0696.jpg,data_collection/candidates_additional/4042251183_preview_t13.92_f0696.jpg,4042251183-preview.mp4,13.92,696,900,474,2
4042251183_preview_t14.00_f0700.jpg,data_collection/candidates/4042251183_preview_t14.00_f0700.jpg,4042251183-preview.mp4,14.00,700,900,474,1
4042251183_preview_t14.16_f0708.jpg,data_collection/candidates_additional/4042251183_preview_t14.16_f0708.jpg,4042251183-preview.mp4,14.16,708,900,474,2
4042251183_preview_t14.40_f0720.jpg,data_collection/candidates_additional/4042251183_preview_t14.40_f0720.jpg,4042251183-preview.mp4,14.40,720,900,474,2
4042251183_preview_t14.50_f0725.jpg,data_collection/candidates/4042251183_preview_t14.50_f0725.jpg,4042251183-preview.mp4,14.50,725,900,474,1
4042251183_preview_t14.64_f0732.jpg,data_collection/candidates_additional/4042251183_preview_t14.64_f0732.jpg,4042251183-preview.mp4,14.64,732,900,474,2
4042251183_preview_t14.88_f0744.jpg,data_collection/candidates_additional/4042251183_preview_t14.88_f0744.jpg,4042251183-preview.mp4,14.88,744,900,474,2
4042251183_preview_t15.00_f0750.jpg,data_collection/candidates/4042251183_preview_t15.00_f0750.jpg,4042251183-preview.mp4,15.00,750,900,474,1
4042251183_preview_t15.12_f0756.jpg,data_collection/candidates_additional/4042251183_preview_t15.12_f0756.jpg,4042251183-preview.mp4,15.12,756,900,474,2
4048038451_preview_t00.00_f0000.jpg,data_collection/candidates/4048038451_preview_t00.00_f0000.jpg,4048038451-preview.mp4,0.00,0,898,506,1
4048038451_preview_t00.24_f0006.jpg,data_collection/candidates_additional/4048038451_preview_t00.24_f0006.jpg,4048038451-preview.mp4,0.24,6,898,506,2
4048038451_preview_t00.48_f0012.jpg,data_collection/candidates/4048038451_preview_t00.48_f0012.jpg,4048038451-preview.mp4,0.48,12,898,506,1
4048038451_preview_t00.72_f0018.jpg,data_collection/candidates_additional/4048038451_preview_t00.72_f0018.jpg,4048038451-preview.mp4,0.72,18,898,506,2
4048038451_preview_t00.96_f0024.jpg,data_collection/candidates/4048038451_preview_t00.96_f0024.jpg,4048038451-preview.mp4,0.96,24,898,506,1
4048038451_preview_t01.20_f0030.jpg,data_collection/candidates_additional/4048038451_preview_t01.20_f0030.jpg,4048038451-preview.mp4,1.20,30,898,506,2
4048038451_preview_t01.44_f0036.jpg,data_collection/candidates/4048038451_preview_t01.44_f0036.jpg,4048038451-preview.mp4,1.44,36,898,506,1
4048038451_preview_t01.68_f0042.jpg,data_collection/candidates_additional/4048038451_preview_t01.68_f0042.jpg,4048038451-preview.mp4,1.68,42,898,506,2
4048038451_preview_t01.92_f0048.jpg,data_collection/candidates/4048038451_preview_t01.92_f0048.jpg,4048038451-preview.mp4,1.92,48,898,506,1
4048038451_preview_t02.16_f0054.jpg,data_collection/candidates_additional/4048038451_preview_t02.16_f0054.jpg,4048038451-preview.mp4,2.16,54,898,506,2
4048038451_preview_t02.40_f0060.jpg,data_collection/candidates/4048038451_preview_t02.40_f0060.jpg,4048038451-preview.mp4,2.40,60,898,506,1
4048038451_preview_t02.64_f0066.jpg,data_collection/candidates_additional/4048038451_preview_t02.64_f0066.jpg,4048038451-preview.mp4,2.64,66,898,506,2
4048038451_preview_t02.88_f0072.jpg,data_collection/candidates/4048038451_preview_t02.88_f0072.jpg,4048038451-preview.mp4,2.88,72,898,506,1
4048038451_preview_t03.12_f0078.jpg,data_collection/candidates_additional/4048038451_preview_t03.12_f0078.jpg,4048038451-preview.mp4,3.12,78,898,506,2
4048038451_preview_t03.36_f0084.jpg,data_collection/candidates/4048038451_preview_t03.36_f0084.jpg,4048038451-preview.mp4,3.36,84,898,506,1
4048038451_preview_t03.60_f0090.jpg,data_collection/candidates_additional/4048038451_preview_t03.60_f0090.jpg,4048038451-preview.mp4,3.60,90,898,506,2
4048038451_preview_t03.84_f0096.jpg,data_collection/candidates/4048038451_preview_t03.84_f0096.jpg,4048038451-preview.mp4,3.84,96,898,506,1
4048038451_preview_t04.08_f0102.jpg,data_collection/candidates_additional/4048038451_preview_t04.08_f0102.jpg,4048038451-preview.mp4,4.08,102,898,506,2
4048038451_preview_t04.32_f0108.jpg,data_collection/candidates/4048038451_preview_t04.32_f0108.jpg,4048038451-preview.mp4,4.32,108,898,506,1
4048038451_preview_t04.56_f0114.jpg,data_collection/candidates_additional/4048038451_preview_t04.56_f0114.jpg,4048038451-preview.mp4,4.56,114,898,506,2
4048038451_preview_t04.80_f0120.jpg,data_collection/candidates/4048038451_preview_t04.80_f0120.jpg,4048038451-preview.mp4,4.80,120,898,506,1
4048038451_preview_t05.04_f0126.jpg,data_collection/candidates_additional/4048038451_preview_t05.04_f0126.jpg,4048038451-preview.mp4,5.04,126,898,506,2
4048038451_preview_t05.28_f0132.jpg,data_collection/candidates/4048038451_preview_t05.28_f0132.jpg,4048038451-preview.mp4,5.28,132,898,506,1
4048038451_preview_t05.52_f0138.jpg,data_collection/candidates_additional/4048038451_preview_t05.52_f0138.jpg,4048038451-preview.mp4,5.52,138,898,506,2
4048038451_preview_t05.76_f0144.jpg,data_collection/candidates/4048038451_preview_t05.76_f0144.jpg,4048038451-preview.mp4,5.76,144,898,506,1
4048038451_preview_t06.00_f0150.jpg,data_collection/candidates_additional/4048038451_preview_t06.00_f0150.jpg,4048038451-preview.mp4,6.00,150,898,506,2
4048038451_preview_t06.24_f0156.jpg,data_collection/candidates/4048038451_preview_t06.24_f0156.jpg,4048038451-preview.mp4,6.24,156,898,506,1
4048038451_preview_t06.48_f0162.jpg,data_collection/candidates_additional/4048038451_preview_t06.48_f0162.jpg,4048038451-preview.mp4,6.48,162,898,506,2
4048038451_preview_t06.72_f0168.jpg,data_collection/candidates/4048038451_preview_t06.72_f0168.jpg,4048038451-preview.mp4,6.72,168,898,506,1
4048038451_preview_t06.96_f0174.jpg,data_collection/candidates_additional/4048038451_preview_t06.96_f0174.jpg,4048038451-preview.mp4,6.96,174,898,506,2
4048038451_preview_t07.20_f0180.jpg,data_collection/candidates/4048038451_preview_t07.20_f0180.jpg,4048038451-preview.mp4,7.20,180,898,506,1
4048038451_preview_t07.44_f0186.jpg,data_collection/candidates_additional/4048038451_preview_t07.44_f0186.jpg,4048038451-preview.mp4,7.44,186,898,506,2
4048038451_preview_t07.68_f0192.jpg,data_collection/candidates/4048038451_preview_t07.68_f0192.jpg,4048038451-preview.mp4,7.68,192,898,506,1
4048038451_preview_t07.92_f0198.jpg,data_collection/candidates_additional/4048038451_preview_t07.92_f0198.jpg,4048038451-preview.mp4,7.92,198,898,506,2
4048038451_preview_t08.16_f0204.jpg,data_collection/candidates/4048038451_preview_t08.16_f0204.jpg,4048038451-preview.mp4,8.16,204,898,506,1
4048038451_preview_t08.40_f0210.jpg,data_collection/candidates_additional/4048038451_preview_t08.40_f0210.jpg,4048038451-preview.mp4,8.40,210,898,506,2
4048038451_preview_t08.64_f0216.jpg,data_collection/candidates/4048038451_preview_t08.64_f0216.jpg,4048038451-preview.mp4,8.64,216,898,506,1
4048038451_preview_t08.88_f0222.jpg,data_collection/candidates_additional/4048038451_preview_t08.88_f0222.jpg,4048038451-preview.mp4,8.88,222,898,506,2
4048038451_preview_t09.12_f0228.jpg,data_collection/candidates/4048038451_preview_t09.12_f0228.jpg,4048038451-preview.mp4,9.12,228,898,506,1
4048038451_preview_t09.36_f0234.jpg,data_collection/candidates_additional/4048038451_preview_t09.36_f0234.jpg,4048038451-preview.mp4,9.36,234,898,506,2
4048038451_preview_t09.60_f0240.jpg,data_collection/candidates/4048038451_preview_t09.60_f0240.jpg,4048038451-preview.mp4,9.60,240,898,506,1
4048038451_preview_t09.84_f0246.jpg,data_collection/candidates_additional/4048038451_preview_t09.84_f0246.jpg,4048038451-preview.mp4,9.84,246,898,506,2
4048038451_preview_t10.08_f0252.jpg,data_collection/candidates/4048038451_preview_t10.08_f0252.jpg,4048038451-preview.mp4,10.08,252,898,506,1
4048038451_preview_t10.32_f0258.jpg,data_collection/candidates_additional/4048038451_preview_t10.32_f0258.jpg,4048038451-preview.mp4,10.32,258,898,506,2
4048038451_preview_t10.56_f0264.jpg,data_collection/candidates/4048038451_preview_t10.56_f0264.jpg,4048038451-preview.mp4,10.56,264,898,506,1
4048038451_preview_t10.80_f0270.jpg,data_collection/candidates_additional/4048038451_preview_t10.80_f0270.jpg,4048038451-preview.mp4,10.80,270,898,506,2
4048038451_preview_t11.04_f0276.jpg,data_collection/candidates/4048038451_preview_t11.04_f0276.jpg,4048038451-preview.mp4,11.04,276,898,506,1
4048038451_preview_t11.28_f0282.jpg,data_collection/candidates_additional/4048038451_preview_t11.28_f0282.jpg,4048038451-preview.mp4,11.28,282,898,506,2
4048038451_preview_t11.52_f0288.jpg,data_collection/candidates/4048038451_preview_t11.52_f0288.jpg,4048038451-preview.mp4,11.52,288,898,506,1
4048038451_preview_t11.76_f0294.jpg,data_collection/candidates_additional/4048038451_preview_t11.76_f0294.jpg,4048038451-preview.mp4,11.76,294,898,506,2
4048038451_preview_t12.00_f0300.jpg,data_collection/candidates/4048038451_preview_t12.00_f0300.jpg,4048038451-preview.mp4,12.00,300,898,506,1
4161358813_preview_t00.00_f0000.jpg,data_collection/candidates/4161358813_preview_t00.00_f0000.jpg,4161358813-preview.mp4,0.00,0,900,506,1
4161358813_preview_t00.27_f0008.jpg,data_collection/candidates_additional/4161358813_preview_t00.27_f0008.jpg,4161358813-preview.mp4,0.27,8,900,506,2
4161358813_preview_t00.50_f0015.jpg,data_collection/candidates/4161358813_preview_t00.50_f0015.jpg,4161358813-preview.mp4,0.50,15,900,506,1
4161358813_preview_t00.53_f0016.jpg,data_collection/candidates_additional/4161358813_preview_t00.53_f0016.jpg,4161358813-preview.mp4,0.53,16,900,506,2
4161358813_preview_t00.80_f0024.jpg,data_collection/candidates_additional/4161358813_preview_t00.80_f0024.jpg,4161358813-preview.mp4,0.80,24,900,506,2
4161358813_preview_t01.00_f0030.jpg,data_collection/candidates/4161358813_preview_t01.00_f0030.jpg,4161358813-preview.mp4,1.00,30,900,506,1
4161358813_preview_t01.07_f0032.jpg,data_collection/candidates_additional/4161358813_preview_t01.07_f0032.jpg,4161358813-preview.mp4,1.07,32,900,506,2
4161358813_preview_t01.33_f0040.jpg,data_collection/candidates_additional/4161358813_preview_t01.33_f0040.jpg,4161358813-preview.mp4,1.33,40,900,506,2
4161358813_preview_t01.50_f0045.jpg,data_collection/candidates/4161358813_preview_t01.50_f0045.jpg,4161358813-preview.mp4,1.50,45,900,506,1
4161358813_preview_t01.60_f0048.jpg,data_collection/candidates_additional/4161358813_preview_t01.60_f0048.jpg,4161358813-preview.mp4,1.60,48,900,506,2
4161358813_preview_t01.87_f0056.jpg,data_collection/candidates_additional/4161358813_preview_t01.87_f0056.jpg,4161358813-preview.mp4,1.87,56,900,506,2
4161358813_preview_t02.00_f0060.jpg,data_collection/candidates/4161358813_preview_t02.00_f0060.jpg,4161358813-preview.mp4,2.00,60,900,506,1
4161358813_preview_t02.13_f0064.jpg,data_collection/candidates_additional/4161358813_preview_t02.13_f0064.jpg,4161358813-preview.mp4,2.13,64,900,506,2
4161358813_preview_t02.40_f0072.jpg,data_collection/candidates_additional/4161358813_preview_t02.40_f0072.jpg,4161358813-preview.mp4,2.40,72,900,506,2
4161358813_preview_t02.50_f0075.jpg,data_collection/candidates/4161358813_preview_t02.50_f0075.jpg,4161358813-preview.mp4,2.50,75,900,506,1
4161358813_preview_t02.67_f0080.jpg,data_collection/candidates_additional/4161358813_preview_t02.67_f0080.jpg,4161358813-preview.mp4,2.67,80,900,506,2
4161358813_preview_t02.93_f0088.jpg,data_collection/candidates_additional/4161358813_preview_t02.93_f0088.jpg,4161358813-preview.mp4,2.93,88,900,506,2
4161358813_preview_t03.00_f0090.jpg,data_collection/candidates/4161358813_preview_t03.00_f0090.jpg,4161358813-preview.mp4,3.00,90,900,506,1
4161358813_preview_t03.20_f0096.jpg,data_collection/candidates_additional/4161358813_preview_t03.20_f0096.jpg,4161358813-preview.mp4,3.20,96,900,506,2
4161358813_preview_t03.47_f0104.jpg,data_collection/candidates_additional/4161358813_preview_t03.47_f0104.jpg,4161358813-preview.mp4,3.47,104,900,506,2
4161358813_preview_t03.50_f0105.jpg,data_collection/candidates/4161358813_preview_t03.50_f0105.jpg,4161358813-preview.mp4,3.50,105,900,506,1
4161358813_preview_t03.73_f0112.jpg,data_collection/candidates_additional/4161358813_preview_t03.73_f0112.jpg,4161358813-preview.mp4,3.73,112,900,506,2
4161358813_preview_t04.00_f0120.jpg,data_collection/candidates/4161358813_preview_t04.00_f0120.jpg,4161358813-preview.mp4,4.00,120,900,506,1
4161358813_preview_t04.27_f0128.jpg,data_collection/candidates_additional/4161358813_preview_t04.27_f0128.jpg,4161358813-preview.mp4,4.27,128,900,506,2
4161358813_preview_t04.50_f0135.jpg,data_collection/candidates/4161358813_preview_t04.50_f0135.jpg,4161358813-preview.mp4,4.50,135,900,506,1
4161358813_preview_t04.53_f0136.jpg,data_collection/candidates_additional/4161358813_preview_t04.53_f0136.jpg,4161358813-preview.mp4,4.53,136,900,506,2
4161358813_preview_t04.80_f0144.jpg,data_collection/candidates_additional/4161358813_preview_t04.80_f0144.jpg,4161358813-preview.mp4,4.80,144,900,506,2
4161358813_preview_t05.00_f0150.jpg,data_collection/candidates/4161358813_preview_t05.00_f0150.jpg,4161358813-preview.mp4,5.00,150,900,506,1
4161358813_preview_t05.07_f0152.jpg,data_collection/candidates_additional/4161358813_preview_t05.07_f0152.jpg,4161358813-preview.mp4,5.07,152,900,506,2
4161358813_preview_t05.33_f0160.jpg,data_collection/candidates_additional/4161358813_preview_t05.33_f0160.jpg,4161358813-preview.mp4,5.33,160,900,506,2
4161358813_preview_t05.50_f0165.jpg,data_collection/candidates/4161358813_preview_t05.50_f0165.jpg,4161358813-preview.mp4,5.50,165,900,506,1
4161358813_preview_t05.60_f0168.jpg,data_collection/candidates_additional/4161358813_preview_t05.60_f0168.jpg,4161358813-preview.mp4,5.60,168,900,506,2
4161358813_preview_t05.87_f0176.jpg,data_collection/candidates_additional/4161358813_preview_t05.87_f0176.jpg,4161358813-preview.mp4,5.87,176,900,506,2
4161358813_preview_t06.00_f0180.jpg,data_collection/candidates/4161358813_preview_t06.00_f0180.jpg,4161358813-preview.mp4,6.00,180,900,506,1
4161358813_preview_t06.13_f0184.jpg,data_collection/candidates_additional/4161358813_preview_t06.13_f0184.jpg,4161358813-preview.mp4,6.13,184,900,506,2
4161358813_preview_t06.40_f0192.jpg,data_collection/candidates_additional/4161358813_preview_t06.40_f0192.jpg,4161358813-preview.mp4,6.40,192,900,506,2
4161358813_preview_t06.50_f0195.jpg,data_collection/candidates/4161358813_preview_t06.50_f0195.jpg,4161358813-preview.mp4,6.50,195,900,506,1
4161358813_preview_t06.67_f0200.jpg,data_collection/candidates_additional/4161358813_preview_t06.67_f0200.jpg,4161358813-preview.mp4,6.67,200,900,506,2
4161358813_preview_t06.93_f0208.jpg,data_collection/candidates_additional/4161358813_preview_t06.93_f0208.jpg,4161358813-preview.mp4,6.93,208,900,506,2
4161358813_preview_t07.00_f0210.jpg,data_collection/candidates/4161358813_preview_t07.00_f0210.jpg,4161358813-preview.mp4,7.00,210,900,506,1
4161358813_preview_t07.20_f0216.jpg,data_collection/candidates_additional/4161358813_preview_t07.20_f0216.jpg,4161358813-preview.mp4,7.20,216,900,506,2
4161358813_preview_t07.47_f0224.jpg,data_collection/candidates_additional/4161358813_preview_t07.47_f0224.jpg,4161358813-preview.mp4,7.47,224,900,506,2
4161358813_preview_t07.50_f0225.jpg,data_collection/candidates/4161358813_preview_t07.50_f0225.jpg,4161358813-preview.mp4,7.50,225,900,506,1
4161358813_preview_t07.73_f0232.jpg,data_collection/candidates_additional/4161358813_preview_t07.73_f0232.jpg,4161358813-preview.mp4,7.73,232,900,506,2
4161358813_preview_t08.00_f0240.jpg,data_collection/candidates/4161358813_preview_t08.00_f0240.jpg,4161358813-preview.mp4,8.00,240,900,506,1
4161358813_preview_t08.27_f0248.jpg,data_collection/candidates_additional/4161358813_preview_t08.27_f0248.jpg,4161358813-preview.mp4,8.27,248,900,506,2
4161358813_preview_t08.50_f0255.jpg,data_collection/candidates/4161358813_preview_t08.50_f0255.jpg,4161358813-preview.mp4,8.50,255,900,506,1
4161358813_preview_t08.53_f0256.jpg,data_collection/candidates_additional/4161358813_preview_t08.53_f0256.jpg,4161358813-preview.mp4,8.53,256,900,506,2
4161358813_preview_t08.80_f0264.jpg,data_collection/candidates_additional/4161358813_preview_t08.80_f0264.jpg,4161358813-preview.mp4,8.80,264,900,506,2
4161358813_preview_t09.00_f0270.jpg,data_collection/candidates/4161358813_preview_t09.00_f0270.jpg,4161358813-preview.mp4,9.00,270,900,506,1
4161358813_preview_t09.07_f0272.jpg,data_collection/candidates_additional/4161358813_preview_t09.07_f0272.jpg,4161358813-preview.mp4,9.07,272,900,506,2
4161358813_preview_t09.33_f0280.jpg,data_collection/candidates_additional/4161358813_preview_t09.33_f0280.jpg,4161358813-preview.mp4,9.33,280,900,506,2
4161358813_preview_t09.50_f0285.jpg,data_collection/candidates/4161358813_preview_t09.50_f0285.jpg,4161358813-preview.mp4,9.50,285,900,506,1
4161358813_preview_t09.60_f0288.jpg,data_collection/candidates_additional/4161358813_preview_t09.60_f0288.jpg,4161358813-preview.mp4,9.60,288,900,506,2
4161358813_preview_t09.87_f0296.jpg,data_collection/candidates_additional/4161358813_preview_t09.87_f0296.jpg,4161358813-preview.mp4,9.87,296,900,506,2
4161358813_preview_t10.00_f0300.jpg,data_collection/candidates/4161358813_preview_t10.00_f0300.jpg,4161358813-preview.mp4,10.00,300,900,506,1
4161358813_preview_t10.13_f0304.jpg,data_collection/candidates_additional/4161358813_preview_t10.13_f0304.jpg,4161358813-preview.mp4,10.13,304,900,506,2
4161358813_preview_t10.40_f0312.jpg,data_collection/candidates_additional/4161358813_preview_t10.40_f0312.jpg,4161358813-preview.mp4,10.40,312,900,506,2
4161358813_preview_t10.50_f0315.jpg,data_collection/candidates/4161358813_preview_t10.50_f0315.jpg,4161358813-preview.mp4,10.50,315,900,506,1
4161358813_preview_t10.67_f0320.jpg,data_collection/candidates_additional/4161358813_preview_t10.67_f0320.jpg,4161358813-preview.mp4,10.67,320,900,506,2
4161358813_preview_t10.93_f0328.jpg,data_collection/candidates_additional/4161358813_preview_t10.93_f0328.jpg,4161358813-preview.mp4,10.93,328,900,506,2
4161358813_preview_t11.00_f0330.jpg,data_collection/candidates/4161358813_preview_t11.00_f0330.jpg,4161358813-preview.mp4,11.00,330,900,506,1
4161358813_preview_t11.20_f0336.jpg,data_collection/candidates_additional/4161358813_preview_t11.20_f0336.jpg,4161358813-preview.mp4,11.20,336,900,506,2
4161358813_preview_t11.47_f0344.jpg,data_collection/candidates_additional/4161358813_preview_t11.47_f0344.jpg,4161358813-preview.mp4,11.47,344,900,506,2
4161358813_preview_t11.50_f0345.jpg,data_collection/candidates/4161358813_preview_t11.50_f0345.jpg,4161358813-preview.mp4,11.50,345,900,506,1
8482302_hd_1920_1080_25fps_t00.00_f0000.jpg,data_collection/candidates/8482302_hd_1920_1080_25fps_t00.00_f0000.jpg,8482302-hd_1920_1080_25fps.mp4,0.00,0,1920,1080,1
8482302_hd_1920_1080_25fps_t00.24_f0006.jpg,data_collection/candidates_additional/8482302_hd_1920_1080_25fps_t00.24_f0006.jpg,8482302-hd_1920_1080_25fps.mp4,0.24,6,1920,1080,2
8482302_hd_1920_1080_25fps_t00.48_f0012.jpg,data_collection/candidates/8482302_hd_1920_1080_25fps_t00.48_f0012.jpg,8482302-hd_1920_1080_25fps.mp4,0.48,12,1920,1080,1
8482302_hd_1920_1080_25fps_t00.72_f0018.jpg,data_collection/candidates_additional/8482302_hd_1920_1080_25fps_t00.72_f0018.jpg,8482302-hd_1920_1080_25fps.mp4,0.72,18,1920,1080,2
8482302_hd_1920_1080_25fps_t00.96_f0024.jpg,data_collection/candidates/8482302_hd_1920_1080_25fps_t00.96_f0024.jpg,8482302-hd_1920_1080_25fps.mp4,0.96,24,1920,1080,1
8482302_hd_1920_1080_25fps_t01.20_f0030.jpg,data_collection/candidates_additional/8482302_hd_1920_1080_25fps_t01.20_f0030.jpg,8482302-hd_1920_1080_25fps.mp4,1.20,30,1920,1080,2
8482302_hd_1920_1080_25fps_t01.44_f0036.jpg,data_collection/candidates/8482302_hd_1920_1080_25fps_t01.44_f0036.jpg,8482302-hd_1920_1080_25fps.mp4,1.44,36,1920,1080,1
8482302_hd_1920_1080_25fps_t01.68_f0042.jpg,data_collection/candidates_additional/8482302_hd_1920_1080_25fps_t01.68_f0042.jpg,8482302-hd_1920_1080_25fps.mp4,1.68,42,1920,1080,2
8482302_hd_1920_1080_25fps_t01.92_f0048.jpg,data_collection/candidates/8482302_hd_1920_1080_25fps_t01.92_f0048.jpg,8482302-hd_1920_1080_25fps.mp4,1.92,48,1920,1080,1
8482302_hd_1920_1080_25fps_t02.16_f0054.jpg,data_collection/candidates_additional/8482302_hd_1920_1080_25fps_t02.16_f0054.jpg,8482302-hd_1920_1080_25fps.mp4,2.16,54,1920,1080,2
8482302_hd_1920_1080_25fps_t02.40_f0060.jpg,data_collection/candidates/8482302_hd_1920_1080_25fps_t02.40_f0060.jpg,8482302-hd_1920_1080_25fps.mp4,2.40,60,1920,1080,1
8482302_hd_1920_1080_25fps_t02.64_f0066.jpg,data_collection/candidates_additional/8482302_hd_1920_1080_25fps_t02.64_f0066.jpg,8482302-hd_1920_1080_25fps.mp4,2.64,66,1920,1080,2
8482302_hd_1920_1080_25fps_t02.88_f0072.jpg,data_collection/candidates/8482302_hd_1920_1080_25fps_t02.88_f0072.jpg,8482302-hd_1920_1080_25fps.mp4,2.88,72,1920,1080,1
8482302_hd_1920_1080_25fps_t03.12_f0078.jpg,data_collection/candidates_additional/8482302_hd_1920_1080_25fps_t03.12_f0078.jpg,8482302-hd_1920_1080_25fps.mp4,3.12,78,1920,1080,2
8482302_hd_1920_1080_25fps_t03.36_f0084.jpg,data_collection/candidates/8482302_hd_1920_1080_25fps_t03.36_f0084.jpg,8482302-hd_1920_1080_25fps.mp4,3.36,84,1920,1080,1
8482302_hd_1920_1080_25fps_t03.60_f0090.jpg,data_collection/candidates_additional/8482302_hd_1920_1080_25fps_t03.60_f0090.jpg,8482302-hd_1920_1080_25fps.mp4,3.60,90,1920,1080,2
8482302_hd_1920_1080_25fps_t03.84_f0096.jpg,data_collection/candidates/8482302_hd_1920_1080_25fps_t03.84_f0096.jpg,8482302-hd_1920_1080_25fps.mp4,3.84,96,1920,1080,1
8482302_hd_1920_1080_25fps_t04.08_f0102.jpg,data_collection/candidates_additional/8482302_hd_1920_1080_25fps_t04.08_f0102.jpg,8482302-hd_1920_1080_25fps.mp4,4.08,102,1920,1080,2
8482302_hd_1920_1080_25fps_t04.32_f0108.jpg,data_collection/candidates/8482302_hd_1920_1080_25fps_t04.32_f0108.jpg,8482302-hd_1920_1080_25fps.mp4,4.32,108,1920,1080,1
8482302_hd_1920_1080_25fps_t04.56_f0114.jpg,data_collection/candidates_additional/8482302_hd_1920_1080_25fps_t04.56_f0114.jpg,8482302-hd_1920_1080_25fps.mp4,4.56,114,1920,1080,2
8482302_hd_1920_1080_25fps_t04.80_f0120.jpg,data_collection/candidates/8482302_hd_1920_1080_25fps_t04.80_f0120.jpg,8482302-hd_1920_1080_25fps.mp4,4.80,120,1920,1080,1
8482302_hd_1920_1080_25fps_t05.04_f0126.jpg,data_collection/candidates_additional/8482302_hd_1920_1080_25fps_t05.04_f0126.jpg,8482302-hd_1920_1080_25fps.mp4,5.04,126,1920,1080,2
8482302_hd_1920_1080_25fps_t05.28_f0132.jpg,data_collection/candidates/8482302_hd_1920_1080_25fps_t05.28_f0132.jpg,8482302-hd_1920_1080_25fps.mp4,5.28,132,1920,1080,1
8482302_hd_1920_1080_25fps_t05.52_f0138.jpg,data_collection/candidates_additional/8482302_hd_1920_1080_25fps_t05.52_f0138.jpg,8482302-hd_1920_1080_25fps.mp4,5.52,138,1920,1080,2
8482302_hd_1920_1080_25fps_t05.76_f0144.jpg,data_collection/candidates/8482302_hd_1920_1080_25fps_t05.76_f0144.jpg,8482302-hd_1920_1080_25fps.mp4,5.76,144,1920,1080,1
8482302_hd_1920_1080_25fps_t06.00_f0150.jpg,data_collection/candidates_additional/8482302_hd_1920_1080_25fps_t06.00_f0150.jpg,8482302-hd_1920_1080_25fps.mp4,6.00,150,1920,1080,2
8482302_hd_1920_1080_25fps_t06.24_f0156.jpg,data_collection/candidates/8482302_hd_1920_1080_25fps_t06.24_f0156.jpg,8482302-hd_1920_1080_25fps.mp4,6.24,156,1920,1080,1
8482302_hd_1920_1080_25fps_t06.48_f0162.jpg,data_collection/candidates_additional/8482302_hd_1920_1080_25fps_t06.48_f0162.jpg,8482302-hd_1920_1080_25fps.mp4,6.48,162,1920,1080,2
8482302_hd_1920_1080_25fps_t06.72_f0168.jpg,data_collection/candidates/8482302_hd_1920_1080_25fps_t06.72_f0168.jpg,8482302-hd_1920_1080_25fps.mp4,6.72,168,1920,1080,1
8482302_hd_1920_1080_25fps_t06.96_f0174.jpg,data_collection/candidates_additional/8482302_hd_1920_1080_25fps_t06.96_f0174.jpg,8482302-hd_1920_1080_25fps.mp4,6.96,174,1920,1080,2
8482302_hd_1920_1080_25fps_t07.20_f0180.jpg,data_collection/candidates/8482302_hd_1920_1080_25fps_t07.20_f0180.jpg,8482302-hd_1920_1080_25fps.mp4,7.20,180,1920,1080,1
8482302_hd_1920_1080_25fps_t07.44_f0186.jpg,data_collection/candidates_additional/8482302_hd_1920_1080_25fps_t07.44_f0186.jpg,8482302-hd_1920_1080_25fps.mp4,7.44,186,1920,1080,2
8482302_hd_1920_1080_25fps_t07.68_f0192.jpg,data_collection/candidates/8482302_hd_1920_1080_25fps_t07.68_f0192.jpg,8482302-hd_1920_1080_25fps.mp4,7.68,192,1920,1080,1
8482302_hd_1920_1080_25fps_t07.92_f0198.jpg,data_collection/candidates_additional/8482302_hd_1920_1080_25fps_t07.92_f0198.jpg,8482302-hd_1920_1080_25fps.mp4,7.92,198,1920,1080,2
8482302_hd_1920_1080_25fps_t08.16_f0204.jpg,data_collection/candidates/8482302_hd_1920_1080_25fps_t08.16_f0204.jpg,8482302-hd_1920_1080_25fps.mp4,8.16,204,1920,1080,1
8482302_hd_1920_1080_25fps_t08.40_f0210.jpg,data_collection/candidates_additional/8482302_hd_1920_1080_25fps_t08.40_f0210.jpg,8482302-hd_1920_1080_25fps.mp4,8.40,210,1920,1080,2
8482302_hd_1920_1080_25fps_t08.64_f0216.jpg,data_collection/candidates/8482302_hd_1920_1080_25fps_t08.64_f0216.jpg,8482302-hd_1920_1080_25fps.mp4,8.64,216,1920,1080,1
8482302_hd_1920_1080_25fps_t08.88_f0222.jpg,data_collection/candidates_additional/8482302_hd_1920_1080_25fps_t08.88_f0222.jpg,8482302-hd_1920_1080_25fps.mp4,8.88,222,1920,1080,2
8482302_hd_1920_1080_25fps_t09.12_f0228.jpg,data_collection/candidates/8482302_hd_1920_1080_25fps_t09.12_f0228.jpg,8482302-hd_1920_1080_25fps.mp4,9.12,228,1920,1080,1
8482302_hd_1920_1080_25fps_t09.36_f0234.jpg,data_collection/candidates_additional/8482302_hd_1920_1080_25fps_t09.36_f0234.jpg,8482302-hd_1920_1080_25fps.mp4,9.36,234,1920,1080,2
8482302_hd_1920_1080_25fps_t09.60_f0240.jpg,data_collection/candidates/8482302_hd_1920_1080_25fps_t09.60_f0240.jpg,8482302-hd_1920_1080_25fps.mp4,9.60,240,1920,1080,1
8482302_hd_1920_1080_25fps_t09.84_f0246.jpg,data_collection/candidates_additional/8482302_hd_1920_1080_25fps_t09.84_f0246.jpg,8482302-hd_1920_1080_25fps.mp4,9.84,246,1920,1080,2
8482302_hd_1920_1080_25fps_t10.08_f0252.jpg,data_collection/candidates/8482302_hd_1920_1080_25fps_t10.08_f0252.jpg,8482302-hd_1920_1080_25fps.mp4,10.08,252,1920,1080,1
8482302_hd_1920_1080_25fps_t10.32_f0258.jpg,data_collection/candidates_additional/8482302_hd_1920_1080_25fps_t10.32_f0258.jpg,8482302-hd_1920_1080_25fps.mp4,10.32,258,1920,1080,2
8482302_hd_1920_1080_25fps_t10.56_f0264.jpg,data_collection/candidates/8482302_hd_1920_1080_25fps_t10.56_f0264.jpg,8482302-hd_1920_1080_25fps.mp4,10.56,264,1920,1080,1
8482302_hd_1920_1080_25fps_t10.80_f0270.jpg,data_collection/candidates_additional/8482302_hd_1920_1080_25fps_t10.80_f0270.jpg,8482302-hd_1920_1080_25fps.mp4,10.80,270,1920,1080,2
8482302_hd_1920_1080_25fps_t11.04_f0276.jpg,data_collection/candidates/8482302_hd_1920_1080_25fps_t11.04_f0276.jpg,8482302-hd_1920_1080_25fps.mp4,11.04,276,1920,1080,1
8482302_hd_1920_1080_25fps_t11.28_f0282.jpg,data_collection/candidates_additional/8482302_hd_1920_1080_25fps_t11.28_f0282.jpg,8482302-hd_1920_1080_25fps.mp4,11.28,282,1920,1080,2
8482302_hd_1920_1080_25fps_t11.52_f0288.jpg,data_collection/candidates/8482302_hd_1920_1080_25fps_t11.52_f0288.jpg,8482302-hd_1920_1080_25fps.mp4,11.52,288,1920,1080,1
8482302_hd_1920_1080_25fps_t11.76_f0294.jpg,data_collection/candidates_additional/8482302_hd_1920_1080_25fps_t11.76_f0294.jpg,8482302-hd_1920_1080_25fps.mp4,11.76,294,1920,1080,2
8482302_hd_1920_1080_25fps_t12.00_f0300.jpg,data_collection/candidates/8482302_hd_1920_1080_25fps_t12.00_f0300.jpg,8482302-hd_1920_1080_25fps.mp4,12.00,300,1920,1080,1
8482302_hd_1920_1080_25fps_t12.24_f0306.jpg,data_collection/candidates_additional/8482302_hd_1920_1080_25fps_t12.24_f0306.jpg,8482302-hd_1920_1080_25fps.mp4,12.24,306,1920,1080,2
8482302_hd_1920_1080_25fps_t12.48_f0312.jpg,data_collection/candidates/8482302_hd_1920_1080_25fps_t12.48_f0312.jpg,8482302-hd_1920_1080_25fps.mp4,12.48,312,1920,1080,1
8482302_hd_1920_1080_25fps_t12.72_f0318.jpg,data_collection/candidates_additional/8482302_hd_1920_1080_25fps_t12.72_f0318.jpg,8482302-hd_1920_1080_25fps.mp4,12.72,318,1920,1080,2
8482302_hd_1920_1080_25fps_t12.96_f0324.jpg,data_collection/candidates/8482302_hd_1920_1080_25fps_t12.96_f0324.jpg,8482302-hd_1920_1080_25fps.mp4,12.96,324,1920,1080,1
8482302_hd_1920_1080_25fps_t13.20_f0330.jpg,data_collection/candidates_additional/8482302_hd_1920_1080_25fps_t13.20_f0330.jpg,8482302-hd_1920_1080_25fps.mp4,13.20,330,1920,1080,2
8482302_hd_1920_1080_25fps_t13.44_f0336.jpg,data_collection/candidates/8482302_hd_1920_1080_25fps_t13.44_f0336.jpg,8482302-hd_1920_1080_25fps.mp4,13.44,336,1920,1080,1
8482302_hd_1920_1080_25fps_t13.68_f0342.jpg,data_collection/candidates_additional/8482302_hd_1920_1080_25fps_t13.68_f0342.jpg,8482302-hd_1920_1080_25fps.mp4,13.68,342,1920,1080,2
8482302_hd_1920_1080_25fps_t13.92_f0348.jpg,data_collection/candidates/8482302_hd_1920_1080_25fps_t13.92_f0348.jpg,8482302-hd_1920_1080_25fps.mp4,13.92,348,1920,1080,1
8482302_hd_1920_1080_25fps_t14.16_f0354.jpg,data_collection/candidates_additional/8482302_hd_1920_1080_25fps_t14.16_f0354.jpg,8482302-hd_1920_1080_25fps.mp4,14.16,354,1920,1080,2
8482302_hd_1920_1080_25fps_t14.40_f0360.jpg,data_collection/candidates/8482302_hd_1920_1080_25fps_t14.40_f0360.jpg,8482302-hd_1920_1080_25fps.mp4,14.40,360,1920,1080,1
8482302_hd_1920_1080_25fps_t14.64_f0366.jpg,data_collection/candidates_additional/8482302_hd_1920_1080_25fps_t14.64_f0366.jpg,8482302-hd_1920_1080_25fps.mp4,14.64,366,1920,1080,2
8482302_hd_1920_1080_25fps_t14.88_f0372.jpg,data_collection/candidates/8482302_hd_1920_1080_25fps_t14.88_f0372.jpg,8482302-hd_1920_1080_25fps.mp4,14.88,372,1920,1080,1
8482302_hd_1920_1080_25fps_t15.12_f0378.jpg,data_collection/candidates_additional/8482302_hd_1920_1080_25fps_t15.12_f0378.jpg,8482302-hd_1920_1080_25fps.mp4,15.12,378,1920,1080,2
8482302_hd_1920_1080_25fps_t15.36_f0384.jpg,data_collection/candidates/8482302_hd_1920_1080_25fps_t15.36_f0384.jpg,8482302-hd_1920_1080_25fps.mp4,15.36,384,1920,1080,1
8482302_hd_1920_1080_25fps_t15.60_f0390.jpg,data_collection/candidates_additional/8482302_hd_1920_1080_25fps_t15.60_f0390.jpg,8482302-hd_1920_1080_25fps.mp4,15.60,390,1920,1080,2
8482302_hd_1920_1080_25fps_t15.84_f0396.jpg,data_collection/candidates/8482302_hd_1920_1080_25fps_t15.84_f0396.jpg,8482302-hd_1920_1080_25fps.mp4,15.84,396,1920,1080,1
8482302_hd_1920_1080_25fps_t16.08_f0402.jpg,data_collection/candidates_additional/8482302_hd_1920_1080_25fps_t16.08_f0402.jpg,8482302-hd_1920_1080_25fps.mp4,16.08,402,1920,1080,2
8482302_hd_1920_1080_25fps_t16.32_f0408.jpg,data_collection/candidates/8482302_hd_1920_1080_25fps_t16.32_f0408.jpg,8482302-hd_1920_1080_25fps.mp4,16.32,408,1920,1080,1
8482302_hd_1920_1080_25fps_t16.56_f0414.jpg,data_collection/candidates_additional/8482302_hd_1920_1080_25fps_t16.56_f0414.jpg,8482302-hd_1920_1080_25fps.mp4,16.56,414,1920,1080,2
8482302_hd_1920_1080_25fps_t16.80_f0420.jpg,data_collection/candidates/8482302_hd_1920_1080_25fps_t16.80_f0420.jpg,8482302-hd_1920_1080_25fps.mp4,16.80,420,1920,1080,1
8482302_hd_1920_1080_25fps_t17.04_f0426.jpg,data_collection/candidates_additional/8482302_hd_1920_1080_25fps_t17.04_f0426.jpg,8482302-hd_1920_1080_25fps.mp4,17.04,426,1920,1080,2
8482302_hd_1920_1080_25fps_t17.28_f0432.jpg,data_collection/candidates/8482302_hd_1920_1080_25fps_t17.28_f0432.jpg,8482302-hd_1920_1080_25fps.mp4,17.28,432,1920,1080,1
8482302_hd_1920_1080_25fps_t17.52_f0438.jpg,data_collection/candidates_additional/8482302_hd_1920_1080_25fps_t17.52_f0438.jpg,8482302-hd_1920_1080_25fps.mp4,17.52,438,1920,1080,2
8482302_hd_1920_1080_25fps_t17.76_f0444.jpg,data_collection/candidates/8482302_hd_1920_1080_25fps_t17.76_f0444.jpg,8482302-hd_1920_1080_25fps.mp4,17.76,444,1920,1080,1
8482302_hd_1920_1080_25fps_t18.00_f0450.jpg,data_collection/candidates_additional/8482302_hd_1920_1080_25fps_t18.00_f0450.jpg,8482302-hd_1920_1080_25fps.mp4,18.00,450,1920,1080,2
8482302_hd_1920_1080_25fps_t18.24_f0456.jpg,data_collection/candidates/8482302_hd_1920_1080_25fps_t18.24_f0456.jpg,8482302-hd_1920_1080_25fps.mp4,18.24,456,1920,1080,1
8482302_hd_1920_1080_25fps_t18.48_f0462.jpg,data_collection/candidates_additional/8482302_hd_1920_1080_25fps_t18.48_f0462.jpg,8482302-hd_1920_1080_25fps.mp4,18.48,462,1920,1080,2
8482302_hd_1920_1080_25fps_t18.72_f0468.jpg,data_collection/candidates/8482302_hd_1920_1080_25fps_t18.72_f0468.jpg,8482302-hd_1920_1080_25fps.mp4,18.72,468,1920,1080,1
8482302_hd_1920_1080_25fps_t18.96_f0474.jpg,data_collection/candidates_additional/8482302_hd_1920_1080_25fps_t18.96_f0474.jpg,8482302-hd_1920_1080_25fps.mp4,18.96,474,1920,1080,2
8482302_hd_1920_1080_25fps_t19.20_f0480.jpg,data_collection/candidates/8482302_hd_1920_1080_25fps_t19.20_f0480.jpg,8482302-hd_1920_1080_25fps.mp4,19.20,480,1920,1080,1
8482302_hd_1920_1080_25fps_t19.44_f0486.jpg,data_collection/candidates_additional/8482302_hd_1920_1080_25fps_t19.44_f0486.jpg,8482302-hd_1920_1080_25fps.mp4,19.44,486,1920,1080,2
8482302_hd_1920_1080_25fps_t19.68_f0492.jpg,data_collection/candidates/8482302_hd_1920_1080_25fps_t19.68_f0492.jpg,8482302-hd_1920_1080_25fps.mp4,19.68,492,1920,1080,1
8482302_hd_1920_1080_25fps_t19.92_f0498.jpg,data_collection/candidates_additional/8482302_hd_1920_1080_25fps_t19.92_f0498.jpg,8482302-hd_1920_1080_25fps.mp4,19.92,498,1920,1080,2
8482302_hd_1920_1080_25fps_t20.16_f0504.jpg,data_collection/candidates/8482302_hd_1920_1080_25fps_t20.16_f0504.jpg,8482302-hd_1920_1080_25fps.mp4,20.16,504,1920,1080,1
8482302_hd_1920_1080_25fps_t20.40_f0510.jpg,data_collection/candidates_additional/8482302_hd_1920_1080_25fps_t20.40_f0510.jpg,8482302-hd_1920_1080_25fps.mp4,20.40,510,1920,1080,2
8482302_hd_1920_1080_25fps_t20.64_f0516.jpg,data_collection/candidates/8482302_hd_1920_1080_25fps_t20.64_f0516.jpg,8482302-hd_1920_1080_25fps.mp4,20.64,516,1920,1080,1
8482302_hd_1920_1080_25fps_t20.88_f0522.jpg,data_collection/candidates_additional/8482302_hd_1920_1080_25fps_t20.88_f0522.jpg,8482302-hd_1920_1080_25fps.mp4,20.88,522,1920,1080,2
8482302_hd_1920_1080_25fps_t21.12_f0528.jpg,data_collection/candidates/8482302_hd_1920_1080_25fps_t21.12_f0528.jpg,8482302-hd_1920_1080_25fps.mp4,21.12,528,1920,1080,1
8482302_hd_1920_1080_25fps_t21.36_f0534.jpg,data_collection/candidates_additional/8482302_hd_1920_1080_25fps_t21.36_f0534.jpg,8482302-hd_1920_1080_25fps.mp4,21.36,534,1920,1080,2
8482302_hd_1920_1080_25fps_t21.60_f0540.jpg,data_collection/candidates/8482302_hd_1920_1080_25fps_t21.60_f0540.jpg,8482302-hd_1920_1080_25fps.mp4,21.60,540,1920,1080,1
8482302_hd_1920_1080_25fps_t21.84_f0546.jpg,data_collection/candidates_additional/8482302_hd_1920_1080_25fps_t21.84_f0546.jpg,8482302-hd_1920_1080_25fps.mp4,21.84,546,1920,1080,2
8482302_hd_1920_1080_25fps_t22.08_f0552.jpg,data_collection/candidates/8482302_hd_1920_1080_25fps_t22.08_f0552.jpg,8482302-hd_1920_1080_25fps.mp4,22.08,552,1920,1080,1
8482302_hd_1920_1080_25fps_t22.32_f0558.jpg,data_collection/candidates_additional/8482302_hd_1920_1080_25fps_t22.32_f0558.jpg,8482302-hd_1920_1080_25fps.mp4,22.32,558,1920,1080,2
8482302_hd_1920_1080_25fps_t22.56_f0564.jpg,data_collection/candidates/8482302_hd_1920_1080_25fps_t22.56_f0564.jpg,8482302-hd_1920_1080_25fps.mp4,22.56,564,1920,1080,1
8482302_hd_1920_1080_25fps_t22.80_f0570.jpg,data_collection/candidates_additional/8482302_hd_1920_1080_25fps_t22.80_f0570.jpg,8482302-hd_1920_1080_25fps.mp4,22.80,570,1920,1080,2
8482302_hd_1920_1080_25fps_t23.04_f0576.jpg,data_collection/candidates/8482302_hd_1920_1080_25fps_t23.04_f0576.jpg,8482302-hd_1920_1080_25fps.mp4,23.04,576,1920,1080,1
8482302_hd_1920_1080_25fps_t23.28_f0582.jpg,data_collection/candidates_additional/8482302_hd_1920_1080_25fps_t23.28_f0582.jpg,8482302-hd_1920_1080_25fps.mp4,23.28,582,1920,1080,2
8482302_hd_1920_1080_25fps_t23.52_f0588.jpg,data_collection/candidates/8482302_hd_1920_1080_25fps_t23.52_f0588.jpg,8482302-hd_1920_1080_25fps.mp4,23.52,588,1920,1080,1
8482302_hd_1920_1080_25fps_t23.76_f0594.jpg,data_collection/candidates_additional/8482302_hd_1920_1080_25fps_t23.76_f0594.jpg,8482302-hd_1920_1080_25fps.mp4,23.76,594,1920,1080,2
8482302_hd_1920_1080_25fps_t24.00_f0600.jpg,data_collection/candidates/8482302_hd_1920_1080_25fps_t24.00_f0600.jpg,8482302-hd_1920_1080_25fps.mp4,24.00,600,1920,1080,1
8482302_hd_1920_1080_25fps_t24.24_f0606.jpg,data_collection/candidates_additional/8482302_hd_1920_1080_25fps_t24.24_f0606.jpg,8482302-hd_1920_1080_25fps.mp4,24.24,606,1920,1080,2
gloves_mask_t00.00_f0000.jpg,data_collection/candidates/gloves_mask_t00.00_f0000.jpg,gloves + mask.mp4,0.00,0,1280,720,1
gloves_mask_t00.25_f0006.jpg,data_collection/candidates_additional/gloves_mask_t00.25_f0006.jpg,gloves + mask.mp4,0.25,6,1280,720,2
gloves_mask_t00.50_f0012.jpg,data_collection/candidates/gloves_mask_t00.50_f0012.jpg,gloves + mask.mp4,0.50,12,1280,720,1
gloves_mask_t00.75_f0018.jpg,data_collection/candidates_additional/gloves_mask_t00.75_f0018.jpg,gloves + mask.mp4,0.75,18,1280,720,2
gloves_mask_t01.00_f0024.jpg,data_collection/candidates/gloves_mask_t01.00_f0024.jpg,gloves + mask.mp4,1.00,24,1280,720,1
gloves_mask_t01.25_f0030.jpg,data_collection/candidates_additional/gloves_mask_t01.25_f0030.jpg,gloves + mask.mp4,1.25,30,1280,720,2
gloves_mask_t01.50_f0036.jpg,data_collection/candidates/gloves_mask_t01.50_f0036.jpg,gloves + mask.mp4,1.50,36,1280,720,1
gloves_mask_t01.75_f0042.jpg,data_collection/candidates_additional/gloves_mask_t01.75_f0042.jpg,gloves + mask.mp4,1.75,42,1280,720,2
gloves_mask_t02.00_f0048.jpg,data_collection/candidates/gloves_mask_t02.00_f0048.jpg,gloves + mask.mp4,2.00,48,1280,720,1
gloves_mask_t02.25_f0054.jpg,data_collection/candidates_additional/gloves_mask_t02.25_f0054.jpg,gloves + mask.mp4,2.25,54,1280,720,2
gloves_mask_t02.50_f0060.jpg,data_collection/candidates/gloves_mask_t02.50_f0060.jpg,gloves + mask.mp4,2.50,60,1280,720,1
gloves_mask_t02.75_f0066.jpg,data_collection/candidates_additional/gloves_mask_t02.75_f0066.jpg,gloves + mask.mp4,2.75,66,1280,720,2
gloves_mask_t03.00_f0072.jpg,data_collection/candidates/gloves_mask_t03.00_f0072.jpg,gloves + mask.mp4,3.00,72,1280,720,1
gloves_mask_t03.25_f0078.jpg,data_collection/candidates_additional/gloves_mask_t03.25_f0078.jpg,gloves + mask.mp4,3.25,78,1280,720,2
gloves_mask_t03.50_f0084.jpg,data_collection/candidates/gloves_mask_t03.50_f0084.jpg,gloves + mask.mp4,3.50,84,1280,720,1
gloves_mask_t03.75_f0090.jpg,data_collection/candidates_additional/gloves_mask_t03.75_f0090.jpg,gloves + mask.mp4,3.75,90,1280,720,2
gloves_mask_t04.00_f0096.jpg,data_collection/candidates/gloves_mask_t04.00_f0096.jpg,gloves + mask.mp4,4.00,96,1280,720,1
gloves_mask_t04.25_f0102.jpg,data_collection/candidates_additional/gloves_mask_t04.25_f0102.jpg,gloves + mask.mp4,4.25,102,1280,720,2
gloves_mask_t04.50_f0108.jpg,data_collection/candidates/gloves_mask_t04.50_f0108.jpg,gloves + mask.mp4,4.50,108,1280,720,1
gloves_mask_t04.75_f0114.jpg,data_collection/candidates_additional/gloves_mask_t04.75_f0114.jpg,gloves + mask.mp4,4.75,114,1280,720,2
gloves_mask_t05.00_f0120.jpg,data_collection/candidates/gloves_mask_t05.00_f0120.jpg,gloves + mask.mp4,5.00,120,1280,720,1
gloves_mask_t05.25_f0126.jpg,data_collection/candidates_additional/gloves_mask_t05.25_f0126.jpg,gloves + mask.mp4,5.25,126,1280,720,2
gloves_mask_t05.50_f0132.jpg,data_collection/candidates/gloves_mask_t05.50_f0132.jpg,gloves + mask.mp4,5.50,132,1280,720,1
gloves_mask_t05.75_f0138.jpg,data_collection/candidates_additional/gloves_mask_t05.75_f0138.jpg,gloves + mask.mp4,5.75,138,1280,720,2
gloves_mask_t06.00_f0144.jpg,data_collection/candidates/gloves_mask_t06.00_f0144.jpg,gloves + mask.mp4,6.00,144,1280,720,1
gloves_mask_t06.25_f0150.jpg,data_collection/candidates_additional/gloves_mask_t06.25_f0150.jpg,gloves + mask.mp4,6.25,150,1280,720,2
gloves_mask_t06.50_f0156.jpg,data_collection/candidates/gloves_mask_t06.50_f0156.jpg,gloves + mask.mp4,6.50,156,1280,720,1
gloves_mask_t06.75_f0162.jpg,data_collection/candidates_additional/gloves_mask_t06.75_f0162.jpg,gloves + mask.mp4,6.75,162,1280,720,2
gloves_mask_t07.00_f0168.jpg,data_collection/candidates/gloves_mask_t07.00_f0168.jpg,gloves + mask.mp4,7.00,168,1280,720,1
gloves_mask_t07.25_f0174.jpg,data_collection/candidates_additional/gloves_mask_t07.25_f0174.jpg,gloves + mask.mp4,7.25,174,1280,720,2
gloves_mask_t07.50_f0180.jpg,data_collection/candidates/gloves_mask_t07.50_f0180.jpg,gloves + mask.mp4,7.50,180,1280,720,1
gloves_mask_t07.75_f0186.jpg,data_collection/candidates_additional/gloves_mask_t07.75_f0186.jpg,gloves + mask.mp4,7.75,186,1280,720,2
gloves_mask_t08.00_f0192.jpg,data_collection/candidates/gloves_mask_t08.00_f0192.jpg,gloves + mask.mp4,8.00,192,1280,720,1
gloves_mask_t08.25_f0198.jpg,data_collection/candidates_additional/gloves_mask_t08.25_f0198.jpg,gloves + mask.mp4,8.25,198,1280,720,2
gloves_mask_t08.50_f0204.jpg,data_collection/candidates/gloves_mask_t08.50_f0204.jpg,gloves + mask.mp4,8.50,204,1280,720,1
gloves_mask_t08.75_f0210.jpg,data_collection/candidates_additional/gloves_mask_t08.75_f0210.jpg,gloves + mask.mp4,8.75,210,1280,720,2
gloves_mask_t09.00_f0216.jpg,data_collection/candidates/gloves_mask_t09.00_f0216.jpg,gloves + mask.mp4,9.00,216,1280,720,1
gloves_mask_t09.25_f0222.jpg,data_collection/candidates_additional/gloves_mask_t09.25_f0222.jpg,gloves + mask.mp4,9.25,222,1280,720,2
gloves_mask_t09.50_f0228.jpg,data_collection/candidates/gloves_mask_t09.50_f0228.jpg,gloves + mask.mp4,9.50,228,1280,720,1
gloves_mask_t09.75_f0234.jpg,data_collection/candidates_additional/gloves_mask_t09.75_f0234.jpg,gloves + mask.mp4,9.75,234,1280,720,2
gloves_only_t00.00_f0000.jpg,data_collection/candidates/gloves_only_t00.00_f0000.jpg,gloves only.mp4,0.00,0,768,432,1
gloves_only_t00.24_f0006.jpg,data_collection/candidates_additional/gloves_only_t00.24_f0006.jpg,gloves only.mp4,0.24,6,768,432,2
gloves_only_t00.48_f0012.jpg,data_collection/candidates/gloves_only_t00.48_f0012.jpg,gloves only.mp4,0.48,12,768,432,1
gloves_only_t00.72_f0018.jpg,data_collection/candidates_additional/gloves_only_t00.72_f0018.jpg,gloves only.mp4,0.72,18,768,432,2
gloves_only_t00.96_f0024.jpg,data_collection/candidates/gloves_only_t00.96_f0024.jpg,gloves only.mp4,0.96,24,768,432,1
gloves_only_t01.20_f0030.jpg,data_collection/candidates_additional/gloves_only_t01.20_f0030.jpg,gloves only.mp4,1.20,30,768,432,2
gloves_only_t01.44_f0036.jpg,data_collection/candidates/gloves_only_t01.44_f0036.jpg,gloves only.mp4,1.44,36,768,432,1
gloves_only_t01.68_f0042.jpg,data_collection/candidates_additional/gloves_only_t01.68_f0042.jpg,gloves only.mp4,1.68,42,768,432,2
gloves_only_t01.92_f0048.jpg,data_collection/candidates/gloves_only_t01.92_f0048.jpg,gloves only.mp4,1.92,48,768,432,1
gloves_only_t02.16_f0054.jpg,data_collection/candidates_additional/gloves_only_t02.16_f0054.jpg,gloves only.mp4,2.16,54,768,432,2
gloves_only_t02.40_f0060.jpg,data_collection/candidates/gloves_only_t02.40_f0060.jpg,gloves only.mp4,2.40,60,768,432,1
gloves_only_t02.64_f0066.jpg,data_collection/candidates_additional/gloves_only_t02.64_f0066.jpg,gloves only.mp4,2.64,66,768,432,2
gloves_only_t02.88_f0072.jpg,data_collection/candidates/gloves_only_t02.88_f0072.jpg,gloves only.mp4,2.88,72,768,432,1
gloves_only_t03.12_f0078.jpg,data_collection/candidates_additional/gloves_only_t03.12_f0078.jpg,gloves only.mp4,3.12,78,768,432,2
gloves_only_t03.36_f0084.jpg,data_collection/candidates/gloves_only_t03.36_f0084.jpg,gloves only.mp4,3.36,84,768,432,1
gloves_only_t03.60_f0090.jpg,data_collection/candidates_additional/gloves_only_t03.60_f0090.jpg,gloves only.mp4,3.60,90,768,432,2
gloves_only_t03.84_f0096.jpg,data_collection/candidates/gloves_only_t03.84_f0096.jpg,gloves only.mp4,3.84,96,768,432,1
gloves_only_t04.08_f0102.jpg,data_collection/candidates_additional/gloves_only_t04.08_f0102.jpg,gloves only.mp4,4.08,102,768,432,2
gloves_only_t04.32_f0108.jpg,data_collection/candidates/gloves_only_t04.32_f0108.jpg,gloves only.mp4,4.32,108,768,432,1
gloves_only_t04.56_f0114.jpg,data_collection/candidates_additional/gloves_only_t04.56_f0114.jpg,gloves only.mp4,4.56,114,768,432,2
gloves_only_t04.80_f0120.jpg,data_collection/candidates/gloves_only_t04.80_f0120.jpg,gloves only.mp4,4.80,120,768,432,1
gloves_only_t05.04_f0126.jpg,data_collection/candidates_additional/gloves_only_t05.04_f0126.jpg,gloves only.mp4,5.04,126,768,432,2
gloves_only_t05.28_f0132.jpg,data_collection/candidates/gloves_only_t05.28_f0132.jpg,gloves only.mp4,5.28,132,768,432,1
gloves_only_t05.52_f0138.jpg,data_collection/candidates_additional/gloves_only_t05.52_f0138.jpg,gloves only.mp4,5.52,138,768,432,2
gloves_only_t05.76_f0144.jpg,data_collection/candidates/gloves_only_t05.76_f0144.jpg,gloves only.mp4,5.76,144,768,432,1
gloves_only_t06.00_f0150.jpg,data_collection/candidates_additional/gloves_only_t06.00_f0150.jpg,gloves only.mp4,6.00,150,768,432,2
gloves_only_t06.24_f0156.jpg,data_collection/candidates/gloves_only_t06.24_f0156.jpg,gloves only.mp4,6.24,156,768,432,1
gloves_only_t06.48_f0162.jpg,data_collection/candidates_additional/gloves_only_t06.48_f0162.jpg,gloves only.mp4,6.48,162,768,432,2
gloves_only_t06.72_f0168.jpg,data_collection/candidates/gloves_only_t06.72_f0168.jpg,gloves only.mp4,6.72,168,768,432,1
gloves_only_t06.96_f0174.jpg,data_collection/candidates_additional/gloves_only_t06.96_f0174.jpg,gloves only.mp4,6.96,174,768,432,2
gloves_only_t07.20_f0180.jpg,data_collection/candidates/gloves_only_t07.20_f0180.jpg,gloves only.mp4,7.20,180,768,432,1
gloves_only_t07.44_f0186.jpg,data_collection/candidates_additional/gloves_only_t07.44_f0186.jpg,gloves only.mp4,7.44,186,768,432,2
gloves_only_t07.68_f0192.jpg,data_collection/candidates/gloves_only_t07.68_f0192.jpg,gloves only.mp4,7.68,192,768,432,1
gloves_only_t07.92_f0198.jpg,data_collection/candidates_additional/gloves_only_t07.92_f0198.jpg,gloves only.mp4,7.92,198,768,432,2
gloves_only_t08.16_f0204.jpg,data_collection/candidates/gloves_only_t08.16_f0204.jpg,gloves only.mp4,8.16,204,768,432,1
gloves_only_t08.40_f0210.jpg,data_collection/candidates_additional/gloves_only_t08.40_f0210.jpg,gloves only.mp4,8.40,210,768,432,2
gloves_only_t08.64_f0216.jpg,data_collection/candidates/gloves_only_t08.64_f0216.jpg,gloves only.mp4,8.64,216,768,432,1
gloves_only_t08.88_f0222.jpg,data_collection/candidates_additional/gloves_only_t08.88_f0222.jpg,gloves only.mp4,8.88,222,768,432,2
gloves_only_t09.12_f0228.jpg,data_collection/candidates/gloves_only_t09.12_f0228.jpg,gloves only.mp4,9.12,228,768,432,1
gloves_only_t09.36_f0234.jpg,data_collection/candidates_additional/gloves_only_t09.36_f0234.jpg,gloves only.mp4,9.36,234,768,432,2
gloves_only_t09.60_f0240.jpg,data_collection/candidates/gloves_only_t09.60_f0240.jpg,gloves only.mp4,9.60,240,768,432,1
gloves_only_t09.84_f0246.jpg,data_collection/candidates_additional/gloves_only_t09.84_f0246.jpg,gloves only.mp4,9.84,246,768,432,2
gloves_only_t10.08_f0252.jpg,data_collection/candidates/gloves_only_t10.08_f0252.jpg,gloves only.mp4,10.08,252,768,432,1
gloves_only_t10.32_f0258.jpg,data_collection/candidates_additional/gloves_only_t10.32_f0258.jpg,gloves only.mp4,10.32,258,768,432,2
gloves_only_t10.56_f0264.jpg,data_collection/candidates/gloves_only_t10.56_f0264.jpg,gloves only.mp4,10.56,264,768,432,1
gloves_only_t10.80_f0270.jpg,data_collection/candidates_additional/gloves_only_t10.80_f0270.jpg,gloves only.mp4,10.80,270,768,432,2
gloves_only_t11.04_f0276.jpg,data_collection/candidates/gloves_only_t11.04_f0276.jpg,gloves only.mp4,11.04,276,768,432,1
gloves_only_t11.28_f0282.jpg,data_collection/candidates_additional/gloves_only_t11.28_f0282.jpg,gloves only.mp4,11.28,282,768,432,2
gloves_only_t11.52_f0288.jpg,data_collection/candidates/gloves_only_t11.52_f0288.jpg,gloves only.mp4,11.52,288,768,432,1
gloves_only_t11.76_f0294.jpg,data_collection/candidates_additional/gloves_only_t11.76_f0294.jpg,gloves only.mp4,11.76,294,768,432,2
gloves_only_t12.00_f0300.jpg,data_collection/candidates/gloves_only_t12.00_f0300.jpg,gloves only.mp4,12.00,300,768,432,1
gloves_only_t12.24_f0306.jpg,data_collection/candidates_additional/gloves_only_t12.24_f0306.jpg,gloves only.mp4,12.24,306,768,432,2
gloves_only_t12.48_f0312.jpg,data_collection/candidates/gloves_only_t12.48_f0312.jpg,gloves only.mp4,12.48,312,768,432,1
gloves_only_t12.72_f0318.jpg,data_collection/candidates_additional/gloves_only_t12.72_f0318.jpg,gloves only.mp4,12.72,318,768,432,2
helmet_only_t00.00_f0000.jpg,data_collection/candidates/helmet_only_t00.00_f0000.jpg,helmet only.mp4,0.00,0,768,432,1
helmet_only_t00.24_f0006.jpg,data_collection/candidates_additional/helmet_only_t00.24_f0006.jpg,helmet only.mp4,0.24,6,768,432,2
helmet_only_t00.48_f0012.jpg,data_collection/candidates/helmet_only_t00.48_f0012.jpg,helmet only.mp4,0.48,12,768,432,1
helmet_only_t00.72_f0018.jpg,data_collection/candidates_additional/helmet_only_t00.72_f0018.jpg,helmet only.mp4,0.72,18,768,432,2
helmet_only_t00.96_f0024.jpg,data_collection/candidates/helmet_only_t00.96_f0024.jpg,helmet only.mp4,0.96,24,768,432,1
helmet_only_t01.20_f0030.jpg,data_collection/candidates_additional/helmet_only_t01.20_f0030.jpg,helmet only.mp4,1.20,30,768,432,2
helmet_only_t01.44_f0036.jpg,data_collection/candidates/helmet_only_t01.44_f0036.jpg,helmet only.mp4,1.44,36,768,432,1
helmet_only_t01.68_f0042.jpg,data_collection/candidates_additional/helmet_only_t01.68_f0042.jpg,helmet only.mp4,1.68,42,768,432,2
helmet_only_t01.92_f0048.jpg,data_collection/candidates/helmet_only_t01.92_f0048.jpg,helmet only.mp4,1.92,48,768,432,1
helmet_only_t02.16_f0054.jpg,data_collection/candidates_additional/helmet_only_t02.16_f0054.jpg,helmet only.mp4,2.16,54,768,432,2
helmet_only_t02.40_f0060.jpg,data_collection/candidates/helmet_only_t02.40_f0060.jpg,helmet only.mp4,2.40,60,768,432,1
helmet_only_t02.64_f0066.jpg,data_collection/candidates_additional/helmet_only_t02.64_f0066.jpg,helmet only.mp4,2.64,66,768,432,2
helmet_only_t02.88_f0072.jpg,data_collection/candidates/helmet_only_t02.88_f0072.jpg,helmet only.mp4,2.88,72,768,432,1
helmet_only_t03.12_f0078.jpg,data_collection/candidates_additional/helmet_only_t03.12_f0078.jpg,helmet only.mp4,3.12,78,768,432,2
helmet_only_t03.36_f0084.jpg,data_collection/candidates/helmet_only_t03.36_f0084.jpg,helmet only.mp4,3.36,84,768,432,1
helmet_only_t03.60_f0090.jpg,data_collection/candidates_additional/helmet_only_t03.60_f0090.jpg,helmet only.mp4,3.60,90,768,432,2
helmet_only_t03.84_f0096.jpg,data_collection/candidates/helmet_only_t03.84_f0096.jpg,helmet only.mp4,3.84,96,768,432,1
helmet_only_t04.08_f0102.jpg,data_collection/candidates_additional/helmet_only_t04.08_f0102.jpg,helmet only.mp4,4.08,102,768,432,2
helmet_only_t04.32_f0108.jpg,data_collection/candidates/helmet_only_t04.32_f0108.jpg,helmet only.mp4,4.32,108,768,432,1
helmet_only_t04.56_f0114.jpg,data_collection/candidates_additional/helmet_only_t04.56_f0114.jpg,helmet only.mp4,4.56,114,768,432,2
helmet_only_t04.80_f0120.jpg,data_collection/candidates/helmet_only_t04.80_f0120.jpg,helmet only.mp4,4.80,120,768,432,1
helmet_only_t05.04_f0126.jpg,data_collection/candidates_additional/helmet_only_t05.04_f0126.jpg,helmet only.mp4,5.04,126,768,432,2
helmet_only_t05.28_f0132.jpg,data_collection/candidates/helmet_only_t05.28_f0132.jpg,helmet only.mp4,5.28,132,768,432,1
helmet_only_t05.52_f0138.jpg,data_collection/candidates_additional/helmet_only_t05.52_f0138.jpg,helmet only.mp4,5.52,138,768,432,2
helmet_only_t05.76_f0144.jpg,data_collection/candidates/helmet_only_t05.76_f0144.jpg,helmet only.mp4,5.76,144,768,432,1
helmet_only_t06.00_f0150.jpg,data_collection/candidates_additional/helmet_only_t06.00_f0150.jpg,helmet only.mp4,6.00,150,768,432,2
helmet_only_t06.24_f0156.jpg,data_collection/candidates/helmet_only_t06.24_f0156.jpg,helmet only.mp4,6.24,156,768,432,1
helmet_only_t06.48_f0162.jpg,data_collection/candidates_additional/helmet_only_t06.48_f0162.jpg,helmet only.mp4,6.48,162,768,432,2
helmet_only_t06.72_f0168.jpg,data_collection/candidates/helmet_only_t06.72_f0168.jpg,helmet only.mp4,6.72,168,768,432,1
helmet_only_t06.96_f0174.jpg,data_collection/candidates_additional/helmet_only_t06.96_f0174.jpg,helmet only.mp4,6.96,174,768,432,2
helmet_only_t07.20_f0180.jpg,data_collection/candidates/helmet_only_t07.20_f0180.jpg,helmet only.mp4,7.20,180,768,432,1
helmet_only_t07.44_f0186.jpg,data_collection/candidates_additional/helmet_only_t07.44_f0186.jpg,helmet only.mp4,7.44,186,768,432,2
helmet_only_t07.68_f0192.jpg,data_collection/candidates/helmet_only_t07.68_f0192.jpg,helmet only.mp4,7.68,192,768,432,1
helmet_only_t07.92_f0198.jpg,data_collection/candidates_additional/helmet_only_t07.92_f0198.jpg,helmet only.mp4,7.92,198,768,432,2
helmet_only_t08.16_f0204.jpg,data_collection/candidates/helmet_only_t08.16_f0204.jpg,helmet only.mp4,8.16,204,768,432,1
helmet_only_t08.40_f0210.jpg,data_collection/candidates_additional/helmet_only_t08.40_f0210.jpg,helmet only.mp4,8.40,210,768,432,2
helmet_only_t08.64_f0216.jpg,data_collection/candidates/helmet_only_t08.64_f0216.jpg,helmet only.mp4,8.64,216,768,432,1
helmet_only_t08.88_f0222.jpg,data_collection/candidates_additional/helmet_only_t08.88_f0222.jpg,helmet only.mp4,8.88,222,768,432,2
helmet_only_t09.12_f0228.jpg,data_collection/candidates/helmet_only_t09.12_f0228.jpg,helmet only.mp4,9.12,228,768,432,1
helmet_only_t09.36_f0234.jpg,data_collection/candidates_additional/helmet_only_t09.36_f0234.jpg,helmet only.mp4,9.36,234,768,432,2
helmet_only_t09.60_f0240.jpg,data_collection/candidates/helmet_only_t09.60_f0240.jpg,helmet only.mp4,9.60,240,768,432,1
helmet_only_t09.84_f0246.jpg,data_collection/candidates_additional/helmet_only_t09.84_f0246.jpg,helmet only.mp4,9.84,246,768,432,2
helmet_only_t10.08_f0252.jpg,data_collection/candidates/helmet_only_t10.08_f0252.jpg,helmet only.mp4,10.08,252,768,432,1
helmet_only_t10.32_f0258.jpg,data_collection/candidates_additional/helmet_only_t10.32_f0258.jpg,helmet only.mp4,10.32,258,768,432,2
helmet_only_t10.56_f0264.jpg,data_collection/candidates/helmet_only_t10.56_f0264.jpg,helmet only.mp4,10.56,264,768,432,1
helmet_only_t10.80_f0270.jpg,data_collection/candidates_additional/helmet_only_t10.80_f0270.jpg,helmet only.mp4,10.80,270,768,432,2
helmet_only_t11.04_f0276.jpg,data_collection/candidates/helmet_only_t11.04_f0276.jpg,helmet only.mp4,11.04,276,768,432,1
helmet_only_t11.28_f0282.jpg,data_collection/candidates_additional/helmet_only_t11.28_f0282.jpg,helmet only.mp4,11.28,282,768,432,2
helmet_only_t11.52_f0288.jpg,data_collection/candidates/helmet_only_t11.52_f0288.jpg,helmet only.mp4,11.52,288,768,432,1
helmet_only_t11.76_f0294.jpg,data_collection/candidates_additional/helmet_only_t11.76_f0294.jpg,helmet only.mp4,11.76,294,768,432,2
helmet_only_t12.00_f0300.jpg,data_collection/candidates/helmet_only_t12.00_f0300.jpg,helmet only.mp4,12.00,300,768,432,1
helmet_only_t12.24_f0306.jpg,data_collection/candidates_additional/helmet_only_t12.24_f0306.jpg,helmet only.mp4,12.24,306,768,432,2
helmet_only_t12.48_f0312.jpg,data_collection/candidates/helmet_only_t12.48_f0312.jpg,helmet only.mp4,12.48,312,768,432,1
helmet_only_t12.72_f0318.jpg,data_collection/candidates_additional/helmet_only_t12.72_f0318.jpg,helmet only.mp4,12.72,318,768,432,2
helmet_only_t12.96_f0324.jpg,data_collection/candidates/helmet_only_t12.96_f0324.jpg,helmet only.mp4,12.96,324,768,432,1
helmet_only_t13.20_f0330.jpg,data_collection/candidates_additional/helmet_only_t13.20_f0330.jpg,helmet only.mp4,13.20,330,768,432,2
helmet_only_t13.44_f0336.jpg,data_collection/candidates/helmet_only_t13.44_f0336.jpg,helmet only.mp4,13.44,336,768,432,1
helmet_only_t13.68_f0342.jpg,data_collection/candidates_additional/helmet_only_t13.68_f0342.jpg,helmet only.mp4,13.68,342,768,432,2
helmet_only_t13.92_f0348.jpg,data_collection/candidates/helmet_only_t13.92_f0348.jpg,helmet only.mp4,13.92,348,768,432,1
helmet_only_t14.16_f0354.jpg,data_collection/candidates_additional/helmet_only_t14.16_f0354.jpg,helmet only.mp4,14.16,354,768,432,2
helmet_only_t14.40_f0360.jpg,data_collection/candidates/helmet_only_t14.40_f0360.jpg,helmet only.mp4,14.40,360,768,432,1
helmet_only_t14.64_f0366.jpg,data_collection/candidates_additional/helmet_only_t14.64_f0366.jpg,helmet only.mp4,14.64,366,768,432,2
helmet_only_t14.88_f0372.jpg,data_collection/candidates/helmet_only_t14.88_f0372.jpg,helmet only.mp4,14.88,372,768,432,1
helmet_only_t15.12_f0378.jpg,data_collection/candidates_additional/helmet_only_t15.12_f0378.jpg,helmet only.mp4,15.12,378,768,432,2
helmet_only_t15.36_f0384.jpg,data_collection/candidates/helmet_only_t15.36_f0384.jpg,helmet only.mp4,15.36,384,768,432,1
helmet_gloves_t00.00_f0000.jpg,data_collection/candidates/helmet_gloves_t00.00_f0000.jpg,helmet+gloves.mp4,0.00,0,768,432,1
helmet_gloves_t00.24_f0012.jpg,data_collection/candidates_additional/helmet_gloves_t00.24_f0012.jpg,helmet+gloves.mp4,0.24,12,768,432,2
helmet_gloves_t00.48_f0024.jpg,data_collection/candidates_additional/helmet_gloves_t00.48_f0024.jpg,helmet+gloves.mp4,0.48,24,768,432,2
helmet_gloves_t00.50_f0025.jpg,data_collection/candidates/helmet_gloves_t00.50_f0025.jpg,helmet+gloves.mp4,0.50,25,768,432,1
helmet_gloves_t00.72_f0036.jpg,data_collection/candidates_additional/helmet_gloves_t00.72_f0036.jpg,helmet+gloves.mp4,0.72,36,768,432,2
helmet_gloves_t00.96_f0048.jpg,data_collection/candidates_additional/helmet_gloves_t00.96_f0048.jpg,helmet+gloves.mp4,0.96,48,768,432,2
helmet_gloves_t01.00_f0050.jpg,data_collection/candidates/helmet_gloves_t01.00_f0050.jpg,helmet+gloves.mp4,1.00,50,768,432,1
helmet_gloves_t01.20_f0060.jpg,data_collection/candidates_additional/helmet_gloves_t01.20_f0060.jpg,helmet+gloves.mp4,1.20,60,768,432,2
helmet_gloves_t01.44_f0072.jpg,data_collection/candidates_additional/helmet_gloves_t01.44_f0072.jpg,helmet+gloves.mp4,1.44,72,768,432,2
helmet_gloves_t01.50_f0075.jpg,data_collection/candidates/helmet_gloves_t01.50_f0075.jpg,helmet+gloves.mp4,1.50,75,768,432,1
helmet_gloves_t01.68_f0084.jpg,data_collection/candidates_additional/helmet_gloves_t01.68_f0084.jpg,helmet+gloves.mp4,1.68,84,768,432,2
helmet_gloves_t01.92_f0096.jpg,data_collection/candidates_additional/helmet_gloves_t01.92_f0096.jpg,helmet+gloves.mp4,1.92,96,768,432,2
helmet_gloves_t02.00_f0100.jpg,data_collection/candidates/helmet_gloves_t02.00_f0100.jpg,helmet+gloves.mp4,2.00,100,768,432,1
helmet_gloves_t02.16_f0108.jpg,data_collection/candidates_additional/helmet_gloves_t02.16_f0108.jpg,helmet+gloves.mp4,2.16,108,768,432,2
helmet_gloves_t02.40_f0120.jpg,data_collection/candidates_additional/helmet_gloves_t02.40_f0120.jpg,helmet+gloves.mp4,2.40,120,768,432,2
helmet_gloves_t02.50_f0125.jpg,data_collection/candidates/helmet_gloves_t02.50_f0125.jpg,helmet+gloves.mp4,2.50,125,768,432,1
helmet_gloves_t02.64_f0132.jpg,data_collection/candidates_additional/helmet_gloves_t02.64_f0132.jpg,helmet+gloves.mp4,2.64,132,768,432,2
helmet_gloves_t02.88_f0144.jpg,data_collection/candidates_additional/helmet_gloves_t02.88_f0144.jpg,helmet+gloves.mp4,2.88,144,768,432,2
helmet_gloves_t03.00_f0150.jpg,data_collection/candidates/helmet_gloves_t03.00_f0150.jpg,helmet+gloves.mp4,3.00,150,768,432,1
helmet_gloves_t03.12_f0156.jpg,data_collection/candidates_additional/helmet_gloves_t03.12_f0156.jpg,helmet+gloves.mp4,3.12,156,768,432,2
helmet_gloves_t03.36_f0168.jpg,data_collection/candidates_additional/helmet_gloves_t03.36_f0168.jpg,helmet+gloves.mp4,3.36,168,768,432,2
helmet_gloves_t03.50_f0175.jpg,data_collection/candidates/helmet_gloves_t03.50_f0175.jpg,helmet+gloves.mp4,3.50,175,768,432,1
helmet_gloves_t03.60_f0180.jpg,data_collection/candidates_additional/helmet_gloves_t03.60_f0180.jpg,helmet+gloves.mp4,3.60,180,768,432,2
helmet_gloves_t03.84_f0192.jpg,data_collection/candidates_additional/helmet_gloves_t03.84_f0192.jpg,helmet+gloves.mp4,3.84,192,768,432,2
helmet_gloves_t04.00_f0200.jpg,data_collection/candidates/helmet_gloves_t04.00_f0200.jpg,helmet+gloves.mp4,4.00,200,768,432,1
helmet_gloves_t04.08_f0204.jpg,data_collection/candidates_additional/helmet_gloves_t04.08_f0204.jpg,helmet+gloves.mp4,4.08,204,768,432,2
helmet_gloves_t04.32_f0216.jpg,data_collection/candidates_additional/helmet_gloves_t04.32_f0216.jpg,helmet+gloves.mp4,4.32,216,768,432,2
helmet_gloves_t04.50_f0225.jpg,data_collection/candidates/helmet_gloves_t04.50_f0225.jpg,helmet+gloves.mp4,4.50,225,768,432,1
helmet_gloves_t04.56_f0228.jpg,data_collection/candidates_additional/helmet_gloves_t04.56_f0228.jpg,helmet+gloves.mp4,4.56,228,768,432,2
helmet_gloves_t04.80_f0240.jpg,data_collection/candidates_additional/helmet_gloves_t04.80_f0240.jpg,helmet+gloves.mp4,4.80,240,768,432,2
helmet_gloves_t05.00_f0250.jpg,data_collection/candidates/helmet_gloves_t05.00_f0250.jpg,helmet+gloves.mp4,5.00,250,768,432,1
helmet_gloves_t05.04_f0252.jpg,data_collection/candidates_additional/helmet_gloves_t05.04_f0252.jpg,helmet+gloves.mp4,5.04,252,768,432,2
helmet_gloves_t05.28_f0264.jpg,data_collection/candidates_additional/helmet_gloves_t05.28_f0264.jpg,helmet+gloves.mp4,5.28,264,768,432,2
helmet_gloves_t05.50_f0275.jpg,data_collection/candidates/helmet_gloves_t05.50_f0275.jpg,helmet+gloves.mp4,5.50,275,768,432,1
helmet_gloves_t05.52_f0276.jpg,data_collection/candidates_additional/helmet_gloves_t05.52_f0276.jpg,helmet+gloves.mp4,5.52,276,768,432,2
helmet_gloves_t05.76_f0288.jpg,data_collection/candidates_additional/helmet_gloves_t05.76_f0288.jpg,helmet+gloves.mp4,5.76,288,768,432,2
helmet_gloves_t06.00_f0300.jpg,data_collection/candidates/helmet_gloves_t06.00_f0300.jpg,helmet+gloves.mp4,6.00,300,768,432,1
helmet_gloves_t06.24_f0312.jpg,data_collection/candidates_additional/helmet_gloves_t06.24_f0312.jpg,helmet+gloves.mp4,6.24,312,768,432,2
helmet_gloves_t06.48_f0324.jpg,data_collection/candidates_additional/helmet_gloves_t06.48_f0324.jpg,helmet+gloves.mp4,6.48,324,768,432,2
helmet_gloves_t06.50_f0325.jpg,data_collection/candidates/helmet_gloves_t06.50_f0325.jpg,helmet+gloves.mp4,6.50,325,768,432,1
helmet_gloves_t06.72_f0336.jpg,data_collection/candidates_additional/helmet_gloves_t06.72_f0336.jpg,helmet+gloves.mp4,6.72,336,768,432,2
helmet_gloves_t06.96_f0348.jpg,data_collection/candidates_additional/helmet_gloves_t06.96_f0348.jpg,helmet+gloves.mp4,6.96,348,768,432,2
helmet_gloves_t07.00_f0350.jpg,data_collection/candidates/helmet_gloves_t07.00_f0350.jpg,helmet+gloves.mp4,7.00,350,768,432,1
helmet_gloves_t07.20_f0360.jpg,data_collection/candidates_additional/helmet_gloves_t07.20_f0360.jpg,helmet+gloves.mp4,7.20,360,768,432,2
helmet_gloves_t07.44_f0372.jpg,data_collection/candidates_additional/helmet_gloves_t07.44_f0372.jpg,helmet+gloves.mp4,7.44,372,768,432,2
helmet_gloves_t07.50_f0375.jpg,data_collection/candidates/helmet_gloves_t07.50_f0375.jpg,helmet+gloves.mp4,7.50,375,768,432,1
helmet_gloves_t07.68_f0384.jpg,data_collection/candidates_additional/helmet_gloves_t07.68_f0384.jpg,helmet+gloves.mp4,7.68,384,768,432,2
helmet_gloves_t07.92_f0396.jpg,data_collection/candidates_additional/helmet_gloves_t07.92_f0396.jpg,helmet+gloves.mp4,7.92,396,768,432,2
helmet_gloves_t08.00_f0400.jpg,data_collection/candidates/helmet_gloves_t08.00_f0400.jpg,helmet+gloves.mp4,8.00,400,768,432,1
helmet_gloves_t08.16_f0408.jpg,data_collection/candidates_additional/helmet_gloves_t08.16_f0408.jpg,helmet+gloves.mp4,8.16,408,768,432,2
helmet_gloves_t08.40_f0420.jpg,data_collection/candidates_additional/helmet_gloves_t08.40_f0420.jpg,helmet+gloves.mp4,8.40,420,768,432,2
helmet_gloves_t08.50_f0425.jpg,data_collection/candidates/helmet_gloves_t08.50_f0425.jpg,helmet+gloves.mp4,8.50,425,768,432,1
helmet_gloves_t08.64_f0432.jpg,data_collection/candidates_additional/helmet_gloves_t08.64_f0432.jpg,helmet+gloves.mp4,8.64,432,768,432,2
helmet_gloves_t08.88_f0444.jpg,data_collection/candidates_additional/helmet_gloves_t08.88_f0444.jpg,helmet+gloves.mp4,8.88,444,768,432,2
helmet_gloves_t09.00_f0450.jpg,data_collection/candidates/helmet_gloves_t09.00_f0450.jpg,helmet+gloves.mp4,9.00,450,768,432,1
helmet_gloves_t09.12_f0456.jpg,data_collection/candidates_additional/helmet_gloves_t09.12_f0456.jpg,helmet+gloves.mp4,9.12,456,768,432,2
helmet_gloves_t09.36_f0468.jpg,data_collection/candidates_additional/helmet_gloves_t09.36_f0468.jpg,helmet+gloves.mp4,9.36,468,768,432,2
helmet_gloves_t09.50_f0475.jpg,data_collection/candidates/helmet_gloves_t09.50_f0475.jpg,helmet+gloves.mp4,9.50,475,768,432,1
helmet_gloves_t09.60_f0480.jpg,data_collection/candidates_additional/helmet_gloves_t09.60_f0480.jpg,helmet+gloves.mp4,9.60,480,768,432,2
helmet_gloves_t09.84_f0492.jpg,data_collection/candidates_additional/helmet_gloves_t09.84_f0492.jpg,helmet+gloves.mp4,9.84,492,768,432,2
helmet_gloves_t10.00_f0500.jpg,data_collection/candidates/helmet_gloves_t10.00_f0500.jpg,helmet+gloves.mp4,10.00,500,768,432,1
helmet_gloves_t10.08_f0504.jpg,data_collection/candidates_additional/helmet_gloves_t10.08_f0504.jpg,helmet+gloves.mp4,10.08,504,768,432,2
helmet_gloves_t10.32_f0516.jpg,data_collection/candidates_additional/helmet_gloves_t10.32_f0516.jpg,helmet+gloves.mp4,10.32,516,768,432,2
helmet_gloves_t10.50_f0525.jpg,data_collection/candidates/helmet_gloves_t10.50_f0525.jpg,helmet+gloves.mp4,10.50,525,768,432,1
helmet_gloves_t10.56_f0528.jpg,data_collection/candidates_additional/helmet_gloves_t10.56_f0528.jpg,helmet+gloves.mp4,10.56,528,768,432,2
helmet_gloves_t10.80_f0540.jpg,data_collection/candidates_additional/helmet_gloves_t10.80_f0540.jpg,helmet+gloves.mp4,10.80,540,768,432,2
helmet_gloves_t11.00_f0550.jpg,data_collection/candidates/helmet_gloves_t11.00_f0550.jpg,helmet+gloves.mp4,11.00,550,768,432,1
helmet_gloves_t11.04_f0552.jpg,data_collection/candidates_additional/helmet_gloves_t11.04_f0552.jpg,helmet+gloves.mp4,11.04,552,768,432,2
helmet_gloves_t11.28_f0564.jpg,data_collection/candidates_additional/helmet_gloves_t11.28_f0564.jpg,helmet+gloves.mp4,11.28,564,768,432,2
helmet_gloves_t11.50_f0575.jpg,data_collection/candidates/helmet_gloves_t11.50_f0575.jpg,helmet+gloves.mp4,11.50,575,768,432,1
helmet_gloves_t11.52_f0576.jpg,data_collection/candidates_additional/helmet_gloves_t11.52_f0576.jpg,helmet+gloves.mp4,11.52,576,768,432,2
helmet_gloves_t11.76_f0588.jpg,data_collection/candidates_additional/helmet_gloves_t11.76_f0588.jpg,helmet+gloves.mp4,11.76,588,768,432,2
helmet_gloves_t12.00_f0600.jpg,data_collection/candidates/helmet_gloves_t12.00_f0600.jpg,helmet+gloves.mp4,12.00,600,768,432,1
helmet_gloves_t12.24_f0612.jpg,data_collection/candidates_additional/helmet_gloves_t12.24_f0612.jpg,helmet+gloves.mp4,12.24,612,768,432,2
helmet_gloves_t12.48_f0624.jpg,data_collection/candidates_additional/helmet_gloves_t12.48_f0624.jpg,helmet+gloves.mp4,12.48,624,768,432,2
helmet_gloves_t12.50_f0625.jpg,data_collection/candidates/helmet_gloves_t12.50_f0625.jpg,helmet+gloves.mp4,12.50,625,768,432,1
helmet_gloves_t12.72_f0636.jpg,data_collection/candidates_additional/helmet_gloves_t12.72_f0636.jpg,helmet+gloves.mp4,12.72,636,768,432,2
helmet_gloves_t12.96_f0648.jpg,data_collection/candidates_additional/helmet_gloves_t12.96_f0648.jpg,helmet+gloves.mp4,12.96,648,768,432,2
helmet_gloves_t13.00_f0650.jpg,data_collection/candidates/helmet_gloves_t13.00_f0650.jpg,helmet+gloves.mp4,13.00,650,768,432,1
helmet_gloves_t13.20_f0660.jpg,data_collection/candidates_additional/helmet_gloves_t13.20_f0660.jpg,helmet+gloves.mp4,13.20,660,768,432,2
helmet_gloves_t13.44_f0672.jpg,data_collection/candidates_additional/helmet_gloves_t13.44_f0672.jpg,helmet+gloves.mp4,13.44,672,768,432,2
helmet_gloves_t13.50_f0675.jpg,data_collection/candidates/helmet_gloves_t13.50_f0675.jpg,helmet+gloves.mp4,13.50,675,768,432,1
helmet_gloves_t13.68_f0684.jpg,data_collection/candidates_additional/helmet_gloves_t13.68_f0684.jpg,helmet+gloves.mp4,13.68,684,768,432,2
helmet_gloves_t13.92_f0696.jpg,data_collection/candidates_additional/helmet_gloves_t13.92_f0696.jpg,helmet+gloves.mp4,13.92,696,768,432,2
helmet_gloves_t14.00_f0700.jpg,data_collection/candidates/helmet_gloves_t14.00_f0700.jpg,helmet+gloves.mp4,14.00,700,768,432,1
helmet_gloves_t14.16_f0708.jpg,data_collection/candidates_additional/helmet_gloves_t14.16_f0708.jpg,helmet+gloves.mp4,14.16,708,768,432,2
helmet_gloves_t14.40_f0720.jpg,data_collection/candidates_additional/helmet_gloves_t14.40_f0720.jpg,helmet+gloves.mp4,14.40,720,768,432,2
helmet_gloves_t14.50_f0725.jpg,data_collection/candidates/helmet_gloves_t14.50_f0725.jpg,helmet+gloves.mp4,14.50,725,768,432,1
helmet_gloves_t14.64_f0732.jpg,data_collection/candidates_additional/helmet_gloves_t14.64_f0732.jpg,helmet+gloves.mp4,14.64,732,768,432,2
helmet_gloves_t14.88_f0744.jpg,data_collection/candidates_additional/helmet_gloves_t14.88_f0744.jpg,helmet+gloves.mp4,14.88,744,768,432,2
helmet_gloves_t15.00_f0750.jpg,data_collection/candidates/helmet_gloves_t15.00_f0750.jpg,helmet+gloves.mp4,15.00,750,768,432,1
helmet_gloves_t15.12_f0756.jpg,data_collection/candidates_additional/helmet_gloves_t15.12_f0756.jpg,helmet+gloves.mp4,15.12,756,768,432,2
helmet_gloves_t15.36_f0768.jpg,data_collection/candidates_additional/helmet_gloves_t15.36_f0768.jpg,helmet+gloves.mp4,15.36,768,768,432,2
helmet_gloves_t15.50_f0775.jpg,data_collection/candidates/helmet_gloves_t15.50_f0775.jpg,helmet+gloves.mp4,15.50,775,768,432,1
helmet_gloves_t15.60_f0780.jpg,data_collection/candidates_additional/helmet_gloves_t15.60_f0780.jpg,helmet+gloves.mp4,15.60,780,768,432,2
helmet_gloves_t15.84_f0792.jpg,data_collection/candidates_additional/helmet_gloves_t15.84_f0792.jpg,helmet+gloves.mp4,15.84,792,768,432,2
helmet_gloves_t16.00_f0800.jpg,data_collection/candidates/helmet_gloves_t16.00_f0800.jpg,helmet+gloves.mp4,16.00,800,768,432,1
helmet_gloves_t16.08_f0804.jpg,data_collection/candidates_additional/helmet_gloves_t16.08_f0804.jpg,helmet+gloves.mp4,16.08,804,768,432,2
helmet_gloves_t16.32_f0816.jpg,data_collection/candidates_additional/helmet_gloves_t16.32_f0816.jpg,helmet+gloves.mp4,16.32,816,768,432,2
helmet_gloves_t16.50_f0825.jpg,data_collection/candidates/helmet_gloves_t16.50_f0825.jpg,helmet+gloves.mp4,16.50,825,768,432,1
helmet_gloves_t16.56_f0828.jpg,data_collection/candidates_additional/helmet_gloves_t16.56_f0828.jpg,helmet+gloves.mp4,16.56,828,768,432,2
helmet_gloves_t16.80_f0840.jpg,data_collection/candidates_additional/helmet_gloves_t16.80_f0840.jpg,helmet+gloves.mp4,16.80,840,768,432,2
helmet_gloves_t17.00_f0850.jpg,data_collection/candidates/helmet_gloves_t17.00_f0850.jpg,helmet+gloves.mp4,17.00,850,768,432,1
helmet_gloves_t17.04_f0852.jpg,data_collection/candidates_additional/helmet_gloves_t17.04_f0852.jpg,helmet+gloves.mp4,17.04,852,768,432,2
helmet_gloves_t17.28_f0864.jpg,data_collection/candidates_additional/helmet_gloves_t17.28_f0864.jpg,helmet+gloves.mp4,17.28,864,768,432,2
helmet_gloves_t17.50_f0875.jpg,data_collection/candidates/helmet_gloves_t17.50_f0875.jpg,helmet+gloves.mp4,17.50,875,768,432,1
helmet_gloves_t17.52_f0876.jpg,data_collection/candidates_additional/helmet_gloves_t17.52_f0876.jpg,helmet+gloves.mp4,17.52,876,768,432,2
helmet_gloves_t17.76_f0888.jpg,data_collection/candidates_additional/helmet_gloves_t17.76_f0888.jpg,helmet+gloves.mp4,17.76,888,768,432,2
helmet_gloves_t18.00_f0900.jpg,data_collection/candidates/helmet_gloves_t18.00_f0900.jpg,helmet+gloves.mp4,18.00,900,768,432,1
helmet_gloves_t18.24_f0912.jpg,data_collection/candidates_additional/helmet_gloves_t18.24_f0912.jpg,helmet+gloves.mp4,18.24,912,768,432,2
helmet_gloves_t18.48_f0924.jpg,data_collection/candidates_additional/helmet_gloves_t18.48_f0924.jpg,helmet+gloves.mp4,18.48,924,768,432,2
helmet_gloves_t18.50_f0925.jpg,data_collection/candidates/helmet_gloves_t18.50_f0925.jpg,helmet+gloves.mp4,18.50,925,768,432,1
helmet_gloves_t18.72_f0936.jpg,data_collection/candidates_additional/helmet_gloves_t18.72_f0936.jpg,helmet+gloves.mp4,18.72,936,768,432,2
helmet_gloves_t18.96_f0948.jpg,data_collection/candidates_additional/helmet_gloves_t18.96_f0948.jpg,helmet+gloves.mp4,18.96,948,768,432,2
helmet_gloves_t19.00_f0950.jpg,data_collection/candidates/helmet_gloves_t19.00_f0950.jpg,helmet+gloves.mp4,19.00,950,768,432,1
helmet_gloves_t19.20_f0960.jpg,data_collection/candidates_additional/helmet_gloves_t19.20_f0960.jpg,helmet+gloves.mp4,19.20,960,768,432,2
helmet_mask_glove_t00.00_f0000.jpg,data_collection/candidates/helmet_mask_glove_t00.00_f0000.jpg,helmet+mask+glove.mp4,0.00,0,596,336,1
helmet_mask_glove_t00.24_f0006.jpg,data_collection/candidates_additional/helmet_mask_glove_t00.24_f0006.jpg,helmet+mask+glove.mp4,0.24,6,596,336,2
helmet_mask_glove_t00.48_f0012.jpg,data_collection/candidates/helmet_mask_glove_t00.48_f0012.jpg,helmet+mask+glove.mp4,0.48,12,596,336,1
helmet_mask_glove_t00.72_f0018.jpg,data_collection/candidates_additional/helmet_mask_glove_t00.72_f0018.jpg,helmet+mask+glove.mp4,0.72,18,596,336,2
helmet_mask_glove_t00.96_f0024.jpg,data_collection/candidates/helmet_mask_glove_t00.96_f0024.jpg,helmet+mask+glove.mp4,0.96,24,596,336,1
helmet_mask_glove_t01.20_f0030.jpg,data_collection/candidates_additional/helmet_mask_glove_t01.20_f0030.jpg,helmet+mask+glove.mp4,1.20,30,596,336,2
helmet_mask_glove_t01.44_f0036.jpg,data_collection/candidates/helmet_mask_glove_t01.44_f0036.jpg,helmet+mask+glove.mp4,1.44,36,596,336,1
helmet_mask_glove_t01.68_f0042.jpg,data_collection/candidates_additional/helmet_mask_glove_t01.68_f0042.jpg,helmet+mask+glove.mp4,1.68,42,596,336,2
helmet_mask_glove_t01.92_f0048.jpg,data_collection/candidates/helmet_mask_glove_t01.92_f0048.jpg,helmet+mask+glove.mp4,1.92,48,596,336,1
helmet_mask_glove_t02.16_f0054.jpg,data_collection/candidates_additional/helmet_mask_glove_t02.16_f0054.jpg,helmet+mask+glove.mp4,2.16,54,596,336,2
helmet_mask_glove_t02.40_f0060.jpg,data_collection/candidates/helmet_mask_glove_t02.40_f0060.jpg,helmet+mask+glove.mp4,2.40,60,596,336,1
helmet_mask_glove_t02.64_f0066.jpg,data_collection/candidates_additional/helmet_mask_glove_t02.64_f0066.jpg,helmet+mask+glove.mp4,2.64,66,596,336,2
helmet_mask_glove_t02.88_f0072.jpg,data_collection/candidates/helmet_mask_glove_t02.88_f0072.jpg,helmet+mask+glove.mp4,2.88,72,596,336,1
helmet_mask_glove_t03.12_f0078.jpg,data_collection/candidates_additional/helmet_mask_glove_t03.12_f0078.jpg,helmet+mask+glove.mp4,3.12,78,596,336,2
helmet_mask_glove_t03.36_f0084.jpg,data_collection/candidates/helmet_mask_glove_t03.36_f0084.jpg,helmet+mask+glove.mp4,3.36,84,596,336,1
helmet_mask_glove_t03.60_f0090.jpg,data_collection/candidates_additional/helmet_mask_glove_t03.60_f0090.jpg,helmet+mask+glove.mp4,3.60,90,596,336,2
helmet_mask_glove_t03.84_f0096.jpg,data_collection/candidates/helmet_mask_glove_t03.84_f0096.jpg,helmet+mask+glove.mp4,3.84,96,596,336,1
helmet_mask_glove_t04.08_f0102.jpg,data_collection/candidates_additional/helmet_mask_glove_t04.08_f0102.jpg,helmet+mask+glove.mp4,4.08,102,596,336,2
helmet_mask_glove_t04.32_f0108.jpg,data_collection/candidates/helmet_mask_glove_t04.32_f0108.jpg,helmet+mask+glove.mp4,4.32,108,596,336,1
helmet_mask_glove_t04.56_f0114.jpg,data_collection/candidates_additional/helmet_mask_glove_t04.56_f0114.jpg,helmet+mask+glove.mp4,4.56,114,596,336,2
helmet_mask_glove_t04.80_f0120.jpg,data_collection/candidates/helmet_mask_glove_t04.80_f0120.jpg,helmet+mask+glove.mp4,4.80,120,596,336,1
helmet_mask_glove_t05.04_f0126.jpg,data_collection/candidates_additional/helmet_mask_glove_t05.04_f0126.jpg,helmet+mask+glove.mp4,5.04,126,596,336,2
helmet_mask_glove_t05.28_f0132.jpg,data_collection/candidates/helmet_mask_glove_t05.28_f0132.jpg,helmet+mask+glove.mp4,5.28,132,596,336,1
helmet_mask_glove_t05.52_f0138.jpg,data_collection/candidates_additional/helmet_mask_glove_t05.52_f0138.jpg,helmet+mask+glove.mp4,5.52,138,596,336,2
helmet_mask_glove_t05.76_f0144.jpg,data_collection/candidates/helmet_mask_glove_t05.76_f0144.jpg,helmet+mask+glove.mp4,5.76,144,596,336,1
helmet_mask_glove_t06.00_f0150.jpg,data_collection/candidates_additional/helmet_mask_glove_t06.00_f0150.jpg,helmet+mask+glove.mp4,6.00,150,596,336,2
helmet_mask_glove_t06.24_f0156.jpg,data_collection/candidates/helmet_mask_glove_t06.24_f0156.jpg,helmet+mask+glove.mp4,6.24,156,596,336,1
helmet_mask_glove_t06.48_f0162.jpg,data_collection/candidates_additional/helmet_mask_glove_t06.48_f0162.jpg,helmet+mask+glove.mp4,6.48,162,596,336,2
helmet_mask_glove_t06.72_f0168.jpg,data_collection/candidates/helmet_mask_glove_t06.72_f0168.jpg,helmet+mask+glove.mp4,6.72,168,596,336,1
helmet_mask_glove_t06.96_f0174.jpg,data_collection/candidates_additional/helmet_mask_glove_t06.96_f0174.jpg,helmet+mask+glove.mp4,6.96,174,596,336,2
helmet_mask_glove_t07.20_f0180.jpg,data_collection/candidates/helmet_mask_glove_t07.20_f0180.jpg,helmet+mask+glove.mp4,7.20,180,596,336,1
helmet_mask_glove_t07.44_f0186.jpg,data_collection/candidates_additional/helmet_mask_glove_t07.44_f0186.jpg,helmet+mask+glove.mp4,7.44,186,596,336,2
helmet_mask_glove_t07.68_f0192.jpg,data_collection/candidates/helmet_mask_glove_t07.68_f0192.jpg,helmet+mask+glove.mp4,7.68,192,596,336,1
helmet_mask_glove_t07.92_f0198.jpg,data_collection/candidates_additional/helmet_mask_glove_t07.92_f0198.jpg,helmet+mask+glove.mp4,7.92,198,596,336,2
helmet_mask_glove_t08.16_f0204.jpg,data_collection/candidates/helmet_mask_glove_t08.16_f0204.jpg,helmet+mask+glove.mp4,8.16,204,596,336,1
helmet_mask_glove_t08.40_f0210.jpg,data_collection/candidates_additional/helmet_mask_glove_t08.40_f0210.jpg,helmet+mask+glove.mp4,8.40,210,596,336,2
helmet_mask_glove_t08.64_f0216.jpg,data_collection/candidates/helmet_mask_glove_t08.64_f0216.jpg,helmet+mask+glove.mp4,8.64,216,596,336,1
helmet_mask_glove_t08.88_f0222.jpg,data_collection/candidates_additional/helmet_mask_glove_t08.88_f0222.jpg,helmet+mask+glove.mp4,8.88,222,596,336,2
helmet_mask_glove_t09.12_f0228.jpg,data_collection/candidates/helmet_mask_glove_t09.12_f0228.jpg,helmet+mask+glove.mp4,9.12,228,596,336,1
helmet_mask_glove_t09.36_f0234.jpg,data_collection/candidates_additional/helmet_mask_glove_t09.36_f0234.jpg,helmet+mask+glove.mp4,9.36,234,596,336,2
helmet_mask_glove_t09.60_f0240.jpg,data_collection/candidates/helmet_mask_glove_t09.60_f0240.jpg,helmet+mask+glove.mp4,9.60,240,596,336,1
helmet_mask_glove_t09.84_f0246.jpg,data_collection/candidates_additional/helmet_mask_glove_t09.84_f0246.jpg,helmet+mask+glove.mp4,9.84,246,596,336,2
helmet_mask_glove_t10.08_f0252.jpg,data_collection/candidates/helmet_mask_glove_t10.08_f0252.jpg,helmet+mask+glove.mp4,10.08,252,596,336,1
helmet_mask_glove_t10.32_f0258.jpg,data_collection/candidates_additional/helmet_mask_glove_t10.32_f0258.jpg,helmet+mask+glove.mp4,10.32,258,596,336,2
helmet_mask_glove_t10.56_f0264.jpg,data_collection/candidates/helmet_mask_glove_t10.56_f0264.jpg,helmet+mask+glove.mp4,10.56,264,596,336,1
helmet_mask_glove_t10.80_f0270.jpg,data_collection/candidates_additional/helmet_mask_glove_t10.80_f0270.jpg,helmet+mask+glove.mp4,10.80,270,596,336,2
helmet_mask_glove_t11.04_f0276.jpg,data_collection/candidates/helmet_mask_glove_t11.04_f0276.jpg,helmet+mask+glove.mp4,11.04,276,596,336,1
helmet_mask_glove_t11.28_f0282.jpg,data_collection/candidates_additional/helmet_mask_glove_t11.28_f0282.jpg,helmet+mask+glove.mp4,11.28,282,596,336,2
helmet_mask_glove_t11.52_f0288.jpg,data_collection/candidates/helmet_mask_glove_t11.52_f0288.jpg,helmet+mask+glove.mp4,11.52,288,596,336,1
helmet_mask_glove_t11.76_f0294.jpg,data_collection/candidates_additional/helmet_mask_glove_t11.76_f0294.jpg,helmet+mask+glove.mp4,11.76,294,596,336,2
helmet_mask_glove_t12.00_f0300.jpg,data_collection/candidates/helmet_mask_glove_t12.00_f0300.jpg,helmet+mask+glove.mp4,12.00,300,596,336,1
helmet_mask_glove_t12.24_f0306.jpg,data_collection/candidates_additional/helmet_mask_glove_t12.24_f0306.jpg,helmet+mask+glove.mp4,12.24,306,596,336,2
helmet_mask_glove_t12.48_f0312.jpg,data_collection/candidates/helmet_mask_glove_t12.48_f0312.jpg,helmet+mask+glove.mp4,12.48,312,596,336,1
helmet_mask_glove_t12.72_f0318.jpg,data_collection/candidates_additional/helmet_mask_glove_t12.72_f0318.jpg,helmet+mask+glove.mp4,12.72,318,596,336,2
helmet_mask_glove_t12.96_f0324.jpg,data_collection/candidates/helmet_mask_glove_t12.96_f0324.jpg,helmet+mask+glove.mp4,12.96,324,596,336,1
helmet_mask_glove_t13.20_f0330.jpg,data_collection/candidates_additional/helmet_mask_glove_t13.20_f0330.jpg,helmet+mask+glove.mp4,13.20,330,596,336,2
helmet_mask_glove_t13.44_f0336.jpg,data_collection/candidates/helmet_mask_glove_t13.44_f0336.jpg,helmet+mask+glove.mp4,13.44,336,596,336,1
helmet_mask_gloves_t00.00_f0000.jpg,data_collection/candidates/helmet_mask_gloves_t00.00_f0000.jpg,helmet+mask+gloves.mp4,0.00,0,596,336,1
helmet_mask_gloves_t00.24_f0006.jpg,data_collection/candidates_additional/helmet_mask_gloves_t00.24_f0006.jpg,helmet+mask+gloves.mp4,0.24,6,596,336,2
helmet_mask_gloves_t00.48_f0012.jpg,data_collection/candidates/helmet_mask_gloves_t00.48_f0012.jpg,helmet+mask+gloves.mp4,0.48,12,596,336,1
helmet_mask_gloves_t00.72_f0018.jpg,data_collection/candidates_additional/helmet_mask_gloves_t00.72_f0018.jpg,helmet+mask+gloves.mp4,0.72,18,596,336,2
helmet_mask_gloves_t00.96_f0024.jpg,data_collection/candidates/helmet_mask_gloves_t00.96_f0024.jpg,helmet+mask+gloves.mp4,0.96,24,596,336,1
helmet_mask_gloves_t01.20_f0030.jpg,data_collection/candidates_additional/helmet_mask_gloves_t01.20_f0030.jpg,helmet+mask+gloves.mp4,1.20,30,596,336,2
helmet_mask_gloves_t01.44_f0036.jpg,data_collection/candidates/helmet_mask_gloves_t01.44_f0036.jpg,helmet+mask+gloves.mp4,1.44,36,596,336,1
helmet_mask_gloves_t01.68_f0042.jpg,data_collection/candidates_additional/helmet_mask_gloves_t01.68_f0042.jpg,helmet+mask+gloves.mp4,1.68,42,596,336,2
helmet_mask_gloves_t01.92_f0048.jpg,data_collection/candidates/helmet_mask_gloves_t01.92_f0048.jpg,helmet+mask+gloves.mp4,1.92,48,596,336,1
helmet_mask_gloves_t02.16_f0054.jpg,data_collection/candidates_additional/helmet_mask_gloves_t02.16_f0054.jpg,helmet+mask+gloves.mp4,2.16,54,596,336,2
helmet_mask_gloves_t02.40_f0060.jpg,data_collection/candidates/helmet_mask_gloves_t02.40_f0060.jpg,helmet+mask+gloves.mp4,2.40,60,596,336,1
helmet_mask_gloves_t02.64_f0066.jpg,data_collection/candidates_additional/helmet_mask_gloves_t02.64_f0066.jpg,helmet+mask+gloves.mp4,2.64,66,596,336,2
helmet_mask_gloves_t02.88_f0072.jpg,data_collection/candidates/helmet_mask_gloves_t02.88_f0072.jpg,helmet+mask+gloves.mp4,2.88,72,596,336,1
helmet_mask_gloves_t03.12_f0078.jpg,data_collection/candidates_additional/helmet_mask_gloves_t03.12_f0078.jpg,helmet+mask+gloves.mp4,3.12,78,596,336,2
helmet_mask_gloves_t03.36_f0084.jpg,data_collection/candidates/helmet_mask_gloves_t03.36_f0084.jpg,helmet+mask+gloves.mp4,3.36,84,596,336,1
helmet_mask_gloves_t03.60_f0090.jpg,data_collection/candidates_additional/helmet_mask_gloves_t03.60_f0090.jpg,helmet+mask+gloves.mp4,3.60,90,596,336,2
helmet_mask_gloves_t03.84_f0096.jpg,data_collection/candidates/helmet_mask_gloves_t03.84_f0096.jpg,helmet+mask+gloves.mp4,3.84,96,596,336,1
helmet_mask_gloves_t04.08_f0102.jpg,data_collection/candidates_additional/helmet_mask_gloves_t04.08_f0102.jpg,helmet+mask+gloves.mp4,4.08,102,596,336,2
helmet_mask_gloves_t04.32_f0108.jpg,data_collection/candidates/helmet_mask_gloves_t04.32_f0108.jpg,helmet+mask+gloves.mp4,4.32,108,596,336,1
helmet_mask_gloves_t04.56_f0114.jpg,data_collection/candidates_additional/helmet_mask_gloves_t04.56_f0114.jpg,helmet+mask+gloves.mp4,4.56,114,596,336,2
helmet_mask_gloves_t04.80_f0120.jpg,data_collection/candidates/helmet_mask_gloves_t04.80_f0120.jpg,helmet+mask+gloves.mp4,4.80,120,596,336,1
helmet_mask_gloves_t05.04_f0126.jpg,data_collection/candidates_additional/helmet_mask_gloves_t05.04_f0126.jpg,helmet+mask+gloves.mp4,5.04,126,596,336,2
helmet_mask_gloves_t05.28_f0132.jpg,data_collection/candidates/helmet_mask_gloves_t05.28_f0132.jpg,helmet+mask+gloves.mp4,5.28,132,596,336,1
helmet_mask_gloves_t05.52_f0138.jpg,data_collection/candidates_additional/helmet_mask_gloves_t05.52_f0138.jpg,helmet+mask+gloves.mp4,5.52,138,596,336,2
helmet_mask_gloves_t05.76_f0144.jpg,data_collection/candidates/helmet_mask_gloves_t05.76_f0144.jpg,helmet+mask+gloves.mp4,5.76,144,596,336,1
helmet_mask_gloves_t06.00_f0150.jpg,data_collection/candidates_additional/helmet_mask_gloves_t06.00_f0150.jpg,helmet+mask+gloves.mp4,6.00,150,596,336,2
helmet_mask_gloves_t06.24_f0156.jpg,data_collection/candidates/helmet_mask_gloves_t06.24_f0156.jpg,helmet+mask+gloves.mp4,6.24,156,596,336,1
helmet_mask_gloves_t06.48_f0162.jpg,data_collection/candidates_additional/helmet_mask_gloves_t06.48_f0162.jpg,helmet+mask+gloves.mp4,6.48,162,596,336,2
helmet_mask_gloves_t06.72_f0168.jpg,data_collection/candidates/helmet_mask_gloves_t06.72_f0168.jpg,helmet+mask+gloves.mp4,6.72,168,596,336,1
helmet_mask_gloves_t06.96_f0174.jpg,data_collection/candidates_additional/helmet_mask_gloves_t06.96_f0174.jpg,helmet+mask+gloves.mp4,6.96,174,596,336,2
helmet_mask_gloves_t07.20_f0180.jpg,data_collection/candidates/helmet_mask_gloves_t07.20_f0180.jpg,helmet+mask+gloves.mp4,7.20,180,596,336,1
helmet_mask_gloves_t07.44_f0186.jpg,data_collection/candidates_additional/helmet_mask_gloves_t07.44_f0186.jpg,helmet+mask+gloves.mp4,7.44,186,596,336,2
helmet_mask_gloves_t07.68_f0192.jpg,data_collection/candidates/helmet_mask_gloves_t07.68_f0192.jpg,helmet+mask+gloves.mp4,7.68,192,596,336,1
helmet_mask_gloves_t07.92_f0198.jpg,data_collection/candidates_additional/helmet_mask_gloves_t07.92_f0198.jpg,helmet+mask+gloves.mp4,7.92,198,596,336,2
helmet_mask_gloves_t08.16_f0204.jpg,data_collection/candidates/helmet_mask_gloves_t08.16_f0204.jpg,helmet+mask+gloves.mp4,8.16,204,596,336,1
helmet_mask_gloves_t08.40_f0210.jpg,data_collection/candidates_additional/helmet_mask_gloves_t08.40_f0210.jpg,helmet+mask+gloves.mp4,8.40,210,596,336,2
helmet_mask_gloves_t08.64_f0216.jpg,data_collection/candidates/helmet_mask_gloves_t08.64_f0216.jpg,helmet+mask+gloves.mp4,8.64,216,596,336,1
helmet_mask_gloves_t08.88_f0222.jpg,data_collection/candidates_additional/helmet_mask_gloves_t08.88_f0222.jpg,helmet+mask+gloves.mp4,8.88,222,596,336,2
helmet_mask_gloves_t09.12_f0228.jpg,data_collection/candidates/helmet_mask_gloves_t09.12_f0228.jpg,helmet+mask+gloves.mp4,9.12,228,596,336,1
helmet_mask_gloves_t09.36_f0234.jpg,data_collection/candidates_additional/helmet_mask_gloves_t09.36_f0234.jpg,helmet+mask+gloves.mp4,9.36,234,596,336,2
helmet_mask_gloves_t09.60_f0240.jpg,data_collection/candidates/helmet_mask_gloves_t09.60_f0240.jpg,helmet+mask+gloves.mp4,9.60,240,596,336,1
helmet_mask_gloves_t09.84_f0246.jpg,data_collection/candidates_additional/helmet_mask_gloves_t09.84_f0246.jpg,helmet+mask+gloves.mp4,9.84,246,596,336,2
helmet_mask_gloves_t10.08_f0252.jpg,data_collection/candidates/helmet_mask_gloves_t10.08_f0252.jpg,helmet+mask+gloves.mp4,10.08,252,596,336,1
helmet_mask_gloves_t10.32_f0258.jpg,data_collection/candidates_additional/helmet_mask_gloves_t10.32_f0258.jpg,helmet+mask+gloves.mp4,10.32,258,596,336,2
helmet_mask_gloves_t10.56_f0264.jpg,data_collection/candidates/helmet_mask_gloves_t10.56_f0264.jpg,helmet+mask+gloves.mp4,10.56,264,596,336,1
helmet_mask_gloves_t10.80_f0270.jpg,data_collection/candidates_additional/helmet_mask_gloves_t10.80_f0270.jpg,helmet+mask+gloves.mp4,10.80,270,596,336,2
helmet_mask_gloves_t11.04_f0276.jpg,data_collection/candidates/helmet_mask_gloves_t11.04_f0276.jpg,helmet+mask+gloves.mp4,11.04,276,596,336,1
helmet_mask_gloves_t11.28_f0282.jpg,data_collection/candidates_additional/helmet_mask_gloves_t11.28_f0282.jpg,helmet+mask+gloves.mp4,11.28,282,596,336,2
helmet_mask_gloves_t11.52_f0288.jpg,data_collection/candidates/helmet_mask_gloves_t11.52_f0288.jpg,helmet+mask+gloves.mp4,11.52,288,596,336,1
helmet_mask_gloves_t11.76_f0294.jpg,data_collection/candidates_additional/helmet_mask_gloves_t11.76_f0294.jpg,helmet+mask+gloves.mp4,11.76,294,596,336,2
helmet_mask_gloves_t12.00_f0300.jpg,data_collection/candidates/helmet_mask_gloves_t12.00_f0300.jpg,helmet+mask+gloves.mp4,12.00,300,596,336,1
helmet_mask_gloves_t12.24_f0306.jpg,data_collection/candidates_additional/helmet_mask_gloves_t12.24_f0306.jpg,helmet+mask+gloves.mp4,12.24,306,596,336,2
helmet_mask_gloves_t12.48_f0312.jpg,data_collection/candidates/helmet_mask_gloves_t12.48_f0312.jpg,helmet+mask+gloves.mp4,12.48,312,596,336,1
helmet_mask_gloves_t12.72_f0318.jpg,data_collection/candidates_additional/helmet_mask_gloves_t12.72_f0318.jpg,helmet+mask+gloves.mp4,12.72,318,596,336,2
helmet_mask_gloves_t12.96_f0324.jpg,data_collection/candidates/helmet_mask_gloves_t12.96_f0324.jpg,helmet+mask+gloves.mp4,12.96,324,596,336,1
helmet_mask_gloves_t13.20_f0330.jpg,data_collection/candidates_additional/helmet_mask_gloves_t13.20_f0330.jpg,helmet+mask+gloves.mp4,13.20,330,596,336,2
helmet_mask_gloves_t13.44_f0336.jpg,data_collection/candidates/helmet_mask_gloves_t13.44_f0336.jpg,helmet+mask+gloves.mp4,13.44,336,596,336,1
helmet_mask_gloves_t13.68_f0342.jpg,data_collection/candidates_additional/helmet_mask_gloves_t13.68_f0342.jpg,helmet+mask+gloves.mp4,13.68,342,596,336,2
helmet_mask_gloves_t13.92_f0348.jpg,data_collection/candidates/helmet_mask_gloves_t13.92_f0348.jpg,helmet+mask+gloves.mp4,13.92,348,596,336,1
helmet_mask_gloves_t14.16_f0354.jpg,data_collection/candidates_additional/helmet_mask_gloves_t14.16_f0354.jpg,helmet+mask+gloves.mp4,14.16,354,596,336,2
helmet_mask_gloves_t14.40_f0360.jpg,data_collection/candidates/helmet_mask_gloves_t14.40_f0360.jpg,helmet+mask+gloves.mp4,14.40,360,596,336,1
helmet_mask_gloves_t14.64_f0366.jpg,data_collection/candidates_additional/helmet_mask_gloves_t14.64_f0366.jpg,helmet+mask+gloves.mp4,14.64,366,596,336,2
helmet_mask_gloves_t14.88_f0372.jpg,data_collection/candidates/helmet_mask_gloves_t14.88_f0372.jpg,helmet+mask+gloves.mp4,14.88,372,596,336,1
helmet_mask_gloves_t15.12_f0378.jpg,data_collection/candidates_additional/helmet_mask_gloves_t15.12_f0378.jpg,helmet+mask+gloves.mp4,15.12,378,596,336,2
helmet_mask_gloves_t15.36_f0384.jpg,data_collection/candidates/helmet_mask_gloves_t15.36_f0384.jpg,helmet+mask+gloves.mp4,15.36,384,596,336,1
helmet_mask_gloves_t15.60_f0390.jpg,data_collection/candidates_additional/helmet_mask_gloves_t15.60_f0390.jpg,helmet+mask+gloves.mp4,15.60,390,596,336,2
helmet_mask_gloves_t15.84_f0396.jpg,data_collection/candidates/helmet_mask_gloves_t15.84_f0396.jpg,helmet+mask+gloves.mp4,15.84,396,596,336,1
helmet_mask_gloves_t16.08_f0402.jpg,data_collection/candidates_additional/helmet_mask_gloves_t16.08_f0402.jpg,helmet+mask+gloves.mp4,16.08,402,596,336,2
helmet_mask_gloves_t16.32_f0408.jpg,data_collection/candidates/helmet_mask_gloves_t16.32_f0408.jpg,helmet+mask+gloves.mp4,16.32,408,596,336,1
helmet_mask_gloves_t16.56_f0414.jpg,data_collection/candidates_additional/helmet_mask_gloves_t16.56_f0414.jpg,helmet+mask+gloves.mp4,16.56,414,596,336,2
helmet_mask_gloves_t16.80_f0420.jpg,data_collection/candidates/helmet_mask_gloves_t16.80_f0420.jpg,helmet+mask+gloves.mp4,16.80,420,596,336,1
helmet_mask_gloves_t17.04_f0426.jpg,data_collection/candidates_additional/helmet_mask_gloves_t17.04_f0426.jpg,helmet+mask+gloves.mp4,17.04,426,596,336,2
helmet_mask_gloves_t17.28_f0432.jpg,data_collection/candidates/helmet_mask_gloves_t17.28_f0432.jpg,helmet+mask+gloves.mp4,17.28,432,596,336,1
helmet_mask_gloves_t17.52_f0438.jpg,data_collection/candidates_additional/helmet_mask_gloves_t17.52_f0438.jpg,helmet+mask+gloves.mp4,17.52,438,596,336,2
helmet_mask_gloves_t17.76_f0444.jpg,data_collection/candidates/helmet_mask_gloves_t17.76_f0444.jpg,helmet+mask+gloves.mp4,17.76,444,596,336,1
helmet_mask_gloves_t18.00_f0450.jpg,data_collection/candidates_additional/helmet_mask_gloves_t18.00_f0450.jpg,helmet+mask+gloves.mp4,18.00,450,596,336,2
helmet_mask_gloves_t18.24_f0456.jpg,data_collection/candidates/helmet_mask_gloves_t18.24_f0456.jpg,helmet+mask+gloves.mp4,18.24,456,596,336,1
helmet_mask_gloves_t18.48_f0462.jpg,data_collection/candidates_additional/helmet_mask_gloves_t18.48_f0462.jpg,helmet+mask+gloves.mp4,18.48,462,596,336,2
helmet_mask_gloves_t18.72_f0468.jpg,data_collection/candidates/helmet_mask_gloves_t18.72_f0468.jpg,helmet+mask+gloves.mp4,18.72,468,596,336,1
helmet_mask_gloves_t18.96_f0474.jpg,data_collection/candidates_additional/helmet_mask_gloves_t18.96_f0474.jpg,helmet+mask+gloves.mp4,18.96,474,596,336,2
helmet_mask_gloves_t19.20_f0480.jpg,data_collection/candidates/helmet_mask_gloves_t19.20_f0480.jpg,helmet+mask+gloves.mp4,19.20,480,596,336,1
helmet_mask_gloves_t19.44_f0486.jpg,data_collection/candidates_additional/helmet_mask_gloves_t19.44_f0486.jpg,helmet+mask+gloves.mp4,19.44,486,596,336,2
helmet_mask_gloves_t19.68_f0492.jpg,data_collection/candidates/helmet_mask_gloves_t19.68_f0492.jpg,helmet+mask+gloves.mp4,19.68,492,596,336,1
helmet_mask_gloves_t19.92_f0498.jpg,data_collection/candidates_additional/helmet_mask_gloves_t19.92_f0498.jpg,helmet+mask+gloves.mp4,19.92,498,596,336,2
helmet_mask_gloves_t20.16_f0504.jpg,data_collection/candidates/helmet_mask_gloves_t20.16_f0504.jpg,helmet+mask+gloves.mp4,20.16,504,596,336,1
helmet_mask_gloves_t20.40_f0510.jpg,data_collection/candidates_additional/helmet_mask_gloves_t20.40_f0510.jpg,helmet+mask+gloves.mp4,20.40,510,596,336,2
helmet_mask_gloves_t20.64_f0516.jpg,data_collection/candidates/helmet_mask_gloves_t20.64_f0516.jpg,helmet+mask+gloves.mp4,20.64,516,596,336,1
helmet_mask_gloves_t20.88_f0522.jpg,data_collection/candidates_additional/helmet_mask_gloves_t20.88_f0522.jpg,helmet+mask+gloves.mp4,20.88,522,596,336,2
helmet_mask_gloves_t21.12_f0528.jpg,data_collection/candidates/helmet_mask_gloves_t21.12_f0528.jpg,helmet+mask+gloves.mp4,21.12,528,596,336,1
helmet_mask_gloves_t21.36_f0534.jpg,data_collection/candidates_additional/helmet_mask_gloves_t21.36_f0534.jpg,helmet+mask+gloves.mp4,21.36,534,596,336,2
helmet_mask_gloves_t21.60_f0540.jpg,data_collection/candidates/helmet_mask_gloves_t21.60_f0540.jpg,helmet+mask+gloves.mp4,21.60,540,596,336,1
helmet_mask_gloves_t21.84_f0546.jpg,data_collection/candidates_additional/helmet_mask_gloves_t21.84_f0546.jpg,helmet+mask+gloves.mp4,21.84,546,596,336,2
helmet_mask_gloves_t22.08_f0552.jpg,data_collection/candidates/helmet_mask_gloves_t22.08_f0552.jpg,helmet+mask+gloves.mp4,22.08,552,596,336,1
helmet_mask_gloves_t22.32_f0558.jpg,data_collection/candidates_additional/helmet_mask_gloves_t22.32_f0558.jpg,helmet+mask+gloves.mp4,22.32,558,596,336,2
helmet_mask_gloves_t22.56_f0564.jpg,data_collection/candidates/helmet_mask_gloves_t22.56_f0564.jpg,helmet+mask+gloves.mp4,22.56,564,596,336,1
helmet_mask_gloves_t22.80_f0570.jpg,data_collection/candidates_additional/helmet_mask_gloves_t22.80_f0570.jpg,helmet+mask+gloves.mp4,22.80,570,596,336,2
helmet_mask_gloves_t23.04_f0576.jpg,data_collection/candidates/helmet_mask_gloves_t23.04_f0576.jpg,helmet+mask+gloves.mp4,23.04,576,596,336,1
helmet_mask_gloves02_t00.00_f0000.jpg,data_collection/candidates/helmet_mask_gloves02_t00.00_f0000.jpg,helmet+mask+gloves02-.mp4,0.00,0,768,432,1
helmet_mask_gloves02_t00.25_f0006.jpg,data_collection/candidates_additional/helmet_mask_gloves02_t00.25_f0006.jpg,helmet+mask+gloves02-.mp4,0.25,6,768,432,2
helmet_mask_gloves02_t00.50_f0012.jpg,data_collection/candidates/helmet_mask_gloves02_t00.50_f0012.jpg,helmet+mask+gloves02-.mp4,0.50,12,768,432,1
helmet_mask_gloves02_t00.75_f0018.jpg,data_collection/candidates_additional/helmet_mask_gloves02_t00.75_f0018.jpg,helmet+mask+gloves02-.mp4,0.75,18,768,432,2
helmet_mask_gloves02_t01.00_f0024.jpg,data_collection/candidates/helmet_mask_gloves02_t01.00_f0024.jpg,helmet+mask+gloves02-.mp4,1.00,24,768,432,1
helmet_mask_gloves02_t01.25_f0030.jpg,data_collection/candidates_additional/helmet_mask_gloves02_t01.25_f0030.jpg,helmet+mask+gloves02-.mp4,1.25,30,768,432,2
helmet_mask_gloves02_t01.50_f0036.jpg,data_collection/candidates/helmet_mask_gloves02_t01.50_f0036.jpg,helmet+mask+gloves02-.mp4,1.50,36,768,432,1
helmet_mask_gloves02_t01.75_f0042.jpg,data_collection/candidates_additional/helmet_mask_gloves02_t01.75_f0042.jpg,helmet+mask+gloves02-.mp4,1.75,42,768,432,2
helmet_mask_gloves02_t02.00_f0048.jpg,data_collection/candidates/helmet_mask_gloves02_t02.00_f0048.jpg,helmet+mask+gloves02-.mp4,2.00,48,768,432,1
helmet_mask_gloves02_t02.25_f0054.jpg,data_collection/candidates_additional/helmet_mask_gloves02_t02.25_f0054.jpg,helmet+mask+gloves02-.mp4,2.25,54,768,432,2
helmet_mask_gloves02_t02.50_f0060.jpg,data_collection/candidates/helmet_mask_gloves02_t02.50_f0060.jpg,helmet+mask+gloves02-.mp4,2.50,60,768,432,1
helmet_mask_gloves02_t02.75_f0066.jpg,data_collection/candidates_additional/helmet_mask_gloves02_t02.75_f0066.jpg,helmet+mask+gloves02-.mp4,2.75,66,768,432,2
helmet_mask_gloves02_t03.00_f0072.jpg,data_collection/candidates/helmet_mask_gloves02_t03.00_f0072.jpg,helmet+mask+gloves02-.mp4,3.00,72,768,432,1
helmet_mask_gloves02_t03.25_f0078.jpg,data_collection/candidates_additional/helmet_mask_gloves02_t03.25_f0078.jpg,helmet+mask+gloves02-.mp4,3.25,78,768,432,2
helmet_mask_gloves02_t03.50_f0084.jpg,data_collection/candidates/helmet_mask_gloves02_t03.50_f0084.jpg,helmet+mask+gloves02-.mp4,3.50,84,768,432,1
helmet_mask_gloves02_t03.75_f0090.jpg,data_collection/candidates_additional/helmet_mask_gloves02_t03.75_f0090.jpg,helmet+mask+gloves02-.mp4,3.75,90,768,432,2
helmet_mask_gloves02_t04.00_f0096.jpg,data_collection/candidates/helmet_mask_gloves02_t04.00_f0096.jpg,helmet+mask+gloves02-.mp4,4.00,96,768,432,1
helmet_mask_gloves02_t04.25_f0102.jpg,data_collection/candidates_additional/helmet_mask_gloves02_t04.25_f0102.jpg,helmet+mask+gloves02-.mp4,4.25,102,768,432,2
helmet_mask_gloves02_t04.50_f0108.jpg,data_collection/candidates/helmet_mask_gloves02_t04.50_f0108.jpg,helmet+mask+gloves02-.mp4,4.50,108,768,432,1
helmet_mask_gloves02_t04.75_f0114.jpg,data_collection/candidates_additional/helmet_mask_gloves02_t04.75_f0114.jpg,helmet+mask+gloves02-.mp4,4.75,114,768,432,2
helmet_mask_gloves02_t05.00_f0120.jpg,data_collection/candidates/helmet_mask_gloves02_t05.00_f0120.jpg,helmet+mask+gloves02-.mp4,5.00,120,768,432,1
helmet_mask_gloves02_t05.26_f0126.jpg,data_collection/candidates_additional/helmet_mask_gloves02_t05.26_f0126.jpg,helmet+mask+gloves02-.mp4,5.26,126,768,432,2
helmet_mask_gloves02_t05.51_f0132.jpg,data_collection/candidates/helmet_mask_gloves02_t05.51_f0132.jpg,helmet+mask+gloves02-.mp4,5.51,132,768,432,1
helmet_mask_gloves02_t05.76_f0138.jpg,data_collection/candidates_additional/helmet_mask_gloves02_t05.76_f0138.jpg,helmet+mask+gloves02-.mp4,5.76,138,768,432,2
helmet_mask_gloves02_t06.01_f0144.jpg,data_collection/candidates/helmet_mask_gloves02_t06.01_f0144.jpg,helmet+mask+gloves02-.mp4,6.01,144,768,432,1
helmet_mask_gloves02_t06.26_f0150.jpg,data_collection/candidates_additional/helmet_mask_gloves02_t06.26_f0150.jpg,helmet+mask+gloves02-.mp4,6.26,150,768,432,2
helmet_mask_gloves02_t06.51_f0156.jpg,data_collection/candidates/helmet_mask_gloves02_t06.51_f0156.jpg,helmet+mask+gloves02-.mp4,6.51,156,768,432,1
helmet_mask_gloves02_t06.76_f0162.jpg,data_collection/candidates_additional/helmet_mask_gloves02_t06.76_f0162.jpg,helmet+mask+gloves02-.mp4,6.76,162,768,432,2
helmet_mask_gloves02_t07.01_f0168.jpg,data_collection/candidates/helmet_mask_gloves02_t07.01_f0168.jpg,helmet+mask+gloves02-.mp4,7.01,168,768,432,1
helmet_mask_gloves02_t07.26_f0174.jpg,data_collection/candidates_additional/helmet_mask_gloves02_t07.26_f0174.jpg,helmet+mask+gloves02-.mp4,7.26,174,768,432,2
helmet_mask_gloves02_t07.51_f0180.jpg,data_collection/candidates/helmet_mask_gloves02_t07.51_f0180.jpg,helmet+mask+gloves02-.mp4,7.51,180,768,432,1
helmet_mask_gloves02_t07.76_f0186.jpg,data_collection/candidates_additional/helmet_mask_gloves02_t07.76_f0186.jpg,helmet+mask+gloves02-.mp4,7.76,186,768,432,2
helmet_mask_gloves02_t08.01_f0192.jpg,data_collection/candidates/helmet_mask_gloves02_t08.01_f0192.jpg,helmet+mask+gloves02-.mp4,8.01,192,768,432,1
helmet_mask_gloves02_t08.26_f0198.jpg,data_collection/candidates_additional/helmet_mask_gloves02_t08.26_f0198.jpg,helmet+mask+gloves02-.mp4,8.26,198,768,432,2
helmet_mask_gloves02_t08.51_f0204.jpg,data_collection/candidates/helmet_mask_gloves02_t08.51_f0204.jpg,helmet+mask+gloves02-.mp4,8.51,204,768,432,1
helmet_mask_gloves02_t08.76_f0210.jpg,data_collection/candidates_additional/helmet_mask_gloves02_t08.76_f0210.jpg,helmet+mask+gloves02-.mp4,8.76,210,768,432,2
helmet_mask_gloves02_t09.01_f0216.jpg,data_collection/candidates/helmet_mask_gloves02_t09.01_f0216.jpg,helmet+mask+gloves02-.mp4,9.01,216,768,432,1
helmet_mask_gloves02_t09.26_f0222.jpg,data_collection/candidates_additional/helmet_mask_gloves02_t09.26_f0222.jpg,helmet+mask+gloves02-.mp4,9.26,222,768,432,2
helmet_mask_gloves02_t09.51_f0228.jpg,data_collection/candidates/helmet_mask_gloves02_t09.51_f0228.jpg,helmet+mask+gloves02-.mp4,9.51,228,768,432,1
helmet_mask_gloves02_t09.76_f0234.jpg,data_collection/candidates_additional/helmet_mask_gloves02_t09.76_f0234.jpg,helmet+mask+gloves02-.mp4,9.76,234,768,432,2
helmet_mask_gloves02_t10.01_f0240.jpg,data_collection/candidates/helmet_mask_gloves02_t10.01_f0240.jpg,helmet+mask+gloves02-.mp4,10.01,240,768,432,1
helmet_mask_gloves02_t10.26_f0246.jpg,data_collection/candidates_additional/helmet_mask_gloves02_t10.26_f0246.jpg,helmet+mask+gloves02-.mp4,10.26,246,768,432,2
helmet_mask_gloves02_t10.51_f0252.jpg,data_collection/candidates/helmet_mask_gloves02_t10.51_f0252.jpg,helmet+mask+gloves02-.mp4,10.51,252,768,432,1
helmet_mask_gloves02_t10.76_f0258.jpg,data_collection/candidates_additional/helmet_mask_gloves02_t10.76_f0258.jpg,helmet+mask+gloves02-.mp4,10.76,258,768,432,2
helmet_mask_gloves02_t11.01_f0264.jpg,data_collection/candidates/helmet_mask_gloves02_t11.01_f0264.jpg,helmet+mask+gloves02-.mp4,11.01,264,768,432,1
helmet_mask_gloves02_t11.26_f0270.jpg,data_collection/candidates_additional/helmet_mask_gloves02_t11.26_f0270.jpg,helmet+mask+gloves02-.mp4,11.26,270,768,432,2
helmet_mask_gloves02_t11.51_f0276.jpg,data_collection/candidates/helmet_mask_gloves02_t11.51_f0276.jpg,helmet+mask+gloves02-.mp4,11.51,276,768,432,1
helmet_mask_gloves02_t11.76_f0282.jpg,data_collection/candidates_additional/helmet_mask_gloves02_t11.76_f0282.jpg,helmet+mask+gloves02-.mp4,11.76,282,768,432,2
helmet_mask_gloves02_t12.01_f0288.jpg,data_collection/candidates/helmet_mask_gloves02_t12.01_f0288.jpg,helmet+mask+gloves02-.mp4,12.01,288,768,432,1
helmet_mask_gloves02_t12.26_f0294.jpg,data_collection/candidates_additional/helmet_mask_gloves02_t12.26_f0294.jpg,helmet+mask+gloves02-.mp4,12.26,294,768,432,2
helmet_mask_gloves02_t12.51_f0300.jpg,data_collection/candidates/helmet_mask_gloves02_t12.51_f0300.jpg,helmet+mask+gloves02-.mp4,12.51,300,768,432,1
helmet_mask_t00.00_f0000.jpg,data_collection/candidates/helmet_mask_t00.00_f0000.jpg,helmet+mask.mp4,0.00,0,768,432,1
helmet_mask_t00.24_f0006.jpg,data_collection/candidates_additional/helmet_mask_t00.24_f0006.jpg,helmet+mask.mp4,0.24,6,768,432,2
helmet_mask_t00.48_f0012.jpg,data_collection/candidates/helmet_mask_t00.48_f0012.jpg,helmet+mask.mp4,0.48,12,768,432,1
helmet_mask_t00.72_f0018.jpg,data_collection/candidates_additional/helmet_mask_t00.72_f0018.jpg,helmet+mask.mp4,0.72,18,768,432,2
helmet_mask_t00.96_f0024.jpg,data_collection/candidates/helmet_mask_t00.96_f0024.jpg,helmet+mask.mp4,0.96,24,768,432,1
helmet_mask_t01.20_f0030.jpg,data_collection/candidates_additional/helmet_mask_t01.20_f0030.jpg,helmet+mask.mp4,1.20,30,768,432,2
helmet_mask_t01.44_f0036.jpg,data_collection/candidates/helmet_mask_t01.44_f0036.jpg,helmet+mask.mp4,1.44,36,768,432,1
helmet_mask_t01.68_f0042.jpg,data_collection/candidates_additional/helmet_mask_t01.68_f0042.jpg,helmet+mask.mp4,1.68,42,768,432,2
helmet_mask_t01.92_f0048.jpg,data_collection/candidates/helmet_mask_t01.92_f0048.jpg,helmet+mask.mp4,1.92,48,768,432,1
helmet_mask_t02.16_f0054.jpg,data_collection/candidates_additional/helmet_mask_t02.16_f0054.jpg,helmet+mask.mp4,2.16,54,768,432,2
helmet_mask_t02.40_f0060.jpg,data_collection/candidates/helmet_mask_t02.40_f0060.jpg,helmet+mask.mp4,2.40,60,768,432,1
helmet_mask_t02.64_f0066.jpg,data_collection/candidates_additional/helmet_mask_t02.64_f0066.jpg,helmet+mask.mp4,2.64,66,768,432,2
helmet_mask_t02.88_f0072.jpg,data_collection/candidates/helmet_mask_t02.88_f0072.jpg,helmet+mask.mp4,2.88,72,768,432,1
helmet_mask_t03.12_f0078.jpg,data_collection/candidates_additional/helmet_mask_t03.12_f0078.jpg,helmet+mask.mp4,3.12,78,768,432,2
helmet_mask_t03.36_f0084.jpg,data_collection/candidates/helmet_mask_t03.36_f0084.jpg,helmet+mask.mp4,3.36,84,768,432,1
helmet_mask_t03.60_f0090.jpg,data_collection/candidates_additional/helmet_mask_t03.60_f0090.jpg,helmet+mask.mp4,3.60,90,768,432,2
helmet_mask_t03.84_f0096.jpg,data_collection/candidates/helmet_mask_t03.84_f0096.jpg,helmet+mask.mp4,3.84,96,768,432,1
helmet_mask_t04.08_f0102.jpg,data_collection/candidates_additional/helmet_mask_t04.08_f0102.jpg,helmet+mask.mp4,4.08,102,768,432,2
helmet_mask_t04.32_f0108.jpg,data_collection/candidates/helmet_mask_t04.32_f0108.jpg,helmet+mask.mp4,4.32,108,768,432,1
helmet_mask_t04.56_f0114.jpg,data_collection/candidates_additional/helmet_mask_t04.56_f0114.jpg,helmet+mask.mp4,4.56,114,768,432,2
helmet_mask_t04.80_f0120.jpg,data_collection/candidates/helmet_mask_t04.80_f0120.jpg,helmet+mask.mp4,4.80,120,768,432,1
helmet_mask_t05.04_f0126.jpg,data_collection/candidates_additional/helmet_mask_t05.04_f0126.jpg,helmet+mask.mp4,5.04,126,768,432,2
helmet_mask_t05.28_f0132.jpg,data_collection/candidates/helmet_mask_t05.28_f0132.jpg,helmet+mask.mp4,5.28,132,768,432,1
helmet_mask_t05.52_f0138.jpg,data_collection/candidates_additional/helmet_mask_t05.52_f0138.jpg,helmet+mask.mp4,5.52,138,768,432,2
helmet_mask_t05.76_f0144.jpg,data_collection/candidates/helmet_mask_t05.76_f0144.jpg,helmet+mask.mp4,5.76,144,768,432,1
helmet_mask_t06.00_f0150.jpg,data_collection/candidates_additional/helmet_mask_t06.00_f0150.jpg,helmet+mask.mp4,6.00,150,768,432,2
helmet_mask_t06.24_f0156.jpg,data_collection/candidates/helmet_mask_t06.24_f0156.jpg,helmet+mask.mp4,6.24,156,768,432,1
helmet_mask_t06.48_f0162.jpg,data_collection/candidates_additional/helmet_mask_t06.48_f0162.jpg,helmet+mask.mp4,6.48,162,768,432,2
helmet_mask_t06.72_f0168.jpg,data_collection/candidates/helmet_mask_t06.72_f0168.jpg,helmet+mask.mp4,6.72,168,768,432,1
helmet_mask_t06.96_f0174.jpg,data_collection/candidates_additional/helmet_mask_t06.96_f0174.jpg,helmet+mask.mp4,6.96,174,768,432,2
helmet_mask_t07.20_f0180.jpg,data_collection/candidates/helmet_mask_t07.20_f0180.jpg,helmet+mask.mp4,7.20,180,768,432,1
helmet_mask_t07.44_f0186.jpg,data_collection/candidates_additional/helmet_mask_t07.44_f0186.jpg,helmet+mask.mp4,7.44,186,768,432,2
helmet_mask_t07.68_f0192.jpg,data_collection/candidates/helmet_mask_t07.68_f0192.jpg,helmet+mask.mp4,7.68,192,768,432,1
helmet_mask_t07.92_f0198.jpg,data_collection/candidates_additional/helmet_mask_t07.92_f0198.jpg,helmet+mask.mp4,7.92,198,768,432,2
helmet_mask_t08.16_f0204.jpg,data_collection/candidates/helmet_mask_t08.16_f0204.jpg,helmet+mask.mp4,8.16,204,768,432,1
helmet_mask_t08.40_f0210.jpg,data_collection/candidates_additional/helmet_mask_t08.40_f0210.jpg,helmet+mask.mp4,8.40,210,768,432,2
helmet_mask_t08.64_f0216.jpg,data_collection/candidates/helmet_mask_t08.64_f0216.jpg,helmet+mask.mp4,8.64,216,768,432,1
helmet_mask_t08.88_f0222.jpg,data_collection/candidates_additional/helmet_mask_t08.88_f0222.jpg,helmet+mask.mp4,8.88,222,768,432,2
helmet_mask_t09.12_f0228.jpg,data_collection/candidates/helmet_mask_t09.12_f0228.jpg,helmet+mask.mp4,9.12,228,768,432,1
helmet_mask_t09.36_f0234.jpg,data_collection/candidates_additional/helmet_mask_t09.36_f0234.jpg,helmet+mask.mp4,9.36,234,768,432,2
helmet_mask_t09.60_f0240.jpg,data_collection/candidates/helmet_mask_t09.60_f0240.jpg,helmet+mask.mp4,9.60,240,768,432,1
helmet_mask_t09.84_f0246.jpg,data_collection/candidates_additional/helmet_mask_t09.84_f0246.jpg,helmet+mask.mp4,9.84,246,768,432,2
helmet_mask_t10.08_f0252.jpg,data_collection/candidates/helmet_mask_t10.08_f0252.jpg,helmet+mask.mp4,10.08,252,768,432,1
helmet_mask_t10.32_f0258.jpg,data_collection/candidates_additional/helmet_mask_t10.32_f0258.jpg,helmet+mask.mp4,10.32,258,768,432,2
helmet_mask_t10.56_f0264.jpg,data_collection/candidates/helmet_mask_t10.56_f0264.jpg,helmet+mask.mp4,10.56,264,768,432,1
helmet_mask_t10.80_f0270.jpg,data_collection/candidates_additional/helmet_mask_t10.80_f0270.jpg,helmet+mask.mp4,10.80,270,768,432,2
helmet_mask_t11.04_f0276.jpg,data_collection/candidates/helmet_mask_t11.04_f0276.jpg,helmet+mask.mp4,11.04,276,768,432,1
helmet_mask_t11.28_f0282.jpg,data_collection/candidates_additional/helmet_mask_t11.28_f0282.jpg,helmet+mask.mp4,11.28,282,768,432,2
helmet_mask_t11.52_f0288.jpg,data_collection/candidates/helmet_mask_t11.52_f0288.jpg,helmet+mask.mp4,11.52,288,768,432,1
helmet_mask_t11.76_f0294.jpg,data_collection/candidates_additional/helmet_mask_t11.76_f0294.jpg,helmet+mask.mp4,11.76,294,768,432,2
helmet_mask_t12.00_f0300.jpg,data_collection/candidates/helmet_mask_t12.00_f0300.jpg,helmet+mask.mp4,12.00,300,768,432,1
helmet_mask_t12.24_f0306.jpg,data_collection/candidates_additional/helmet_mask_t12.24_f0306.jpg,helmet+mask.mp4,12.24,306,768,432,2
helmet_mask_t12.48_f0312.jpg,data_collection/candidates/helmet_mask_t12.48_f0312.jpg,helmet+mask.mp4,12.48,312,768,432,1
helmet_mask_t12.72_f0318.jpg,data_collection/candidates_additional/helmet_mask_t12.72_f0318.jpg,helmet+mask.mp4,12.72,318,768,432,2
helmet_mask_t12.96_f0324.jpg,data_collection/candidates/helmet_mask_t12.96_f0324.jpg,helmet+mask.mp4,12.96,324,768,432,1
helmet_mask_t13.20_f0330.jpg,data_collection/candidates_additional/helmet_mask_t13.20_f0330.jpg,helmet+mask.mp4,13.20,330,768,432,2
helmet_mask_t13.44_f0336.jpg,data_collection/candidates/helmet_mask_t13.44_f0336.jpg,helmet+mask.mp4,13.44,336,768,432,1
helmet_mask_t13.68_f0342.jpg,data_collection/candidates_additional/helmet_mask_t13.68_f0342.jpg,helmet+mask.mp4,13.68,342,768,432,2
helmet_mask_t13.92_f0348.jpg,data_collection/candidates/helmet_mask_t13.92_f0348.jpg,helmet+mask.mp4,13.92,348,768,432,1
helmet_mask_t14.16_f0354.jpg,data_collection/candidates_additional/helmet_mask_t14.16_f0354.jpg,helmet+mask.mp4,14.16,354,768,432,2
helmet_mask_t14.40_f0360.jpg,data_collection/candidates/helmet_mask_t14.40_f0360.jpg,helmet+mask.mp4,14.40,360,768,432,1
helmet_mask_t14.64_f0366.jpg,data_collection/candidates_additional/helmet_mask_t14.64_f0366.jpg,helmet+mask.mp4,14.64,366,768,432,2
helmet_mask_t14.88_f0372.jpg,data_collection/candidates/helmet_mask_t14.88_f0372.jpg,helmet+mask.mp4,14.88,372,768,432,1
mask_only_t00.00_f0000.jpg,data_collection/candidates/mask_only_t00.00_f0000.jpg,mask only.mp4,0.00,0,768,432,1
mask_only_t00.23_f0007.jpg,data_collection/candidates_additional/mask_only_t00.23_f0007.jpg,mask only.mp4,0.23,7,768,432,2
mask_only_t00.47_f0014.jpg,data_collection/candidates_additional/mask_only_t00.47_f0014.jpg,mask only.mp4,0.47,14,768,432,2
mask_only_t00.50_f0015.jpg,data_collection/candidates/mask_only_t00.50_f0015.jpg,mask only.mp4,0.50,15,768,432,1
mask_only_t00.70_f0021.jpg,data_collection/candidates_additional/mask_only_t00.70_f0021.jpg,mask only.mp4,0.70,21,768,432,2
mask_only_t00.93_f0028.jpg,data_collection/candidates_additional/mask_only_t00.93_f0028.jpg,mask only.mp4,0.93,28,768,432,2
mask_only_t01.00_f0030.jpg,data_collection/candidates/mask_only_t01.00_f0030.jpg,mask only.mp4,1.00,30,768,432,1
mask_only_t01.17_f0035.jpg,data_collection/candidates_additional/mask_only_t01.17_f0035.jpg,mask only.mp4,1.17,35,768,432,2
mask_only_t01.40_f0042.jpg,data_collection/candidates_additional/mask_only_t01.40_f0042.jpg,mask only.mp4,1.40,42,768,432,2
mask_only_t01.50_f0045.jpg,data_collection/candidates/mask_only_t01.50_f0045.jpg,mask only.mp4,1.50,45,768,432,1
mask_only_t01.63_f0049.jpg,data_collection/candidates_additional/mask_only_t01.63_f0049.jpg,mask only.mp4,1.63,49,768,432,2
mask_only_t01.87_f0056.jpg,data_collection/candidates_additional/mask_only_t01.87_f0056.jpg,mask only.mp4,1.87,56,768,432,2
mask_only_t02.00_f0060.jpg,data_collection/candidates/mask_only_t02.00_f0060.jpg,mask only.mp4,2.00,60,768,432,1
mask_only_t02.10_f0063.jpg,data_collection/candidates_additional/mask_only_t02.10_f0063.jpg,mask only.mp4,2.10,63,768,432,2
mask_only_t02.34_f0070.jpg,data_collection/candidates_additional/mask_only_t02.34_f0070.jpg,mask only.mp4,2.34,70,768,432,2
mask_only_t02.50_f0075.jpg,data_collection/candidates/mask_only_t02.50_f0075.jpg,mask only.mp4,2.50,75,768,432,1
mask_only_t02.57_f0077.jpg,data_collection/candidates_additional/mask_only_t02.57_f0077.jpg,mask only.mp4,2.57,77,768,432,2
mask_only_t02.80_f0084.jpg,data_collection/candidates_additional/mask_only_t02.80_f0084.jpg,mask only.mp4,2.80,84,768,432,2
mask_only_t03.00_f0090.jpg,data_collection/candidates/mask_only_t03.00_f0090.jpg,mask only.mp4,3.00,90,768,432,1
mask_only_t03.04_f0091.jpg,data_collection/candidates_additional/mask_only_t03.04_f0091.jpg,mask only.mp4,3.04,91,768,432,2
mask_only_t03.27_f0098.jpg,data_collection/candidates_additional/mask_only_t03.27_f0098.jpg,mask only.mp4,3.27,98,768,432,2
mask_only_t03.50_f0105.jpg,data_collection/candidates/mask_only_t03.50_f0105.jpg,mask only.mp4,3.50,105,768,432,1
mask_only_t03.74_f0112.jpg,data_collection/candidates_additional/mask_only_t03.74_f0112.jpg,mask only.mp4,3.74,112,768,432,2
mask_only_t03.97_f0119.jpg,data_collection/candidates_additional/mask_only_t03.97_f0119.jpg,mask only.mp4,3.97,119,768,432,2
mask_only_t04.00_f0120.jpg,data_collection/candidates/mask_only_t04.00_f0120.jpg,mask only.mp4,4.00,120,768,432,1
mask_only_t04.20_f0126.jpg,data_collection/candidates_additional/mask_only_t04.20_f0126.jpg,mask only.mp4,4.20,126,768,432,2
mask_only_t04.44_f0133.jpg,data_collection/candidates_additional/mask_only_t04.44_f0133.jpg,mask only.mp4,4.44,133,768,432,2
mask_only_t04.50_f0135.jpg,data_collection/candidates/mask_only_t04.50_f0135.jpg,mask only.mp4,4.50,135,768,432,1
mask_only_t04.67_f0140.jpg,data_collection/candidates_additional/mask_only_t04.67_f0140.jpg,mask only.mp4,4.67,140,768,432,2
mask_only_t04.90_f0147.jpg,data_collection/candidates_additional/mask_only_t04.90_f0147.jpg,mask only.mp4,4.90,147,768,432,2
mask_only_t05.00_f0150.jpg,data_collection/candidates/mask_only_t05.00_f0150.jpg,mask only.mp4,5.00,150,768,432,1
mask_only_t05.14_f0154.jpg,data_collection/candidates_additional/mask_only_t05.14_f0154.jpg,mask only.mp4,5.14,154,768,432,2
mask_only_t05.37_f0161.jpg,data_collection/candidates_additional/mask_only_t05.37_f0161.jpg,mask only.mp4,5.37,161,768,432,2
mask_only_t05.51_f0165.jpg,data_collection/candidates/mask_only_t05.51_f0165.jpg,mask only.mp4,5.51,165,768,432,1
mask_only_t05.61_f0168.jpg,data_collection/candidates_additional/mask_only_t05.61_f0168.jpg,mask only.mp4,5.61,168,768,432,2
mask_only_t05.84_f0175.jpg,data_collection/candidates_additional/mask_only_t05.84_f0175.jpg,mask only.mp4,5.84,175,768,432,2
mask_only_t06.01_f0180.jpg,data_collection/candidates/mask_only_t06.01_f0180.jpg,mask only.mp4,6.01,180,768,432,1
mask_only_t06.07_f0182.jpg,data_collection/candidates_additional/mask_only_t06.07_f0182.jpg,mask only.mp4,6.07,182,768,432,2
mask_only_t06.31_f0189.jpg,data_collection/candidates_additional/mask_only_t06.31_f0189.jpg,mask only.mp4,6.31,189,768,432,2
mask_only_t06.51_f0195.jpg,data_collection/candidates/mask_only_t06.51_f0195.jpg,mask only.mp4,6.51,195,768,432,1
mask_only_t06.54_f0196.jpg,data_collection/candidates_additional/mask_only_t06.54_f0196.jpg,mask only.mp4,6.54,196,768,432,2
mask_only_t06.77_f0203.jpg,data_collection/candidates_additional/mask_only_t06.77_f0203.jpg,mask only.mp4,6.77,203,768,432,2
mask_only_t07.01_f0210.jpg,data_collection/candidates/mask_only_t07.01_f0210.jpg,mask only.mp4,7.01,210,768,432,1
mask_only_t07.24_f0217.jpg,data_collection/candidates_additional/mask_only_t07.24_f0217.jpg,mask only.mp4,7.24,217,768,432,2
mask_only_t07.47_f0224.jpg,data_collection/candidates_additional/mask_only_t07.47_f0224.jpg,mask only.mp4,7.47,224,768,432,2
mask_only_t07.51_f0225.jpg,data_collection/candidates/mask_only_t07.51_f0225.jpg,mask only.mp4,7.51,225,768,432,1
mask_only_t07.71_f0231.jpg,data_collection/candidates_additional/mask_only_t07.71_f0231.jpg,mask only.mp4,7.71,231,768,432,2
mask_only_t07.94_f0238.jpg,data_collection/candidates_additional/mask_only_t07.94_f0238.jpg,mask only.mp4,7.94,238,768,432,2
mask_only_t08.01_f0240.jpg,data_collection/candidates/mask_only_t08.01_f0240.jpg,mask only.mp4,8.01,240,768,432,1
mask_only_t08.17_f0245.jpg,data_collection/candidates_additional/mask_only_t08.17_f0245.jpg,mask only.mp4,8.17,245,768,432,2
mask_only_t08.41_f0252.jpg,data_collection/candidates_additional/mask_only_t08.41_f0252.jpg,mask only.mp4,8.41,252,768,432,2
mask_only_t08.51_f0255.jpg,data_collection/candidates/mask_only_t08.51_f0255.jpg,mask only.mp4,8.51,255,768,432,1
mask_only_t08.64_f0259.jpg,data_collection/candidates_additional/mask_only_t08.64_f0259.jpg,mask only.mp4,8.64,259,768,432,2
mask_only_t08.88_f0266.jpg,data_collection/candidates_additional/mask_only_t08.88_f0266.jpg,mask only.mp4,8.88,266,768,432,2
mask_only_t09.01_f0270.jpg,data_collection/candidates/mask_only_t09.01_f0270.jpg,mask only.mp4,9.01,270,768,432,1
mask_only_t09.11_f0273.jpg,data_collection/candidates_additional/mask_only_t09.11_f0273.jpg,mask only.mp4,9.11,273,768,432,2
mask_only_t09.34_f0280.jpg,data_collection/candidates_additional/mask_only_t09.34_f0280.jpg,mask only.mp4,9.34,280,768,432,2
mask_only_t09.51_f0285.jpg,data_collection/candidates/mask_only_t09.51_f0285.jpg,mask only.mp4,9.51,285,768,432,1
mask_only_t09.58_f0287.jpg,data_collection/candidates_additional/mask_only_t09.58_f0287.jpg,mask only.mp4,9.58,287,768,432,2
mask_only_t09.81_f0294.jpg,data_collection/candidates_additional/mask_only_t09.81_f0294.jpg,mask only.mp4,9.81,294,768,432,2
mask_only_t10.01_f0300.jpg,data_collection/candidates/mask_only_t10.01_f0300.jpg,mask only.mp4,10.01,300,768,432,1
mask_only_t10.04_f0301.jpg,data_collection/candidates_additional/mask_only_t10.04_f0301.jpg,mask only.mp4,10.04,301,768,432,2
mask_only_t10.28_f0308.jpg,data_collection/candidates_additional/mask_only_t10.28_f0308.jpg,mask only.mp4,10.28,308,768,432,2
mask_only_t10.51_f0315.jpg,data_collection/candidates/mask_only_t10.51_f0315.jpg,mask only.mp4,10.51,315,768,432,1
mask_only_t10.74_f0322.jpg,data_collection/candidates_additional/mask_only_t10.74_f0322.jpg,mask only.mp4,10.74,322,768,432,2
mask_only_t10.98_f0329.jpg,data_collection/candidates_additional/mask_only_t10.98_f0329.jpg,mask only.mp4,10.98,329,768,432,2
mask_only_t11.01_f0330.jpg,data_collection/candidates/mask_only_t11.01_f0330.jpg,mask only.mp4,11.01,330,768,432,1
mask_only_t11.21_f0336.jpg,data_collection/candidates_additional/mask_only_t11.21_f0336.jpg,mask only.mp4,11.21,336,768,432,2
mask_only_t11.44_f0343.jpg,data_collection/candidates_additional/mask_only_t11.44_f0343.jpg,mask only.mp4,11.44,343,768,432,2
mask_only_t11.51_f0345.jpg,data_collection/candidates/mask_only_t11.51_f0345.jpg,mask only.mp4,11.51,345,768,432,1
mask_only_t11.68_f0350.jpg,data_collection/candidates_additional/mask_only_t11.68_f0350.jpg,mask only.mp4,11.68,350,768,432,2
mask_only_t11.91_f0357.jpg,data_collection/candidates_additional/mask_only_t11.91_f0357.jpg,mask only.mp4,11.91,357,768,432,2
mask_only_t12.01_f0360.jpg,data_collection/candidates/mask_only_t12.01_f0360.jpg,mask only.mp4,12.01,360,768,432,1
mask_only_t12.15_f0364.jpg,data_collection/candidates_additional/mask_only_t12.15_f0364.jpg,mask only.mp4,12.15,364,768,432,2
mask_only_t12.38_f0371.jpg,data_collection/candidates_additional/mask_only_t12.38_f0371.jpg,mask only.mp4,12.38,371,768,432,2
mask_only_t12.51_f0375.jpg,data_collection/candidates/mask_only_t12.51_f0375.jpg,mask only.mp4,12.51,375,768,432,1
mask_only_t12.61_f0378.jpg,data_collection/candidates_additional/mask_only_t12.61_f0378.jpg,mask only.mp4,12.61,378,768,432,2
mask_only_t12.85_f0385.jpg,data_collection/candidates_additional/mask_only_t12.85_f0385.jpg,mask only.mp4,12.85,385,768,432,2
mask_only_t13.01_f0390.jpg,data_collection/candidates/mask_only_t13.01_f0390.jpg,mask only.mp4,13.01,390,768,432,1
mask_only_t13.08_f0392.jpg,data_collection/candidates_additional/mask_only_t13.08_f0392.jpg,mask only.mp4,13.08,392,768,432,2
mask_only_t13.31_f0399.jpg,data_collection/candidates_additional/mask_only_t13.31_f0399.jpg,mask only.mp4,13.31,399,768,432,2
mask_only_t13.51_f0405.jpg,data_collection/candidates/mask_only_t13.51_f0405.jpg,mask only.mp4,13.51,405,768,432,1
mask_only_t13.55_f0406.jpg,data_collection/candidates_additional/mask_only_t13.55_f0406.jpg,mask only.mp4,13.55,406,768,432,2
mask_only_t13.78_f0413.jpg,data_collection/candidates_additional/mask_only_t13.78_f0413.jpg,mask only.mp4,13.78,413,768,432,2
mask_only_t14.01_f0420.jpg,data_collection/candidates/mask_only_t14.01_f0420.jpg,mask only.mp4,14.01,420,768,432,1
mask_only_t14.25_f0427.jpg,data_collection/candidates_additional/mask_only_t14.25_f0427.jpg,mask only.mp4,14.25,427,768,432,2
mask_only_t14.48_f0434.jpg,data_collection/candidates_additional/mask_only_t14.48_f0434.jpg,mask only.mp4,14.48,434,768,432,2
mask_only_t14.51_f0435.jpg,data_collection/candidates/mask_only_t14.51_f0435.jpg,mask only.mp4,14.51,435,768,432,1
mask_only_t14.71_f0441.jpg,data_collection/candidates_additional/mask_only_t14.71_f0441.jpg,mask only.mp4,14.71,441,768,432,2
mask_only_t14.95_f0448.jpg,data_collection/candidates_additional/mask_only_t14.95_f0448.jpg,mask only.mp4,14.95,448,768,432,2
mask_only_t15.02_f0450.jpg,data_collection/candidates/mask_only_t15.02_f0450.jpg,mask only.mp4,15.02,450,768,432,1
mask_only_t15.18_f0455.jpg,data_collection/candidates_additional/mask_only_t15.18_f0455.jpg,mask only.mp4,15.18,455,768,432,2
mask_only_t15.42_f0462.jpg,data_collection/candidates_additional/mask_only_t15.42_f0462.jpg,mask only.mp4,15.42,462,768,432,2
mask_only_t15.52_f0465.jpg,data_collection/candidates/mask_only_t15.52_f0465.jpg,mask only.mp4,15.52,465,768,432,1
mask_only_t15.65_f0469.jpg,data_collection/candidates_additional/mask_only_t15.65_f0469.jpg,mask only.mp4,15.65,469,768,432,2
mask_only_t15.88_f0476.jpg,data_collection/candidates_additional/mask_only_t15.88_f0476.jpg,mask only.mp4,15.88,476,768,432,2
mask_only_t16.02_f0480.jpg,data_collection/candidates/mask_only_t16.02_f0480.jpg,mask only.mp4,16.02,480,768,432,1
mask_only_t16.12_f0483.jpg,data_collection/candidates_additional/mask_only_t16.12_f0483.jpg,mask only.mp4,16.12,483,768,432,2
mask_only_t16.35_f0490.jpg,data_collection/candidates_additional/mask_only_t16.35_f0490.jpg,mask only.mp4,16.35,490,768,432,2
mask_only_t16.52_f0495.jpg,data_collection/candidates/mask_only_t16.52_f0495.jpg,mask only.mp4,16.52,495,768,432,1
mask_only_t16.58_f0497.jpg,data_collection/candidates_additional/mask_only_t16.58_f0497.jpg,mask only.mp4,16.58,497,768,432,2
mask_only_t16.82_f0504.jpg,data_collection/candidates_additional/mask_only_t16.82_f0504.jpg,mask only.mp4,16.82,504,768,432,2
mask_only_t17.02_f0510.jpg,data_collection/candidates/mask_only_t17.02_f0510.jpg,mask only.mp4,17.02,510,768,432,1
mask_only_t17.05_f0511.jpg,data_collection/candidates_additional/mask_only_t17.05_f0511.jpg,mask only.mp4,17.05,511,768,432,2
mask_only_t17.28_f0518.jpg,data_collection/candidates_additional/mask_only_t17.28_f0518.jpg,mask only.mp4,17.28,518,768,432,2
mask_only_t17.52_f0525.jpg,data_collection/candidates/mask_only_t17.52_f0525.jpg,mask only.mp4,17.52,525,768,432,1
mask_only_t17.75_f0532.jpg,data_collection/candidates_additional/mask_only_t17.75_f0532.jpg,mask only.mp4,17.75,532,768,432,2
mask_only_t17.98_f0539.jpg,data_collection/candidates_additional/mask_only_t17.98_f0539.jpg,mask only.mp4,17.98,539,768,432,2
mask_only_t18.02_f0540.jpg,data_collection/candidates/mask_only_t18.02_f0540.jpg,mask only.mp4,18.02,540,768,432,1
mask_only_t18.22_f0546.jpg,data_collection/candidates_additional/mask_only_t18.22_f0546.jpg,mask only.mp4,18.22,546,768,432,2
mask_only_t18.45_f0553.jpg,data_collection/candidates_additional/mask_only_t18.45_f0553.jpg,mask only.mp4,18.45,553,768,432,2
mask_only_t18.52_f0555.jpg,data_collection/candidates/mask_only_t18.52_f0555.jpg,mask only.mp4,18.52,555,768,432,1
mask_only_t18.69_f0560.jpg,data_collection/candidates_additional/mask_only_t18.69_f0560.jpg,mask only.mp4,18.69,560,768,432,2
mask_only_t18.92_f0567.jpg,data_collection/candidates_additional/mask_only_t18.92_f0567.jpg,mask only.mp4,18.92,567,768,432,2
mask_only_t19.02_f0570.jpg,data_collection/candidates/mask_only_t19.02_f0570.jpg,mask only.mp4,19.02,570,768,432,1
mask_only_t19.15_f0574.jpg,data_collection/candidates_additional/mask_only_t19.15_f0574.jpg,mask only.mp4,19.15,574,768,432,2
mask_only_t19.39_f0581.jpg,data_collection/candidates_additional/mask_only_t19.39_f0581.jpg,mask only.mp4,19.39,581,768,432,2
mask_only_t19.52_f0585.jpg,data_collection/candidates/mask_only_t19.52_f0585.jpg,mask only.mp4,19.52,585,768,432,1
mask_only_t19.62_f0588.jpg,data_collection/candidates_additional/mask_only_t19.62_f0588.jpg,mask only.mp4,19.62,588,768,432,2
mask_only_t19.85_f0595.jpg,data_collection/candidates_additional/mask_only_t19.85_f0595.jpg,mask only.mp4,19.85,595,768,432,2
mask_only_t20.02_f0600.jpg,data_collection/candidates/mask_only_t20.02_f0600.jpg,mask only.mp4,20.02,600,768,432,1
mask_only_t20.09_f0602.jpg,data_collection/candidates_additional/mask_only_t20.09_f0602.jpg,mask only.mp4,20.09,602,768,432,2
no_safety_t00.00_f0000.jpg,data_collection/candidates/no_safety_t00.00_f0000.jpg,no safety.mp4,0.00,0,768,432,1
no_safety_t00.23_f0007.jpg,data_collection/candidates_additional/no_safety_t00.23_f0007.jpg,no safety.mp4,0.23,7,768,432,2
no_safety_t00.47_f0014.jpg,data_collection/candidates_additional/no_safety_t00.47_f0014.jpg,no safety.mp4,0.47,14,768,432,2
no_safety_t00.50_f0015.jpg,data_collection/candidates/no_safety_t00.50_f0015.jpg,no safety.mp4,0.50,15,768,432,1
no_safety_t00.70_f0021.jpg,data_collection/candidates_additional/no_safety_t00.70_f0021.jpg,no safety.mp4,0.70,21,768,432,2
no_safety_t00.93_f0028.jpg,data_collection/candidates_additional/no_safety_t00.93_f0028.jpg,no safety.mp4,0.93,28,768,432,2
no_safety_t01.00_f0030.jpg,data_collection/candidates/no_safety_t01.00_f0030.jpg,no safety.mp4,1.00,30,768,432,1
no_safety_t01.17_f0035.jpg,data_collection/candidates_additional/no_safety_t01.17_f0035.jpg,no safety.mp4,1.17,35,768,432,2
no_safety_t01.40_f0042.jpg,data_collection/candidates_additional/no_safety_t01.40_f0042.jpg,no safety.mp4,1.40,42,768,432,2
no_safety_t01.50_f0045.jpg,data_collection/candidates/no_safety_t01.50_f0045.jpg,no safety.mp4,1.50,45,768,432,1
no_safety_t01.63_f0049.jpg,data_collection/candidates_additional/no_safety_t01.63_f0049.jpg,no safety.mp4,1.63,49,768,432,2
no_safety_t01.87_f0056.jpg,data_collection/candidates_additional/no_safety_t01.87_f0056.jpg,no safety.mp4,1.87,56,768,432,2
no_safety_t02.00_f0060.jpg,data_collection/candidates/no_safety_t02.00_f0060.jpg,no safety.mp4,2.00,60,768,432,1
no_safety_t02.10_f0063.jpg,data_collection/candidates_additional/no_safety_t02.10_f0063.jpg,no safety.mp4,2.10,63,768,432,2
no_safety_t02.34_f0070.jpg,data_collection/candidates_additional/no_safety_t02.34_f0070.jpg,no safety.mp4,2.34,70,768,432,2
no_safety_t02.50_f0075.jpg,data_collection/candidates/no_safety_t02.50_f0075.jpg,no safety.mp4,2.50,75,768,432,1
no_safety_t02.57_f0077.jpg,data_collection/candidates_additional/no_safety_t02.57_f0077.jpg,no safety.mp4,2.57,77,768,432,2
no_safety_t02.80_f0084.jpg,data_collection/candidates_additional/no_safety_t02.80_f0084.jpg,no safety.mp4,2.80,84,768,432,2
no_safety_t03.00_f0090.jpg,data_collection/candidates/no_safety_t03.00_f0090.jpg,no safety.mp4,3.00,90,768,432,1
no_safety_t03.04_f0091.jpg,data_collection/candidates_additional/no_safety_t03.04_f0091.jpg,no safety.mp4,3.04,91,768,432,2
no_safety_t03.27_f0098.jpg,data_collection/candidates_additional/no_safety_t03.27_f0098.jpg,no safety.mp4,3.27,98,768,432,2
no_safety_t03.50_f0105.jpg,data_collection/candidates/no_safety_t03.50_f0105.jpg,no safety.mp4,3.50,105,768,432,1
no_safety_t03.74_f0112.jpg,data_collection/candidates_additional/no_safety_t03.74_f0112.jpg,no safety.mp4,3.74,112,768,432,2
no_safety_t03.97_f0119.jpg,data_collection/candidates_additional/no_safety_t03.97_f0119.jpg,no safety.mp4,3.97,119,768,432,2
no_safety_t04.00_f0120.jpg,data_collection/candidates/no_safety_t04.00_f0120.jpg,no safety.mp4,4.00,120,768,432,1
no_safety_t04.20_f0126.jpg,data_collection/candidates_additional/no_safety_t04.20_f0126.jpg,no safety.mp4,4.20,126,768,432,2
no_safety_t04.44_f0133.jpg,data_collection/candidates_additional/no_safety_t04.44_f0133.jpg,no safety.mp4,4.44,133,768,432,2
no_safety_t04.50_f0135.jpg,data_collection/candidates/no_safety_t04.50_f0135.jpg,no safety.mp4,4.50,135,768,432,1
no_safety_t04.67_f0140.jpg,data_collection/candidates_additional/no_safety_t04.67_f0140.jpg,no safety.mp4,4.67,140,768,432,2
no_safety_t04.90_f0147.jpg,data_collection/candidates_additional/no_safety_t04.90_f0147.jpg,no safety.mp4,4.90,147,768,432,2
no_safety_t05.00_f0150.jpg,data_collection/candidates/no_safety_t05.00_f0150.jpg,no safety.mp4,5.00,150,768,432,1
no_safety_t05.14_f0154.jpg,data_collection/candidates_additional/no_safety_t05.14_f0154.jpg,no safety.mp4,5.14,154,768,432,2
no_safety_t05.37_f0161.jpg,data_collection/candidates_additional/no_safety_t05.37_f0161.jpg,no safety.mp4,5.37,161,768,432,2
no_safety_t05.51_f0165.jpg,data_collection/candidates/no_safety_t05.51_f0165.jpg,no safety.mp4,5.51,165,768,432,1
no_safety_t05.61_f0168.jpg,data_collection/candidates_additional/no_safety_t05.61_f0168.jpg,no safety.mp4,5.61,168,768,432,2
no_safety_t05.84_f0175.jpg,data_collection/candidates_additional/no_safety_t05.84_f0175.jpg,no safety.mp4,5.84,175,768,432,2
no_safety_t06.01_f0180.jpg,data_collection/candidates/no_safety_t06.01_f0180.jpg,no safety.mp4,6.01,180,768,432,1
no_safety_t06.07_f0182.jpg,data_collection/candidates_additional/no_safety_t06.07_f0182.jpg,no safety.mp4,6.07,182,768,432,2
no_safety_t06.31_f0189.jpg,data_collection/candidates_additional/no_safety_t06.31_f0189.jpg,no safety.mp4,6.31,189,768,432,2
no_safety_t06.51_f0195.jpg,data_collection/candidates/no_safety_t06.51_f0195.jpg,no safety.mp4,6.51,195,768,432,1
no_safety_t06.54_f0196.jpg,data_collection/candidates_additional/no_safety_t06.54_f0196.jpg,no safety.mp4,6.54,196,768,432,2
no_safety_t06.77_f0203.jpg,data_collection/candidates_additional/no_safety_t06.77_f0203.jpg,no safety.mp4,6.77,203,768,432,2
no_safety_t07.01_f0210.jpg,data_collection/candidates/no_safety_t07.01_f0210.jpg,no safety.mp4,7.01,210,768,432,1
no_safety_t07.24_f0217.jpg,data_collection/candidates_additional/no_safety_t07.24_f0217.jpg,no safety.mp4,7.24,217,768,432,2
no_safety_t07.47_f0224.jpg,data_collection/candidates_additional/no_safety_t07.47_f0224.jpg,no safety.mp4,7.47,224,768,432,2
no_safety_t07.51_f0225.jpg,data_collection/candidates/no_safety_t07.51_f0225.jpg,no safety.mp4,7.51,225,768,432,1
no_safety_t07.71_f0231.jpg,data_collection/candidates_additional/no_safety_t07.71_f0231.jpg,no safety.mp4,7.71,231,768,432,2
no_safety_t07.94_f0238.jpg,data_collection/candidates_additional/no_safety_t07.94_f0238.jpg,no safety.mp4,7.94,238,768,432,2
no_safety_t08.01_f0240.jpg,data_collection/candidates/no_safety_t08.01_f0240.jpg,no safety.mp4,8.01,240,768,432,1
no_safety_t08.17_f0245.jpg,data_collection/candidates_additional/no_safety_t08.17_f0245.jpg,no safety.mp4,8.17,245,768,432,2
no_safety_t08.41_f0252.jpg,data_collection/candidates_additional/no_safety_t08.41_f0252.jpg,no safety.mp4,8.41,252,768,432,2
no_safety_t08.51_f0255.jpg,data_collection/candidates/no_safety_t08.51_f0255.jpg,no safety.mp4,8.51,255,768,432,1
no_safety_t08.64_f0259.jpg,data_collection/candidates_additional/no_safety_t08.64_f0259.jpg,no safety.mp4,8.64,259,768,432,2
no_safety_t08.88_f0266.jpg,data_collection/candidates_additional/no_safety_t08.88_f0266.jpg,no safety.mp4,8.88,266,768,432,2
no_safety_t09.01_f0270.jpg,data_collection/candidates/no_safety_t09.01_f0270.jpg,no safety.mp4,9.01,270,768,432,1
no_safety_t09.11_f0273.jpg,data_collection/candidates_additional/no_safety_t09.11_f0273.jpg,no safety.mp4,9.11,273,768,432,2
no_safety_t09.34_f0280.jpg,data_collection/candidates_additional/no_safety_t09.34_f0280.jpg,no safety.mp4,9.34,280,768,432,2
no_safety_t09.51_f0285.jpg,data_collection/candidates/no_safety_t09.51_f0285.jpg,no safety.mp4,9.51,285,768,432,1
no_safety_t09.58_f0287.jpg,data_collection/candidates_additional/no_safety_t09.58_f0287.jpg,no safety.mp4,9.58,287,768,432,2
no_safety_t09.81_f0294.jpg,data_collection/candidates_additional/no_safety_t09.81_f0294.jpg,no safety.mp4,9.81,294,768,432,2
no_safety_t10.01_f0300.jpg,data_collection/candidates/no_safety_t10.01_f0300.jpg,no safety.mp4,10.01,300,768,432,1
no_safety_t10.04_f0301.jpg,data_collection/candidates_additional/no_safety_t10.04_f0301.jpg,no safety.mp4,10.04,301,768,432,2
no_safety_t10.28_f0308.jpg,data_collection/candidates_additional/no_safety_t10.28_f0308.jpg,no safety.mp4,10.28,308,768,432,2
no_safety_t10.51_f0315.jpg,data_collection/candidates/no_safety_t10.51_f0315.jpg,no safety.mp4,10.51,315,768,432,1
