image_name,source_video,timestamp_seconds,frame_number,width,height,similarity_group_id,selected_as_representative
10810476_hd_1920_1080_30fps_t00.00_f0000.jpg,10810476-hd_1920_1080_30fps.mp4,0.00,0,1920,1080,1,1
10810476_hd_1920_1080_30fps_t00.23_f0007.jpg,10810476-hd_1920_1080_30fps.mp4,0.23,7,1920,1080,2,1
10810476_hd_1920_1080_30fps_t00.47_f0014.jpg,10810476-hd_1920_1080_30fps.mp4,0.47,14,1920,1080,3,1
10810476_hd_1920_1080_30fps_t00.50_f0015.jpg,10810476-hd_1920_1080_30fps.mp4,0.50,15,1920,1080,4,1
10810476_hd_1920_1080_30fps_t00.70_f0021.jpg,10810476-hd_1920_1080_30fps.mp4,0.70,21,1920,1080,5,1
10810476_hd_1920_1080_30fps_t00.93_f0028.jpg,10810476-hd_1920_1080_30fps.mp4,0.93,28,1920,1080,6,1
10810476_hd_1920_1080_30fps_t01.00_f0030.jpg,10810476-hd_1920_1080_30fps.mp4,1.00,30,1920,1080,7,1
10810476_hd_1920_1080_30fps_t01.17_f0035.jpg,10810476-hd_1920_1080_30fps.mp4,1.17,35,1920,1080,7,0
10810476_hd_1920_1080_30fps_t01.40_f0042.jpg,10810476-hd_1920_1080_30fps.mp4,1.40,42,1920,1080,8,1
10810476_hd_1920_1080_30fps_t01.50_f0045.jpg,10810476-hd_1920_1080_30fps.mp4,1.50,45,1920,1080,9,1
10810476_hd_1920_1080_30fps_t01.63_f0049.jpg,10810476-hd_1920_1080_30fps.mp4,1.63,49,1920,1080,10,1
10810476_hd_1920_1080_30fps_t01.87_f0056.jpg,10810476-hd_1920_1080_30fps.mp4,1.87,56,1920,1080,11,1
10810476_hd_1920_1080_30fps_t02.00_f0060.jpg,10810476-hd_1920_1080_30fps.mp4,2.00,60,1920,1080,12,1
10810476_hd_1920_1080_30fps_t02.10_f0063.jpg,10810476-hd_1920_1080_30fps.mp4,2.10,63,1920,1080,13,1
10810476_hd_1920_1080_30fps_t02.34_f0070.jpg,10810476-hd_1920_1080_30fps.mp4,2.34,70,1920,1080,14,1
10810476_hd_1920_1080_30fps_t02.50_f0075.jpg,10810476-hd_1920_1080_30fps.mp4,2.50,75,1920,1080,15,1
10810476_hd_1920_1080_30fps_t02.57_f0077.jpg,10810476-hd_1920_1080_30fps.mp4,2.57,77,1920,1080,16,1
10810476_hd_1920_1080_30fps_t02.80_f0084.jpg,10810476-hd_1920_1080_30fps.mp4,2.80,84,1920,1080,17,1
10810476_hd_1920_1080_30fps_t03.00_f0090.jpg,10810476-hd_1920_1080_30fps.mp4,3.00,90,1920,1080,18,1
10810476_hd_1920_1080_30fps_t03.04_f0091.jpg,10810476-hd_1920_1080_30fps.mp4,3.04,91,1920,1080,19,1
10810476_hd_1920_1080_30fps_t03.27_f0098.jpg,10810476-hd_1920_1080_30fps.mp4,3.27,98,1920,1080,20,1
10810476_hd_1920_1080_30fps_t03.50_f0105.jpg,10810476-hd_1920_1080_30fps.mp4,3.50,105,1920,1080,21,1
10810476_hd_1920_1080_30fps_t03.74_f0112.jpg,10810476-hd_1920_1080_30fps.mp4,3.74,112,1920,1080,22,1
10810476_hd_1920_1080_30fps_t03.97_f0119.jpg,10810476-hd_1920_1080_30fps.mp4,3.97,119,1920,1080,23,1
10810476_hd_1920_1080_30fps_t04.00_f0120.jpg,10810476-hd_1920_1080_30fps.mp4,4.00,120,1920,1080,24,1
10810476_hd_1920_1080_30fps_t04.20_f0126.jpg,10810476-hd_1920_1080_30fps.mp4,4.20,126,1920,1080,25,1
10810476_hd_1920_1080_30fps_t04.44_f0133.jpg,10810476-hd_1920_1080_30fps.mp4,4.44,133,1920,1080,26,1
10810476_hd_1920_1080_30fps_t04.50_f0135.jpg,10810476-hd_1920_1080_30fps.mp4,4.50,135,1920,1080,27,1
10810476_hd_1920_1080_30fps_t04.67_f0140.jpg,10810476-hd_1920_1080_30fps.mp4,4.67,140,1920,1080,28,1
10810476_hd_1920_1080_30fps_t04.90_f0147.jpg,10810476-hd_1920_1080_30fps.mp4,4.90,147,1920,1080,29,1
10810476_hd_1920_1080_30fps_t05.00_f0150.jpg,10810476-hd_1920_1080_30fps.mp4,5.00,150,1920,1080,29,0
10810476_hd_1920_1080_30fps_t05.14_f0154.jpg,10810476-hd_1920_1080_30fps.mp4,5.14,154,1920,1080,30,1
10810476_hd_1920_1080_30fps_t05.37_f0161.jpg,10810476-hd_1920_1080_30fps.mp4,5.37,161,1920,1080,31,1
10810476_hd_1920_1080_30fps_t05.51_f0165.jpg,10810476-hd_1920_1080_30fps.mp4,5.51,165,1920,1080,31,0
10810476_hd_1920_1080_30fps_t05.61_f0168.jpg,10810476-hd_1920_1080_30fps.mp4,5.61,168,1920,1080,32,1
10810476_hd_1920_1080_30fps_t05.84_f0175.jpg,10810476-hd_1920_1080_30fps.mp4,5.84,175,1920,1080,33,1
10810476_hd_1920_1080_30fps_t06.01_f0180.jpg,10810476-hd_1920_1080_30fps.mp4,6.01,180,1920,1080,34,1
10810476_hd_1920_1080_30fps_t06.07_f0182.jpg,10810476-hd_1920_1080_30fps.mp4,6.07,182,1920,1080,35,1
10810476_hd_1920_1080_30fps_t06.31_f0189.jpg,10810476-hd_1920_1080_30fps.mp4,6.31,189,1920,1080,36,1
10810476_hd_1920_1080_30fps_t06.51_f0195.jpg,10810476-hd_1920_1080_30fps.mp4,6.51,195,1920,1080,37,1
10810476_hd_1920_1080_30fps_t06.54_f0196.jpg,10810476-hd_1920_1080_30fps.mp4,6.54,196,1920,1080,38,1
10810476_hd_1920_1080_30fps_t06.77_f0203.jpg,10810476-hd_1920_1080_30fps.mp4,6.77,203,1920,1080,39,1
10810476_hd_1920_1080_30fps_t07.01_f0210.jpg,10810476-hd_1920_1080_30fps.mp4,7.01,210,1920,1080,40,1
10810476_hd_1920_1080_30fps_t07.24_f0217.jpg,10810476-hd_1920_1080_30fps.mp4,7.24,217,1920,1080,41,1
10810476_hd_1920_1080_30fps_t07.47_f0224.jpg,10810476-hd_1920_1080_30fps.mp4,7.47,224,1920,1080,42,1
10810476_hd_1920_1080_30fps_t07.51_f0225.jpg,10810476-hd_1920_1080_30fps.mp4,7.51,225,1920,1080,43,1
10810476_hd_1920_1080_30fps_t07.71_f0231.jpg,10810476-hd_1920_1080_30fps.mp4,7.71,231,1920,1080,44,1
10810476_hd_1920_1080_30fps_t07.94_f0238.jpg,10810476-hd_1920_1080_30fps.mp4,7.94,238,1920,1080,45,1
10810476_hd_1920_1080_30fps_t08.01_f0240.jpg,10810476-hd_1920_1080_30fps.mp4,8.01,240,1920,1080,46,1
10810476_hd_1920_1080_30fps_t08.17_f0245.jpg,10810476-hd_1920_1080_30fps.mp4,8.17,245,1920,1080,47,1
10810476_hd_1920_1080_30fps_t08.41_f0252.jpg,10810476-hd_1920_1080_30fps.mp4,8.41,252,1920,1080,48,1
10810476_hd_1920_1080_30fps_t08.51_f0255.jpg,10810476-hd_1920_1080_30fps.mp4,8.51,255,1920,1080,49,1
10810476_hd_1920_1080_30fps_t08.64_f0259.jpg,10810476-hd_1920_1080_30fps.mp4,8.64,259,1920,1080,50,1
10810476_hd_1920_1080_30fps_t08.88_f0266.jpg,10810476-hd_1920_1080_30fps.mp4,8.88,266,1920,1080,51,1
10810476_hd_1920_1080_30fps_t09.01_f0270.jpg,10810476-hd_1920_1080_30fps.mp4,9.01,270,1920,1080,52,1
10810476_hd_1920_1080_30fps_t09.11_f0273.jpg,10810476-hd_1920_1080_30fps.mp4,9.11,273,1920,1080,53,1
10810476_hd_1920_1080_30fps_t09.34_f0280.jpg,10810476-hd_1920_1080_30fps.mp4,9.34,280,1920,1080,54,1
10810476_hd_1920_1080_30fps_t09.51_f0285.jpg,10810476-hd_1920_1080_30fps.mp4,9.51,285,1920,1080,55,1
10810476_hd_1920_1080_30fps_t09.58_f0287.jpg,10810476-hd_1920_1080_30fps.mp4,9.58,287,1920,1080,55,0
10810476_hd_1920_1080_30fps_t09.81_f0294.jpg,10810476-hd_1920_1080_30fps.mp4,9.81,294,1920,1080,56,1
10810476_hd_1920_1080_30fps_t10.01_f0300.jpg,10810476-hd_1920_1080_30fps.mp4,10.01,300,1920,1080,57,1
10810476_hd_1920_1080_30fps_t10.04_f0301.jpg,10810476-hd_1920_1080_30fps.mp4,10.04,301,1920,1080,57,0
10810476_hd_1920_1080_30fps_t10.28_f0308.jpg,10810476-hd_1920_1080_30fps.mp4,10.28,308,1920,1080,58,1
10810476_hd_1920_1080_30fps_t10.51_f0315.jpg,10810476-hd_1920_1080_30fps.mp4,10.51,315,1920,1080,59,1
10810476_hd_1920_1080_30fps_t10.74_f0322.jpg,10810476-hd_1920_1080_30fps.mp4,10.74,322,1920,1080,60,1
10810476_hd_1920_1080_30fps_t10.98_f0329.jpg,10810476-hd_1920_1080_30fps.mp4,10.98,329,1920,1080,61,1
10810476_hd_1920_1080_30fps_t11.01_f0330.jpg,10810476-hd_1920_1080_30fps.mp4,11.01,330,1920,1080,62,1
10810476_hd_1920_1080_30fps_t11.21_f0336.jpg,10810476-hd_1920_1080_30fps.mp4,11.21,336,1920,1080,63,1
10810476_hd_1920_1080_30fps_t11.44_f0343.jpg,10810476-hd_1920_1080_30fps.mp4,11.44,343,1920,1080,64,1
10810476_hd_1920_1080_30fps_t11.51_f0345.jpg,10810476-hd_1920_1080_30fps.mp4,11.51,345,1920,1080,65,1
10810476_hd_1920_1080_30fps_t11.68_f0350.jpg,10810476-hd_1920_1080_30fps.mp4,11.68,350,1920,1080,66,1
10810476_hd_1920_1080_30fps_t11.91_f0357.jpg,10810476-hd_1920_1080_30fps.mp4,11.91,357,1920,1080,67,1
10810476_hd_1920_1080_30fps_t12.01_f0360.jpg,10810476-hd_1920_1080_30fps.mp4,12.01,360,1920,1080,68,1
10810476_hd_1920_1080_30fps_t12.15_f0364.jpg,10810476-hd_1920_1080_30fps.mp4,12.15,364,1920,1080,68,0
10810476_hd_1920_1080_30fps_t12.38_f0371.jpg,10810476-hd_1920_1080_30fps.mp4,12.38,371,1920,1080,69,1
10810476_hd_1920_1080_30fps_t12.51_f0375.jpg,10810476-hd_1920_1080_30fps.mp4,12.51,375,1920,1080,69,0
10810476_hd_1920_1080_30fps_t12.61_f0378.jpg,10810476-hd_1920_1080_30fps.mp4,12.61,378,1920,1080,70,1
10810476_hd_1920_1080_30fps_t12.85_f0385.jpg,10810476-hd_1920_1080_30fps.mp4,12.85,385,1920,1080,71,1
10810476_hd_1920_1080_30fps_t13.01_f0390.jpg,10810476-hd_1920_1080_30fps.mp4,13.01,390,1920,1080,72,1
10810476_hd_1920_1080_30fps_t13.08_f0392.jpg,10810476-hd_1920_1080_30fps.mp4,13.08,392,1920,1080,72,0
10810476_hd_1920_1080_30fps_t13.31_f0399.jpg,10810476-hd_1920_1080_30fps.mp4,13.31,399,1920,1080,73,1
10810476_hd_1920_1080_30fps_t13.51_f0405.jpg,10810476-hd_1920_1080_30fps.mp4,13.51,405,1920,1080,74,1
10810476_hd_1920_1080_30fps_t13.55_f0406.jpg,10810476-hd_1920_1080_30fps.mp4,13.55,406,1920,1080,75,1
10810476_hd_1920_1080_30fps_t13.78_f0413.jpg,10810476-hd_1920_1080_30fps.mp4,13.78,413,1920,1080,76,1
10810476_hd_1920_1080_30fps_t14.01_f0420.jpg,10810476-hd_1920_1080_30fps.mp4,14.01,420,1920,1080,77,1
10810476_hd_1920_1080_30fps_t14.25_f0427.jpg,10810476-hd_1920_1080_30fps.mp4,14.25,427,1920,1080,78,1
10810476_hd_1920_1080_30fps_t14.48_f0434.jpg,10810476-hd_1920_1080_30fps.mp4,14.48,434,1920,1080,79,1
10810476_hd_1920_1080_30fps_t14.51_f0435.jpg,10810476-hd_1920_1080_30fps.mp4,14.51,435,1920,1080,79,0
10810476_hd_1920_1080_30fps_t14.71_f0441.jpg,10810476-hd_1920_1080_30fps.mp4,14.71,441,1920,1080,80,1
10810476_hd_1920_1080_30fps_t14.95_f0448.jpg,10810476-hd_1920_1080_30fps.mp4,14.95,448,1920,1080,81,1
10810476_hd_1920_1080_30fps_t15.02_f0450.jpg,10810476-hd_1920_1080_30fps.mp4,15.02,450,1920,1080,82,1
10810476_hd_1920_1080_30fps_t15.18_f0455.jpg,10810476-hd_1920_1080_30fps.mp4,15.18,455,1920,1080,83,1
10810476_hd_1920_1080_30fps_t15.42_f0462.jpg,10810476-hd_1920_1080_30fps.mp4,15.42,462,1920,1080,84,1
10810476_hd_1920_1080_30fps_t15.52_f0465.jpg,10810476-hd_1920_1080_30fps.mp4,15.52,465,1920,1080,85,1
10810476_hd_1920_1080_30fps_t15.65_f0469.jpg,10810476-hd_1920_1080_30fps.mp4,15.65,469,1920,1080,85,0
10810476_hd_1920_1080_30fps_t15.88_f0476.jpg,10810476-hd_1920_1080_30fps.mp4,15.88,476,1920,1080,86,1
10810476_hd_1920_1080_30fps_t16.02_f0480.jpg,10810476-hd_1920_1080_30fps.mp4,16.02,480,1920,1080,86,0
10810476_hd_1920_1080_30fps_t16.12_f0483.jpg,10810476-hd_1920_1080_30fps.mp4,16.12,483,1920,1080,86,0
10810476_hd_1920_1080_30fps_t16.35_f0490.jpg,10810476-hd_1920_1080_30fps.mp4,16.35,490,1920,1080,87,1
10810476_hd_1920_1080_30fps_t16.52_f0495.jpg,10810476-hd_1920_1080_30fps.mp4,16.52,495,1920,1080,87,0
10810476_hd_1920_1080_30fps_t16.58_f0497.jpg,10810476-hd_1920_1080_30fps.mp4,16.58,497,1920,1080,87,0
10810476_hd_1920_1080_30fps_t16.82_f0504.jpg,10810476-hd_1920_1080_30fps.mp4,16.82,504,1920,1080,88,1
10810476_hd_1920_1080_30fps_t17.02_f0510.jpg,10810476-hd_1920_1080_30fps.mp4,17.02,510,1920,1080,89,1
10810476_hd_1920_1080_30fps_t17.05_f0511.jpg,10810476-hd_1920_1080_30fps.mp4,17.05,511,1920,1080,89,0
10810476_hd_1920_1080_30fps_t17.28_f0518.jpg,10810476-hd_1920_1080_30fps.mp4,17.28,518,1920,1080,90,1
10810476_hd_1920_1080_30fps_t17.52_f0525.jpg,10810476-hd_1920_1080_30fps.mp4,17.52,525,1920,1080,91,1
10810476_hd_1920_1080_30fps_t17.75_f0532.jpg,10810476-hd_1920_1080_30fps.mp4,17.75,532,1920,1080,92,1
10810476_hd_1920_1080_30fps_t17.98_f0539.jpg,10810476-hd_1920_1080_30fps.mp4,17.98,539,1920,1080,93,1
10810476_hd_1920_1080_30fps_t18.02_f0540.jpg,10810476-hd_1920_1080_30fps.mp4,18.02,540,1920,1080,94,1
10810476_hd_1920_1080_30fps_t18.22_f0546.jpg,10810476-hd_1920_1080_30fps.mp4,18.22,546,1920,1080,95,1
10810476_hd_1920_1080_30fps_t18.45_f0553.jpg,10810476-hd_1920_1080_30fps.mp4,18.45,553,1920,1080,96,1
10810476_hd_1920_1080_30fps_t18.52_f0555.jpg,10810476-hd_1920_1080_30fps.mp4,18.52,555,1920,1080,96,0
10810476_hd_1920_1080_30fps_t18.69_f0560.jpg,10810476-hd_1920_1080_30fps.mp4,18.69,560,1920,1080,97,1
10810476_hd_1920_1080_30fps_t18.92_f0567.jpg,10810476-hd_1920_1080_30fps.mp4,18.92,567,1920,1080,98,1
10810476_hd_1920_1080_30fps_t19.02_f0570.jpg,10810476-hd_1920_1080_30fps.mp4,19.02,570,1920,1080,99,1
10810476_hd_1920_1080_30fps_t19.15_f0574.jpg,10810476-hd_1920_1080_30fps.mp4,19.15,574,1920,1080,100,1
10810476_hd_1920_1080_30fps_t19.39_f0581.jpg,10810476-hd_1920_1080_30fps.mp4,19.39,581,1920,1080,101,1
10810476_hd_1920_1080_30fps_t19.52_f0585.jpg,10810476-hd_1920_1080_30fps.mp4,19.52,585,1920,1080,102,1
10810476_hd_1920_1080_30fps_t19.62_f0588.jpg,10810476-hd_1920_1080_30fps.mp4,19.62,588,1920,1080,103,1
10810476_hd_1920_1080_30fps_t19.85_f0595.jpg,10810476-hd_1920_1080_30fps.mp4,19.85,595,1920,1080,104,1
10810476_hd_1920_1080_30fps_t20.02_f0600.jpg,10810476-hd_1920_1080_30fps.mp4,20.02,600,1920,1080,105,1
10810476_hd_1920_1080_30fps_t20.09_f0602.jpg,10810476-hd_1920_1080_30fps.mp4,20.09,602,1920,1080,106,1
10810476_hd_1920_1080_30fps_t20.32_f0609.jpg,10810476-hd_1920_1080_30fps.mp4,20.32,609,1920,1080,107,1
10810476_hd_1920_1080_30fps_t20.52_f0615.jpg,10810476-hd_1920_1080_30fps.mp4,20.52,615,1920,1080,108,1
10810476_hd_1920_1080_30fps_t20.55_f0616.jpg,10810476-hd_1920_1080_30fps.mp4,20.55,616,1920,1080,108,0
10810476_hd_1920_1080_30fps_t20.79_f0623.jpg,10810476-hd_1920_1080_30fps.mp4,20.79,623,1920,1080,109,1
10810476_hd_1920_1080_30fps_t21.02_f0630.jpg,10810476-hd_1920_1080_30fps.mp4,21.02,630,1920,1080,110,1
10810476_hd_1920_1080_30fps_t21.25_f0637.jpg,10810476-hd_1920_1080_30fps.mp4,21.25,637,1920,1080,111,1
10810476_hd_1920_1080_30fps_t21.49_f0644.jpg,10810476-hd_1920_1080_30fps.mp4,21.49,644,1920,1080,112,1
10810476_hd_1920_1080_30fps_t21.52_f0645.jpg,10810476-hd_1920_1080_30fps.mp4,21.52,645,1920,1080,113,1
10810476_hd_1920_1080_30fps_t21.72_f0651.jpg,10810476-hd_1920_1080_30fps.mp4,21.72,651,1920,1080,114,1
10810476_hd_1920_1080_30fps_t21.96_f0658.jpg,10810476-hd_1920_1080_30fps.mp4,21.96,658,1920,1080,115,1
10810476_hd_1920_1080_30fps_t22.02_f0660.jpg,10810476-hd_1920_1080_30fps.mp4,22.02,660,1920,1080,115,0
10810476_hd_1920_1080_30fps_t22.19_f0665.jpg,10810476-hd_1920_1080_30fps.mp4,22.19,665,1920,1080,116,1
12984031_1920_1080_25fps_t00.00_f0000.jpg,12984031_1920_1080_25fps.mp4,0.00,0,1920,1080,117,1
12984031_1920_1080_25fps_t00.24_f0006.jpg,12984031_1920_1080_25fps.mp4,0.24,6,1920,1080,117,0
12984031_1920_1080_25fps_t00.48_f0012.jpg,12984031_1920_1080_25fps.mp4,0.48,12,1920,1080,117,0
12984031_1920_1080_25fps_t00.72_f0018.jpg,12984031_1920_1080_25fps.mp4,0.72,18,1920,1080,117,0
12984031_1920_1080_25fps_t00.96_f0024.jpg,12984031_1920_1080_25fps.mp4,0.96,24,1920,1080,118,1
12984031_1920_1080_25fps_t01.20_f0030.jpg,12984031_1920_1080_25fps.mp4,1.20,30,1920,1080,118,0
12984031_1920_1080_25fps_t01.44_f0036.jpg,12984031_1920_1080_25fps.mp4,1.44,36,1920,1080,119,1
12984031_1920_1080_25fps_t01.68_f0042.jpg,12984031_1920_1080_25fps.mp4,1.68,42,1920,1080,120,1
12984031_1920_1080_25fps_t01.92_f0048.jpg,12984031_1920_1080_25fps.mp4,1.92,48,1920,1080,121,1
12984031_1920_1080_25fps_t02.16_f0054.jpg,12984031_1920_1080_25fps.mp4,2.16,54,1920,1080,122,1
12984031_1920_1080_25fps_t02.40_f0060.jpg,12984031_1920_1080_25fps.mp4,2.40,60,1920,1080,122,0
12984031_1920_1080_25fps_t02.64_f0066.jpg,12984031_1920_1080_25fps.mp4,2.64,66,1920,1080,122,0
12984031_1920_1080_25fps_t02.88_f0072.jpg,12984031_1920_1080_25fps.mp4,2.88,72,1920,1080,123,1
12984031_1920_1080_25fps_t03.12_f0078.jpg,12984031_1920_1080_25fps.mp4,3.12,78,1920,1080,124,1
12984031_1920_1080_25fps_t03.36_f0084.jpg,12984031_1920_1080_25fps.mp4,3.36,84,1920,1080,124,0
12984031_1920_1080_25fps_t03.60_f0090.jpg,12984031_1920_1080_25fps.mp4,3.60,90,1920,1080,125,1
12984031_1920_1080_25fps_t03.84_f0096.jpg,12984031_1920_1080_25fps.mp4,3.84,96,1920,1080,125,0
12984031_1920_1080_25fps_t04.08_f0102.jpg,12984031_1920_1080_25fps.mp4,4.08,102,1920,1080,125,0
12984031_1920_1080_25fps_t04.32_f0108.jpg,12984031_1920_1080_25fps.mp4,4.32,108,1920,1080,126,1
12984031_1920_1080_25fps_t04.56_f0114.jpg,12984031_1920_1080_25fps.mp4,4.56,114,1920,1080,127,1
12984031_1920_1080_25fps_t04.80_f0120.jpg,12984031_1920_1080_25fps.mp4,4.80,120,1920,1080,128,1
12984031_1920_1080_25fps_t05.04_f0126.jpg,12984031_1920_1080_25fps.mp4,5.04,126,1920,1080,129,1
12984031_1920_1080_25fps_t05.28_f0132.jpg,12984031_1920_1080_25fps.mp4,5.28,132,1920,1080,130,1
12984031_1920_1080_25fps_t05.52_f0138.jpg,12984031_1920_1080_25fps.mp4,5.52,138,1920,1080,130,0
12984031_1920_1080_25fps_t05.76_f0144.jpg,12984031_1920_1080_25fps.mp4,5.76,144,1920,1080,131,1
12984031_1920_1080_25fps_t06.00_f0150.jpg,12984031_1920_1080_25fps.mp4,6.00,150,1920,1080,132,1
12984031_1920_1080_25fps_t06.24_f0156.jpg,12984031_1920_1080_25fps.mp4,6.24,156,1920,1080,133,1
12984031_1920_1080_25fps_t06.48_f0162.jpg,12984031_1920_1080_25fps.mp4,6.48,162,1920,1080,134,1
12984031_1920_1080_25fps_t06.72_f0168.jpg,12984031_1920_1080_25fps.mp4,6.72,168,1920,1080,135,1
12984031_1920_1080_25fps_t06.96_f0174.jpg,12984031_1920_1080_25fps.mp4,6.96,174,1920,1080,136,1
12984031_1920_1080_25fps_t07.20_f0180.jpg,12984031_1920_1080_25fps.mp4,7.20,180,1920,1080,137,1
12984031_1920_1080_25fps_t07.44_f0186.jpg,12984031_1920_1080_25fps.mp4,7.44,186,1920,1080,138,1
12984031_1920_1080_25fps_t07.68_f0192.jpg,12984031_1920_1080_25fps.mp4,7.68,192,1920,1080,139,1
12984031_1920_1080_25fps_t07.92_f0198.jpg,12984031_1920_1080_25fps.mp4,7.92,198,1920,1080,140,1
12984031_1920_1080_25fps_t08.16_f0204.jpg,12984031_1920_1080_25fps.mp4,8.16,204,1920,1080,141,1
12984031_1920_1080_25fps_t08.40_f0210.jpg,12984031_1920_1080_25fps.mp4,8.40,210,1920,1080,142,1
12984031_1920_1080_25fps_t08.64_f0216.jpg,12984031_1920_1080_25fps.mp4,8.64,216,1920,1080,143,1
12984031_1920_1080_25fps_t08.88_f0222.jpg,12984031_1920_1080_25fps.mp4,8.88,222,1920,1080,144,1
12984031_1920_1080_25fps_t09.12_f0228.jpg,12984031_1920_1080_25fps.mp4,9.12,228,1920,1080,145,1
12984031_1920_1080_25fps_t09.36_f0234.jpg,12984031_1920_1080_25fps.mp4,9.36,234,1920,1080,146,1
12984031_1920_1080_25fps_t09.60_f0240.jpg,12984031_1920_1080_25fps.mp4,9.60,240,1920,1080,146,0
12984031_1920_1080_25fps_t09.84_f0246.jpg,12984031_1920_1080_25fps.mp4,9.84,246,1920,1080,147,1
12984031_1920_1080_25fps_t10.08_f0252.jpg,12984031_1920_1080_25fps.mp4,10.08,252,1920,1080,148,1
12984031_1920_1080_25fps_t10.32_f0258.jpg,12984031_1920_1080_25fps.mp4,10.32,258,1920,1080,148,0
12984031_1920_1080_25fps_t10.56_f0264.jpg,12984031_1920_1080_25fps.mp4,10.56,264,1920,1080,149,1
12984031_1920_1080_25fps_t10.80_f0270.jpg,12984031_1920_1080_25fps.mp4,10.80,270,1920,1080,149,0
12984031_1920_1080_25fps_t11.04_f0276.jpg,12984031_1920_1080_25fps.mp4,11.04,276,1920,1080,150,1
12984031_1920_1080_25fps_t11.28_f0282.jpg,12984031_1920_1080_25fps.mp4,11.28,282,1920,1080,151,1
12984031_1920_1080_25fps_t11.52_f0288.jpg,12984031_1920_1080_25fps.mp4,11.52,288,1920,1080,151,0
12984031_1920_1080_25fps_t11.76_f0294.jpg,12984031_1920_1080_25fps.mp4,11.76,294,1920,1080,152,1
12984031_1920_1080_25fps_t12.00_f0300.jpg,12984031_1920_1080_25fps.mp4,12.00,300,1920,1080,152,0
12984031_1920_1080_25fps_t12.24_f0306.jpg,12984031_1920_1080_25fps.mp4,12.24,306,1920,1080,153,1
12984031_1920_1080_25fps_t12.48_f0312.jpg,12984031_1920_1080_25fps.mp4,12.48,312,1920,1080,153,0
12984031_1920_1080_25fps_t12.72_f0318.jpg,12984031_1920_1080_25fps.mp4,12.72,318,1920,1080,154,1
12984031_1920_1080_25fps_t12.96_f0324.jpg,12984031_1920_1080_25fps.mp4,12.96,324,1920,1080,155,1
12984031_1920_1080_25fps_t13.20_f0330.jpg,12984031_1920_1080_25fps.mp4,13.20,330,1920,1080,156,1
12984031_1920_1080_25fps_t13.44_f0336.jpg,12984031_1920_1080_25fps.mp4,13.44,336,1920,1080,157,1
12984031_1920_1080_25fps_t13.68_f0342.jpg,12984031_1920_1080_25fps.mp4,13.68,342,1920,1080,158,1
12984031_1920_1080_25fps_t13.92_f0348.jpg,12984031_1920_1080_25fps.mp4,13.92,348,1920,1080,159,1
12984031_1920_1080_25fps_t14.16_f0354.jpg,12984031_1920_1080_25fps.mp4,14.16,354,1920,1080,160,1
12984031_1920_1080_25fps_t14.40_f0360.jpg,12984031_1920_1080_25fps.mp4,14.40,360,1920,1080,161,1
12984031_1920_1080_25fps_t14.64_f0366.jpg,12984031_1920_1080_25fps.mp4,14.64,366,1920,1080,162,1
12984031_1920_1080_25fps_t14.88_f0372.jpg,12984031_1920_1080_25fps.mp4,14.88,372,1920,1080,163,1
12984031_1920_1080_25fps_t15.12_f0378.jpg,12984031_1920_1080_25fps.mp4,15.12,378,1920,1080,164,1
12984031_1920_1080_25fps_t15.36_f0384.jpg,12984031_1920_1080_25fps.mp4,15.36,384,1920,1080,165,1
12984031_1920_1080_25fps_t15.60_f0390.jpg,12984031_1920_1080_25fps.mp4,15.60,390,1920,1080,165,0
12984031_1920_1080_25fps_t15.84_f0396.jpg,12984031_1920_1080_25fps.mp4,15.84,396,1920,1080,166,1
12984031_1920_1080_25fps_t16.08_f0402.jpg,12984031_1920_1080_25fps.mp4,16.08,402,1920,1080,167,1
12984031_1920_1080_25fps_t16.32_f0408.jpg,12984031_1920_1080_25fps.mp4,16.32,408,1920,1080,168,1
12984031_1920_1080_25fps_t16.56_f0414.jpg,12984031_1920_1080_25fps.mp4,16.56,414,1920,1080,169,1
12984031_1920_1080_25fps_t16.80_f0420.jpg,12984031_1920_1080_25fps.mp4,16.80,420,1920,1080,170,1
12984031_1920_1080_25fps_t17.04_f0426.jpg,12984031_1920_1080_25fps.mp4,17.04,426,1920,1080,171,1
12984031_1920_1080_25fps_t17.28_f0432.jpg,12984031_1920_1080_25fps.mp4,17.28,432,1920,1080,172,1
12984031_1920_1080_25fps_t17.52_f0438.jpg,12984031_1920_1080_25fps.mp4,17.52,438,1920,1080,173,1
12984031_1920_1080_25fps_t17.76_f0444.jpg,12984031_1920_1080_25fps.mp4,17.76,444,1920,1080,174,1
12984031_1920_1080_25fps_t18.00_f0450.jpg,12984031_1920_1080_25fps.mp4,18.00,450,1920,1080,175,1
12984031_1920_1080_25fps_t18.24_f0456.jpg,12984031_1920_1080_25fps.mp4,18.24,456,1920,1080,176,1
12984031_1920_1080_25fps_t18.48_f0462.jpg,12984031_1920_1080_25fps.mp4,18.48,462,1920,1080,177,1
12984031_1920_1080_25fps_t18.72_f0468.jpg,12984031_1920_1080_25fps.mp4,18.72,468,1920,1080,178,1
12984031_1920_1080_25fps_t18.96_f0474.jpg,12984031_1920_1080_25fps.mp4,18.96,474,1920,1080,179,1
12984031_1920_1080_25fps_t19.20_f0480.jpg,12984031_1920_1080_25fps.mp4,19.20,480,1920,1080,180,1
12984031_1920_1080_25fps_t19.44_f0486.jpg,12984031_1920_1080_25fps.mp4,19.44,486,1920,1080,181,1
12984031_1920_1080_25fps_t19.68_f0492.jpg,12984031_1920_1080_25fps.mp4,19.68,492,1920,1080,182,1
12984031_1920_1080_25fps_t19.92_f0498.jpg,12984031_1920_1080_25fps.mp4,19.92,498,1920,1080,183,1
12984031_1920_1080_25fps_t20.16_f0504.jpg,12984031_1920_1080_25fps.mp4,20.16,504,1920,1080,183,0
12984031_1920_1080_25fps_t20.40_f0510.jpg,12984031_1920_1080_25fps.mp4,20.40,510,1920,1080,184,1
12984031_1920_1080_25fps_t20.64_f0516.jpg,12984031_1920_1080_25fps.mp4,20.64,516,1920,1080,185,1
12984031_1920_1080_25fps_t20.88_f0522.jpg,12984031_1920_1080_25fps.mp4,20.88,522,1920,1080,186,1
12984031_1920_1080_25fps_t21.12_f0528.jpg,12984031_1920_1080_25fps.mp4,21.12,528,1920,1080,186,0
12984031_1920_1080_25fps_t21.36_f0534.jpg,12984031_1920_1080_25fps.mp4,21.36,534,1920,1080,187,1
12984031_1920_1080_25fps_t21.60_f0540.jpg,12984031_1920_1080_25fps.mp4,21.60,540,1920,1080,188,1
12984031_1920_1080_25fps_t21.84_f0546.jpg,12984031_1920_1080_25fps.mp4,21.84,546,1920,1080,189,1
12984031_1920_1080_25fps_t22.08_f0552.jpg,12984031_1920_1080_25fps.mp4,22.08,552,1920,1080,190,1
12984031_1920_1080_25fps_t22.32_f0558.jpg,12984031_1920_1080_25fps.mp4,22.32,558,1920,1080,191,1
12984031_1920_1080_25fps_t22.56_f0564.jpg,12984031_1920_1080_25fps.mp4,22.56,564,1920,1080,191,0
12984031_1920_1080_25fps_t22.80_f0570.jpg,12984031_1920_1080_25fps.mp4,22.80,570,1920,1080,192,1
12984031_1920_1080_25fps_t23.04_f0576.jpg,12984031_1920_1080_25fps.mp4,23.04,576,1920,1080,193,1
12984031_1920_1080_25fps_t23.28_f0582.jpg,12984031_1920_1080_25fps.mp4,23.28,582,1920,1080,194,1
12984031_1920_1080_25fps_t23.52_f0588.jpg,12984031_1920_1080_25fps.mp4,23.52,588,1920,1080,195,1
12984031_1920_1080_25fps_t23.76_f0594.jpg,12984031_1920_1080_25fps.mp4,23.76,594,1920,1080,196,1
12984031_1920_1080_25fps_t24.00_f0600.jpg,12984031_1920_1080_25fps.mp4,24.00,600,1920,1080,197,1
12984031_1920_1080_25fps_t24.24_f0606.jpg,12984031_1920_1080_25fps.mp4,24.24,606,1920,1080,197,0
12984031_1920_1080_25fps_t24.48_f0612.jpg,12984031_1920_1080_25fps.mp4,24.48,612,1920,1080,198,1
12984031_1920_1080_25fps_t24.72_f0618.jpg,12984031_1920_1080_25fps.mp4,24.72,618,1920,1080,199,1
12984031_1920_1080_25fps_t24.96_f0624.jpg,12984031_1920_1080_25fps.mp4,24.96,624,1920,1080,200,1
12984031_1920_1080_25fps_t25.20_f0630.jpg,12984031_1920_1080_25fps.mp4,25.20,630,1920,1080,201,1
12984031_1920_1080_25fps_t25.44_f0636.jpg,12984031_1920_1080_25fps.mp4,25.44,636,1920,1080,202,1
12984031_1920_1080_25fps_t25.68_f0642.jpg,12984031_1920_1080_25fps.mp4,25.68,642,1920,1080,203,1
12984031_1920_1080_25fps_t25.92_f0648.jpg,12984031_1920_1080_25fps.mp4,25.92,648,1920,1080,204,1
12984031_1920_1080_25fps_t26.16_f0654.jpg,12984031_1920_1080_25fps.mp4,26.16,654,1920,1080,205,1
12984031_1920_1080_25fps_t26.40_f0660.jpg,12984031_1920_1080_25fps.mp4,26.40,660,1920,1080,206,1
12984031_1920_1080_25fps_t26.64_f0666.jpg,12984031_1920_1080_25fps.mp4,26.64,666,1920,1080,207,1
12984031_1920_1080_25fps_t26.88_f0672.jpg,12984031_1920_1080_25fps.mp4,26.88,672,1920,1080,208,1
12984031_1920_1080_25fps_t27.12_f0678.jpg,12984031_1920_1080_25fps.mp4,27.12,678,1920,1080,209,1
12984031_1920_1080_25fps_t27.36_f0684.jpg,12984031_1920_1080_25fps.mp4,27.36,684,1920,1080,210,1
12984031_1920_1080_25fps_t27.60_f0690.jpg,12984031_1920_1080_25fps.mp4,27.60,690,1920,1080,211,1
12984031_1920_1080_25fps_t27.84_f0696.jpg,12984031_1920_1080_25fps.mp4,27.84,696,1920,1080,212,1
12984031_1920_1080_25fps_t28.08_f0702.jpg,12984031_1920_1080_25fps.mp4,28.08,702,1920,1080,213,1
12984031_1920_1080_25fps_t28.32_f0708.jpg,12984031_1920_1080_25fps.mp4,28.32,708,1920,1080,214,1
12984031_1920_1080_25fps_t28.56_f0714.jpg,12984031_1920_1080_25fps.mp4,28.56,714,1920,1080,215,1
12984031_1920_1080_25fps_t28.80_f0720.jpg,12984031_1920_1080_25fps.mp4,28.80,720,1920,1080,216,1
12984031_1920_1080_25fps_t29.04_f0726.jpg,12984031_1920_1080_25fps.mp4,29.04,726,1920,1080,216,0
12984031_1920_1080_25fps_t29.28_f0732.jpg,12984031_1920_1080_25fps.mp4,29.28,732,1920,1080,217,1
12984031_1920_1080_25fps_t29.52_f0738.jpg,12984031_1920_1080_25fps.mp4,29.52,738,1920,1080,218,1
12984031_1920_1080_25fps_t29.76_f0744.jpg,12984031_1920_1080_25fps.mp4,29.76,744,1920,1080,219,1
12984031_1920_1080_25fps_t30.00_f0750.jpg,12984031_1920_1080_25fps.mp4,30.00,750,1920,1080,219,0
12984031_1920_1080_25fps_t30.24_f0756.jpg,12984031_1920_1080_25fps.mp4,30.24,756,1920,1080,220,1
12984031_1920_1080_25fps_t30.48_f0762.jpg,12984031_1920_1080_25fps.mp4,30.48,762,1920,1080,220,0
12984031_1920_1080_25fps_t30.72_f0768.jpg,12984031_1920_1080_25fps.mp4,30.72,768,1920,1080,221,1
12984031_1920_1080_25fps_t30.96_f0774.jpg,12984031_1920_1080_25fps.mp4,30.96,774,1920,1080,222,1
12984031_1920_1080_25fps_t31.20_f0780.jpg,12984031_1920_1080_25fps.mp4,31.20,780,1920,1080,223,1
12984031_1920_1080_25fps_t31.44_f0786.jpg,12984031_1920_1080_25fps.mp4,31.44,786,1920,1080,224,1
12984031_1920_1080_25fps_t31.68_f0792.jpg,12984031_1920_1080_25fps.mp4,31.68,792,1920,1080,225,1
12984031_1920_1080_25fps_t31.92_f0798.jpg,12984031_1920_1080_25fps.mp4,31.92,798,1920,1080,226,1
12984031_1920_1080_25fps_t32.16_f0804.jpg,12984031_1920_1080_25fps.mp4,32.16,804,1920,1080,227,1
12984031_1920_1080_25fps_t32.40_f0810.jpg,12984031_1920_1080_25fps.mp4,32.40,810,1920,1080,227,0
12984031_1920_1080_25fps_t32.64_f0816.jpg,12984031_1920_1080_25fps.mp4,32.64,816,1920,1080,228,1
12984031_1920_1080_25fps_t32.88_f0822.jpg,12984031_1920_1080_25fps.mp4,32.88,822,1920,1080,229,1
12984031_1920_1080_25fps_t33.12_f0828.jpg,12984031_1920_1080_25fps.mp4,33.12,828,1920,1080,230,1
12984266_1920_1080_25fps_t00.00_f0000.jpg,12984266_1920_1080_25fps.mp4,0.00,0,1920,1080,231,1
12984266_1920_1080_25fps_t00.24_f0006.jpg,12984266_1920_1080_25fps.mp4,0.24,6,1920,1080,232,1
12984266_1920_1080_25fps_t00.48_f0012.jpg,12984266_1920_1080_25fps.mp4,0.48,12,1920,1080,232,0
12984266_1920_1080_25fps_t00.72_f0018.jpg,12984266_1920_1080_25fps.mp4,0.72,18,1920,1080,233,1
12984266_1920_1080_25fps_t00.96_f0024.jpg,12984266_1920_1080_25fps.mp4,0.96,24,1920,1080,234,1
12984266_1920_1080_25fps_t01.20_f0030.jpg,12984266_1920_1080_25fps.mp4,1.20,30,1920,1080,234,0
12984266_1920_1080_25fps_t01.44_f0036.jpg,12984266_1920_1080_25fps.mp4,1.44,36,1920,1080,235,1
12984266_1920_1080_25fps_t01.68_f0042.jpg,12984266_1920_1080_25fps.mp4,1.68,42,1920,1080,236,1
12984266_1920_1080_25fps_t01.92_f0048.jpg,12984266_1920_1080_25fps.mp4,1.92,48,1920,1080,236,0
12984266_1920_1080_25fps_t02.16_f0054.jpg,12984266_1920_1080_25fps.mp4,2.16,54,1920,1080,237,1
12984266_1920_1080_25fps_t02.40_f0060.jpg,12984266_1920_1080_25fps.mp4,2.40,60,1920,1080,238,1
12984266_1920_1080_25fps_t02.64_f0066.jpg,12984266_1920_1080_25fps.mp4,2.64,66,1920,1080,239,1
12984266_1920_1080_25fps_t02.88_f0072.jpg,12984266_1920_1080_25fps.mp4,2.88,72,1920,1080,239,0
12984266_1920_1080_25fps_t03.12_f0078.jpg,12984266_1920_1080_25fps.mp4,3.12,78,1920,1080,240,1
12984266_1920_1080_25fps_t03.36_f0084.jpg,12984266_1920_1080_25fps.mp4,3.36,84,1920,1080,240,0
12984266_1920_1080_25fps_t03.60_f0090.jpg,12984266_1920_1080_25fps.mp4,3.60,90,1920,1080,240,0
12984266_1920_1080_25fps_t03.84_f0096.jpg,12984266_1920_1080_25fps.mp4,3.84,96,1920,1080,241,1
12984266_1920_1080_25fps_t04.08_f0102.jpg,12984266_1920_1080_25fps.mp4,4.08,102,1920,1080,241,0
12984266_1920_1080_25fps_t04.32_f0108.jpg,12984266_1920_1080_25fps.mp4,4.32,108,1920,1080,242,1
12984266_1920_1080_25fps_t04.56_f0114.jpg,12984266_1920_1080_25fps.mp4,4.56,114,1920,1080,243,1
12984266_1920_1080_25fps_t04.80_f0120.jpg,12984266_1920_1080_25fps.mp4,4.80,120,1920,1080,243,0
12984266_1920_1080_25fps_t05.04_f0126.jpg,12984266_1920_1080_25fps.mp4,5.04,126,1920,1080,243,0
12984266_1920_1080_25fps_t05.28_f0132.jpg,12984266_1920_1080_25fps.mp4,5.28,132,1920,1080,243,0
12984266_1920_1080_25fps_t05.52_f0138.jpg,12984266_1920_1080_25fps.mp4,5.52,138,1920,1080,243,0
12984266_1920_1080_25fps_t05.76_f0144.jpg,12984266_1920_1080_25fps.mp4,5.76,144,1920,1080,243,0
12984266_1920_1080_25fps_t06.00_f0150.jpg,12984266_1920_1080_25fps.mp4,6.00,150,1920,1080,244,1
12984266_1920_1080_25fps_t06.24_f0156.jpg,12984266_1920_1080_25fps.mp4,6.24,156,1920,1080,244,0
12984266_1920_1080_25fps_t06.48_f0162.jpg,12984266_1920_1080_25fps.mp4,6.48,162,1920,1080,244,0
12984266_1920_1080_25fps_t06.72_f0168.jpg,12984266_1920_1080_25fps.mp4,6.72,168,1920,1080,244,0
12984266_1920_1080_25fps_t06.96_f0174.jpg,12984266_1920_1080_25fps.mp4,6.96,174,1920,1080,245,1
12984266_1920_1080_25fps_t07.20_f0180.jpg,12984266_1920_1080_25fps.mp4,7.20,180,1920,1080,245,0
12984266_1920_1080_25fps_t07.44_f0186.jpg,12984266_1920_1080_25fps.mp4,7.44,186,1920,1080,245,0
12984266_1920_1080_25fps_t07.68_f0192.jpg,12984266_1920_1080_25fps.mp4,7.68,192,1920,1080,245,0
12984266_1920_1080_25fps_t07.92_f0198.jpg,12984266_1920_1080_25fps.mp4,7.92,198,1920,1080,245,0
12984266_1920_1080_25fps_t08.16_f0204.jpg,12984266_1920_1080_25fps.mp4,8.16,204,1920,1080,246,1
12984266_1920_1080_25fps_t08.40_f0210.jpg,12984266_1920_1080_25fps.mp4,8.40,210,1920,1080,246,0
12984266_1920_1080_25fps_t08.64_f0216.jpg,12984266_1920_1080_25fps.mp4,8.64,216,1920,1080,247,1
12984266_1920_1080_25fps_t08.88_f0222.jpg,12984266_1920_1080_25fps.mp4,8.88,222,1920,1080,247,0
12984266_1920_1080_25fps_t09.12_f0228.jpg,12984266_1920_1080_25fps.mp4,9.12,228,1920,1080,247,0
12984266_1920_1080_25fps_t09.36_f0234.jpg,12984266_1920_1080_25fps.mp4,9.36,234,1920,1080,247,0
12984266_1920_1080_25fps_t09.60_f0240.jpg,12984266_1920_1080_25fps.mp4,9.60,240,1920,1080,247,0
12984266_1920_1080_25fps_t09.84_f0246.jpg,12984266_1920_1080_25fps.mp4,9.84,246,1920,1080,247,0
12984266_1920_1080_25fps_t10.08_f0252.jpg,12984266_1920_1080_25fps.mp4,10.08,252,1920,1080,247,0
12984266_1920_1080_25fps_t10.32_f0258.jpg,12984266_1920_1080_25fps.mp4,10.32,258,1920,1080,247,0
12984266_1920_1080_25fps_t10.56_f0264.jpg,12984266_1920_1080_25fps.mp4,10.56,264,1920,1080,247,0
12984266_1920_1080_25fps_t10.80_f0270.jpg,12984266_1920_1080_25fps.mp4,10.80,270,1920,1080,247,0
12984266_1920_1080_25fps_t11.04_f0276.jpg,12984266_1920_1080_25fps.mp4,11.04,276,1920,1080,247,0
12984266_1920_1080_25fps_t11.28_f0282.jpg,12984266_1920_1080_25fps.mp4,11.28,282,1920,1080,248,1
12984266_1920_1080_25fps_t11.52_f0288.jpg,12984266_1920_1080_25fps.mp4,11.52,288,1920,1080,248,0
12984266_1920_1080_25fps_t11.76_f0294.jpg,12984266_1920_1080_25fps.mp4,11.76,294,1920,1080,248,0
12984266_1920_1080_25fps_t12.00_f0300.jpg,12984266_1920_1080_25fps.mp4,12.00,300,1920,1080,248,0
12984266_1920_1080_25fps_t12.24_f0306.jpg,12984266_1920_1080_25fps.mp4,12.24,306,1920,1080,248,0
12984266_1920_1080_25fps_t12.48_f0312.jpg,12984266_1920_1080_25fps.mp4,12.48,312,1920,1080,248,0
12984266_1920_1080_25fps_t12.72_f0318.jpg,12984266_1920_1080_25fps.mp4,12.72,318,1920,1080,248,0
12984266_1920_1080_25fps_t12.96_f0324.jpg,12984266_1920_1080_25fps.mp4,12.96,324,1920,1080,248,0
12984266_1920_1080_25fps_t13.20_f0330.jpg,12984266_1920_1080_25fps.mp4,13.20,330,1920,1080,248,0
12984266_1920_1080_25fps_t13.44_f0336.jpg,12984266_1920_1080_25fps.mp4,13.44,336,1920,1080,249,1
12984266_1920_1080_25fps_t13.68_f0342.jpg,12984266_1920_1080_25fps.mp4,13.68,342,1920,1080,249,0
12984266_1920_1080_25fps_t13.92_f0348.jpg,12984266_1920_1080_25fps.mp4,13.92,348,1920,1080,249,0
12984266_1920_1080_25fps_t14.16_f0354.jpg,12984266_1920_1080_25fps.mp4,14.16,354,1920,1080,249,0
12984266_1920_1080_25fps_t14.40_f0360.jpg,12984266_1920_1080_25fps.mp4,14.40,360,1920,1080,250,1
12984266_1920_1080_25fps_t14.64_f0366.jpg,12984266_1920_1080_25fps.mp4,14.64,366,1920,1080,250,0
12984266_1920_1080_25fps_t14.88_f0372.jpg,12984266_1920_1080_25fps.mp4,14.88,372,1920,1080,250,0
12984266_1920_1080_25fps_t15.12_f0378.jpg,12984266_1920_1080_25fps.mp4,15.12,378,1920,1080,250,0
12984266_1920_1080_25fps_t15.36_f0384.jpg,12984266_1920_1080_25fps.mp4,15.36,384,1920,1080,251,1
12984266_1920_1080_25fps_t15.60_f0390.jpg,12984266_1920_1080_25fps.mp4,15.60,390,1920,1080,251,0
12984266_1920_1080_25fps_t15.84_f0396.jpg,12984266_1920_1080_25fps.mp4,15.84,396,1920,1080,251,0
12984266_1920_1080_25fps_t16.08_f0402.jpg,12984266_1920_1080_25fps.mp4,16.08,402,1920,1080,251,0
12984266_1920_1080_25fps_t16.32_f0408.jpg,12984266_1920_1080_25fps.mp4,16.32,408,1920,1080,252,1
12984266_1920_1080_25fps_t16.56_f0414.jpg,12984266_1920_1080_25fps.mp4,16.56,414,1920,1080,252,0
12984266_1920_1080_25fps_t16.80_f0420.jpg,12984266_1920_1080_25fps.mp4,16.80,420,1920,1080,252,0
12984266_1920_1080_25fps_t17.04_f0426.jpg,12984266_1920_1080_25fps.mp4,17.04,426,1920,1080,252,0
12984266_1920_1080_25fps_t17.28_f0432.jpg,12984266_1920_1080_25fps.mp4,17.28,432,1920,1080,252,0
12984266_1920_1080_25fps_t17.52_f0438.jpg,12984266_1920_1080_25fps.mp4,17.52,438,1920,1080,252,0
12984266_1920_1080_25fps_t17.76_f0444.jpg,12984266_1920_1080_25fps.mp4,17.76,444,1920,1080,252,0
12984266_1920_1080_25fps_t18.00_f0450.jpg,12984266_1920_1080_25fps.mp4,18.00,450,1920,1080,252,0
12984266_1920_1080_25fps_t18.24_f0456.jpg,12984266_1920_1080_25fps.mp4,18.24,456,1920,1080,252,0
12984266_1920_1080_25fps_t18.48_f0462.jpg,12984266_1920_1080_25fps.mp4,18.48,462,1920,1080,252,0
12984266_1920_1080_25fps_t18.72_f0468.jpg,12984266_1920_1080_25fps.mp4,18.72,468,1920,1080,252,0
12984266_1920_1080_25fps_t18.96_f0474.jpg,12984266_1920_1080_25fps.mp4,18.96,474,1920,1080,252,0
12984266_1920_1080_25fps_t19.20_f0480.jpg,12984266_1920_1080_25fps.mp4,19.20,480,1920,1080,252,0
12984266_1920_1080_25fps_t19.44_f0486.jpg,12984266_1920_1080_25fps.mp4,19.44,486,1920,1080,253,1
12984266_1920_1080_25fps_t19.68_f0492.jpg,12984266_1920_1080_25fps.mp4,19.68,492,1920,1080,254,1
12984266_1920_1080_25fps_t19.92_f0498.jpg,12984266_1920_1080_25fps.mp4,19.92,498,1920,1080,255,1
12984266_1920_1080_25fps_t20.16_f0504.jpg,12984266_1920_1080_25fps.mp4,20.16,504,1920,1080,256,1
12984266_1920_1080_25fps_t20.40_f0510.jpg,12984266_1920_1080_25fps.mp4,20.40,510,1920,1080,257,1
12984266_1920_1080_25fps_t20.64_f0516.jpg,12984266_1920_1080_25fps.mp4,20.64,516,1920,1080,257,0
12984266_1920_1080_25fps_t20.88_f0522.jpg,12984266_1920_1080_25fps.mp4,20.88,522,1920,1080,258,1
12984266_1920_1080_25fps_t21.12_f0528.jpg,12984266_1920_1080_25fps.mp4,21.12,528,1920,1080,258,0
12984266_1920_1080_25fps_t21.36_f0534.jpg,12984266_1920_1080_25fps.mp4,21.36,534,1920,1080,258,0
12984266_1920_1080_25fps_t21.60_f0540.jpg,12984266_1920_1080_25fps.mp4,21.60,540,1920,1080,259,1
12984266_1920_1080_25fps_t21.84_f0546.jpg,12984266_1920_1080_25fps.mp4,21.84,546,1920,1080,259,0
12984266_1920_1080_25fps_t22.08_f0552.jpg,12984266_1920_1080_25fps.mp4,22.08,552,1920,1080,259,0
12984266_1920_1080_25fps_t22.32_f0558.jpg,12984266_1920_1080_25fps.mp4,22.32,558,1920,1080,259,0
12984266_1920_1080_25fps_t22.56_f0564.jpg,12984266_1920_1080_25fps.mp4,22.56,564,1920,1080,260,1
12984266_1920_1080_25fps_t22.80_f0570.jpg,12984266_1920_1080_25fps.mp4,22.80,570,1920,1080,261,1
12984266_1920_1080_25fps_t23.04_f0576.jpg,12984266_1920_1080_25fps.mp4,23.04,576,1920,1080,262,1
12984266_1920_1080_25fps_t23.28_f0582.jpg,12984266_1920_1080_25fps.mp4,23.28,582,1920,1080,262,0
12984266_1920_1080_25fps_t23.52_f0588.jpg,12984266_1920_1080_25fps.mp4,23.52,588,1920,1080,262,0
12984266_1920_1080_25fps_t23.76_f0594.jpg,12984266_1920_1080_25fps.mp4,23.76,594,1920,1080,262,0
12984266_1920_1080_25fps_t24.00_f0600.jpg,12984266_1920_1080_25fps.mp4,24.00,600,1920,1080,263,1
12984266_1920_1080_25fps_t24.24_f0606.jpg,12984266_1920_1080_25fps.mp4,24.24,606,1920,1080,264,1
12984266_1920_1080_25fps_t24.48_f0612.jpg,12984266_1920_1080_25fps.mp4,24.48,612,1920,1080,265,1
12984266_1920_1080_25fps_t24.72_f0618.jpg,12984266_1920_1080_25fps.mp4,24.72,618,1920,1080,266,1
12984266_1920_1080_25fps_t24.96_f0624.jpg,12984266_1920_1080_25fps.mp4,24.96,624,1920,1080,267,1
12984266_1920_1080_25fps_t25.20_f0630.jpg,12984266_1920_1080_25fps.mp4,25.20,630,1920,1080,267,0
12984266_1920_1080_25fps_t25.44_f0636.jpg,12984266_1920_1080_25fps.mp4,25.44,636,1920,1080,267,0
12984266_1920_1080_25fps_t25.68_f0642.jpg,12984266_1920_1080_25fps.mp4,25.68,642,1920,1080,268,1
12984266_1920_1080_25fps_t25.92_f0648.jpg,12984266_1920_1080_25fps.mp4,25.92,648,1920,1080,268,0
12984266_1920_1080_25fps_t26.16_f0654.jpg,12984266_1920_1080_25fps.mp4,26.16,654,1920,1080,268,0
12984266_1920_1080_25fps_t26.40_f0660.jpg,12984266_1920_1080_25fps.mp4,26.40,660,1920,1080,268,0
12984266_1920_1080_25fps_t26.64_f0666.jpg,12984266_1920_1080_25fps.mp4,26.64,666,1920,1080,269,1
12984266_1920_1080_25fps_t26.88_f0672.jpg,12984266_1920_1080_25fps.mp4,26.88,672,1920,1080,269,0
12984266_1920_1080_25fps_t27.12_f0678.jpg,12984266_1920_1080_25fps.mp4,27.12,678,1920,1080,269,0
12984266_1920_1080_25fps_t27.36_f0684.jpg,12984266_1920_1080_25fps.mp4,27.36,684,1920,1080,270,1
12984266_1920_1080_25fps_t27.60_f0690.jpg,12984266_1920_1080_25fps.mp4,27.60,690,1920,1080,271,1
12984266_1920_1080_25fps_t27.84_f0696.jpg,12984266_1920_1080_25fps.mp4,27.84,696,1920,1080,271,0
12984266_1920_1080_25fps_t28.08_f0702.jpg,12984266_1920_1080_25fps.mp4,28.08,702,1920,1080,271,0
12984266_1920_1080_25fps_t28.32_f0708.jpg,12984266_1920_1080_25fps.mp4,28.32,708,1920,1080,271,0
12984266_1920_1080_25fps_t28.56_f0714.jpg,12984266_1920_1080_25fps.mp4,28.56,714,1920,1080,271,0
12984266_1920_1080_25fps_t28.80_f0720.jpg,12984266_1920_1080_25fps.mp4,28.80,720,1920,1080,271,0
12984266_1920_1080_25fps_t29.04_f0726.jpg,12984266_1920_1080_25fps.mp4,29.04,726,1920,1080,271,0
12984266_1920_1080_25fps_t29.28_f0732.jpg,12984266_1920_1080_25fps.mp4,29.28,732,1920,1080,272,1
12984266_1920_1080_25fps_t29.52_f0738.jpg,12984266_1920_1080_25fps.mp4,29.52,738,1920,1080,273,1
12984266_1920_1080_25fps_t29.76_f0744.jpg,12984266_1920_1080_25fps.mp4,29.76,744,1920,1080,274,1
12984266_1920_1080_25fps_t30.00_f0750.jpg,12984266_1920_1080_25fps.mp4,30.00,750,1920,1080,275,1
12984266_1920_1080_25fps_t30.24_f0756.jpg,12984266_1920_1080_25fps.mp4,30.24,756,1920,1080,276,1
12984266_1920_1080_25fps_t30.48_f0762.jpg,12984266_1920_1080_25fps.mp4,30.48,762,1920,1080,277,1
12984266_1920_1080_25fps_t30.72_f0768.jpg,12984266_1920_1080_25fps.mp4,30.72,768,1920,1080,278,1
12984266_1920_1080_25fps_t30.96_f0774.jpg,12984266_1920_1080_25fps.mp4,30.96,774,1920,1080,278,0
12984266_1920_1080_25fps_t31.20_f0780.jpg,12984266_1920_1080_25fps.mp4,31.20,780,1920,1080,279,1
12984266_1920_1080_25fps_t31.44_f0786.jpg,12984266_1920_1080_25fps.mp4,31.44,786,1920,1080,280,1
12984266_1920_1080_25fps_t31.68_f0792.jpg,12984266_1920_1080_25fps.mp4,31.68,792,1920,1080,280,0
12984266_1920_1080_25fps_t31.92_f0798.jpg,12984266_1920_1080_25fps.mp4,31.92,798,1920,1080,280,0
12984266_1920_1080_25fps_t32.16_f0804.jpg,12984266_1920_1080_25fps.mp4,32.16,804,1920,1080,281,1
12984266_1920_1080_25fps_t32.40_f0810.jpg,12984266_1920_1080_25fps.mp4,32.40,810,1920,1080,281,0
12984266_1920_1080_25fps_t32.64_f0816.jpg,12984266_1920_1080_25fps.mp4,32.64,816,1920,1080,281,0
12984266_1920_1080_25fps_t32.88_f0822.jpg,12984266_1920_1080_25fps.mp4,32.88,822,1920,1080,282,1
12984266_1920_1080_25fps_t33.12_f0828.jpg,12984266_1920_1080_25fps.mp4,33.12,828,1920,1080,282,0
12984266_1920_1080_25fps_t33.36_f0834.jpg,12984266_1920_1080_25fps.mp4,33.36,834,1920,1080,282,0
12984266_1920_1080_25fps_t33.60_f0840.jpg,12984266_1920_1080_25fps.mp4,33.60,840,1920,1080,282,0
12984266_1920_1080_25fps_t33.84_f0846.jpg,12984266_1920_1080_25fps.mp4,33.84,846,1920,1080,282,0
12984266_1920_1080_25fps_t34.08_f0852.jpg,12984266_1920_1080_25fps.mp4,34.08,852,1920,1080,282,0
12984266_1920_1080_25fps_t34.32_f0858.jpg,12984266_1920_1080_25fps.mp4,34.32,858,1920,1080,282,0
12984266_1920_1080_25fps_t34.56_f0864.jpg,12984266_1920_1080_25fps.mp4,34.56,864,1920,1080,282,0
12984266_1920_1080_25fps_t34.80_f0870.jpg,12984266_1920_1080_25fps.mp4,34.80,870,1920,1080,282,0
12984266_1920_1080_25fps_t35.04_f0876.jpg,12984266_1920_1080_25fps.mp4,35.04,876,1920,1080,282,0
12984266_1920_1080_25fps_t35.28_f0882.jpg,12984266_1920_1080_25fps.mp4,35.28,882,1920,1080,282,0
12984266_1920_1080_25fps_t35.52_f0888.jpg,12984266_1920_1080_25fps.mp4,35.52,888,1920,1080,282,0
12984266_1920_1080_25fps_t35.76_f0894.jpg,12984266_1920_1080_25fps.mp4,35.76,894,1920,1080,282,0
12984266_1920_1080_25fps_t36.00_f0900.jpg,12984266_1920_1080_25fps.mp4,36.00,900,1920,1080,282,0
12984266_1920_1080_25fps_t36.24_f0906.jpg,12984266_1920_1080_25fps.mp4,36.24,906,1920,1080,282,0
12984266_1920_1080_25fps_t36.48_f0912.jpg,12984266_1920_1080_25fps.mp4,36.48,912,1920,1080,282,0
12984266_1920_1080_25fps_t36.72_f0918.jpg,12984266_1920_1080_25fps.mp4,36.72,918,1920,1080,282,0
12984266_1920_1080_25fps_t36.96_f0924.jpg,12984266_1920_1080_25fps.mp4,36.96,924,1920,1080,282,0
12984266_1920_1080_25fps_t37.20_f0930.jpg,12984266_1920_1080_25fps.mp4,37.20,930,1920,1080,282,0
12984266_1920_1080_25fps_t37.44_f0936.jpg,12984266_1920_1080_25fps.mp4,37.44,936,1920,1080,282,0
12984266_1920_1080_25fps_t37.68_f0942.jpg,12984266_1920_1080_25fps.mp4,37.68,942,1920,1080,282,0
12984266_1920_1080_25fps_t37.92_f0948.jpg,12984266_1920_1080_25fps.mp4,37.92,948,1920,1080,282,0
12984266_1920_1080_25fps_t38.16_f0954.jpg,12984266_1920_1080_25fps.mp4,38.16,954,1920,1080,282,0
12984266_1920_1080_25fps_t38.40_f0960.jpg,12984266_1920_1080_25fps.mp4,38.40,960,1920,1080,282,0
12984266_1920_1080_25fps_t38.64_f0966.jpg,12984266_1920_1080_25fps.mp4,38.64,966,1920,1080,282,0
12984266_1920_1080_25fps_t38.88_f0972.jpg,12984266_1920_1080_25fps.mp4,38.88,972,1920,1080,282,0
12984266_1920_1080_25fps_t39.12_f0978.jpg,12984266_1920_1080_25fps.mp4,39.12,978,1920,1080,282,0
12984266_1920_1080_25fps_t39.36_f0984.jpg,12984266_1920_1080_25fps.mp4,39.36,984,1920,1080,283,1
12984266_1920_1080_25fps_t39.60_f0990.jpg,12984266_1920_1080_25fps.mp4,39.60,990,1920,1080,283,0
12984266_1920_1080_25fps_t39.84_f0996.jpg,12984266_1920_1080_25fps.mp4,39.84,996,1920,1080,283,0
12984266_1920_1080_25fps_t40.08_f1002.jpg,12984266_1920_1080_25fps.mp4,40.08,1002,1920,1080,283,0
12984266_1920_1080_25fps_t40.32_f1008.jpg,12984266_1920_1080_25fps.mp4,40.32,1008,1920,1080,283,0
12984266_1920_1080_25fps_t40.56_f1014.jpg,12984266_1920_1080_25fps.mp4,40.56,1014,1920,1080,283,0
12984266_1920_1080_25fps_t40.80_f1020.jpg,12984266_1920_1080_25fps.mp4,40.80,1020,1920,1080,283,0
12984266_1920_1080_25fps_t41.04_f1026.jpg,12984266_1920_1080_25fps.mp4,41.04,1026,1920,1080,283,0
12984266_1920_1080_25fps_t41.28_f1032.jpg,12984266_1920_1080_25fps.mp4,41.28,1032,1920,1080,283,0
12984266_1920_1080_25fps_t41.52_f1038.jpg,12984266_1920_1080_25fps.mp4,41.52,1038,1920,1080,283,0
12984266_1920_1080_25fps_t41.76_f1044.jpg,12984266_1920_1080_25fps.mp4,41.76,1044,1920,1080,283,0
12984266_1920_1080_25fps_t42.00_f1050.jpg,12984266_1920_1080_25fps.mp4,42.00,1050,1920,1080,283,0
12984266_1920_1080_25fps_t42.24_f1056.jpg,12984266_1920_1080_25fps.mp4,42.24,1056,1920,1080,283,0
12984266_1920_1080_25fps_t42.48_f1062.jpg,12984266_1920_1080_25fps.mp4,42.48,1062,1920,1080,283,0
12984266_1920_1080_25fps_t42.72_f1068.jpg,12984266_1920_1080_25fps.mp4,42.72,1068,1920,1080,283,0
12984266_1920_1080_25fps_t42.96_f1074.jpg,12984266_1920_1080_25fps.mp4,42.96,1074,1920,1080,283,0
12984266_1920_1080_25fps_t43.20_f1080.jpg,12984266_1920_1080_25fps.mp4,43.20,1080,1920,1080,283,0
12984266_1920_1080_25fps_t43.44_f1086.jpg,12984266_1920_1080_25fps.mp4,43.44,1086,1920,1080,283,0
12984266_1920_1080_25fps_t43.68_f1092.jpg,12984266_1920_1080_25fps.mp4,43.68,1092,1920,1080,284,1
12984266_1920_1080_25fps_t43.92_f1098.jpg,12984266_1920_1080_25fps.mp4,43.92,1098,1920,1080,284,0
12984266_1920_1080_25fps_t44.16_f1104.jpg,12984266_1920_1080_25fps.mp4,44.16,1104,1920,1080,284,0
12984266_1920_1080_25fps_t44.40_f1110.jpg,12984266_1920_1080_25fps.mp4,44.40,1110,1920,1080,284,0
12984266_1920_1080_25fps_t44.64_f1116.jpg,12984266_1920_1080_25fps.mp4,44.64,1116,1920,1080,284,0
12984266_1920_1080_25fps_t44.88_f1122.jpg,12984266_1920_1080_25fps.mp4,44.88,1122,1920,1080,284,0
12984266_1920_1080_25fps_t45.12_f1128.jpg,12984266_1920_1080_25fps.mp4,45.12,1128,1920,1080,284,0
12984266_1920_1080_25fps_t45.36_f1134.jpg,12984266_1920_1080_25fps.mp4,45.36,1134,1920,1080,284,0
12984266_1920_1080_25fps_t45.60_f1140.jpg,12984266_1920_1080_25fps.mp4,45.60,1140,1920,1080,284,0
12984266_1920_1080_25fps_t45.84_f1146.jpg,12984266_1920_1080_25fps.mp4,45.84,1146,1920,1080,284,0
12984266_1920_1080_25fps_t46.08_f1152.jpg,12984266_1920_1080_25fps.mp4,46.08,1152,1920,1080,284,0
12984266_1920_1080_25fps_t46.32_f1158.jpg,12984266_1920_1080_25fps.mp4,46.32,1158,1920,1080,284,0
12984266_1920_1080_25fps_t46.56_f1164.jpg,12984266_1920_1080_25fps.mp4,46.56,1164,1920,1080,284,0
12984266_1920_1080_25fps_t46.80_f1170.jpg,12984266_1920_1080_25fps.mp4,46.80,1170,1920,1080,285,1
12984266_1920_1080_25fps_t47.04_f1176.jpg,12984266_1920_1080_25fps.mp4,47.04,1176,1920,1080,285,0
12984266_1920_1080_25fps_t47.28_f1182.jpg,12984266_1920_1080_25fps.mp4,47.28,1182,1920,1080,285,0
12984266_1920_1080_25fps_t47.52_f1188.jpg,12984266_1920_1080_25fps.mp4,47.52,1188,1920,1080,285,0
12984266_1920_1080_25fps_t47.76_f1194.jpg,12984266_1920_1080_25fps.mp4,47.76,1194,1920,1080,286,1
12984266_1920_1080_25fps_t48.00_f1200.jpg,12984266_1920_1080_25fps.mp4,48.00,1200,1920,1080,287,1
12984266_1920_1080_25fps_t48.24_f1206.jpg,12984266_1920_1080_25fps.mp4,48.24,1206,1920,1080,288,1
12984266_1920_1080_25fps_t48.48_f1212.jpg,12984266_1920_1080_25fps.mp4,48.48,1212,1920,1080,288,0
12984266_1920_1080_25fps_t48.72_f1218.jpg,12984266_1920_1080_25fps.mp4,48.72,1218,1920,1080,288,0
12984266_1920_1080_25fps_t48.96_f1224.jpg,12984266_1920_1080_25fps.mp4,48.96,1224,1920,1080,288,0
12984266_1920_1080_25fps_t49.20_f1230.jpg,12984266_1920_1080_25fps.mp4,49.20,1230,1920,1080,289,1
12984266_1920_1080_25fps_t49.44_f1236.jpg,12984266_1920_1080_25fps.mp4,49.44,1236,1920,1080,289,0
12984266_1920_1080_25fps_t49.68_f1242.jpg,12984266_1920_1080_25fps.mp4,49.68,1242,1920,1080,290,1
12984266_1920_1080_25fps_t49.92_f1248.jpg,12984266_1920_1080_25fps.mp4,49.92,1248,1920,1080,290,0
12984266_1920_1080_25fps_t50.16_f1254.jpg,12984266_1920_1080_25fps.mp4,50.16,1254,1920,1080,291,1
12984266_1920_1080_25fps_t50.40_f1260.jpg,12984266_1920_1080_25fps.mp4,50.40,1260,1920,1080,291,0
12984266_1920_1080_25fps_t50.64_f1266.jpg,12984266_1920_1080_25fps.mp4,50.64,1266,1920,1080,292,1
12984266_1920_1080_25fps_t50.88_f1272.jpg,12984266_1920_1080_25fps.mp4,50.88,1272,1920,1080,293,1
12984266_1920_1080_25fps_t51.12_f1278.jpg,12984266_1920_1080_25fps.mp4,51.12,1278,1920,1080,294,1
12984266_1920_1080_25fps_t51.36_f1284.jpg,12984266_1920_1080_25fps.mp4,51.36,1284,1920,1080,295,1
12984266_1920_1080_25fps_t51.60_f1290.jpg,12984266_1920_1080_25fps.mp4,51.60,1290,1920,1080,296,1
12984266_1920_1080_25fps_t51.84_f1296.jpg,12984266_1920_1080_25fps.mp4,51.84,1296,1920,1080,296,0
12984266_1920_1080_25fps_t52.08_f1302.jpg,12984266_1920_1080_25fps.mp4,52.08,1302,1920,1080,297,1
12984266_1920_1080_25fps_t52.32_f1308.jpg,12984266_1920_1080_25fps.mp4,52.32,1308,1920,1080,297,0
12984266_1920_1080_25fps_t52.56_f1314.jpg,12984266_1920_1080_25fps.mp4,52.56,1314,1920,1080,297,0
12984266_1920_1080_25fps_t52.80_f1320.jpg,12984266_1920_1080_25fps.mp4,52.80,1320,1920,1080,298,1
12984266_1920_1080_25fps_t53.04_f1326.jpg,12984266_1920_1080_25fps.mp4,53.04,1326,1920,1080,298,0
12984266_1920_1080_25fps_t53.28_f1332.jpg,12984266_1920_1080_25fps.mp4,53.28,1332,1920,1080,299,1
12984266_1920_1080_25fps_t53.52_f1338.jpg,12984266_1920_1080_25fps.mp4,53.52,1338,1920,1080,300,1
12984266_1920_1080_25fps_t53.76_f1344.jpg,12984266_1920_1080_25fps.mp4,53.76,1344,1920,1080,301,1
12984266_1920_1080_25fps_t54.00_f1350.jpg,12984266_1920_1080_25fps.mp4,54.00,1350,1920,1080,302,1
12984266_1920_1080_25fps_t54.24_f1356.jpg,12984266_1920_1080_25fps.mp4,54.24,1356,1920,1080,303,1
12984266_1920_1080_25fps_t54.48_f1362.jpg,12984266_1920_1080_25fps.mp4,54.48,1362,1920,1080,304,1
12984266_1920_1080_25fps_t54.72_f1368.jpg,12984266_1920_1080_25fps.mp4,54.72,1368,1920,1080,305,1
12984266_1920_1080_25fps_t54.96_f1374.jpg,12984266_1920_1080_25fps.mp4,54.96,1374,1920,1080,306,1
12984266_1920_1080_25fps_t55.20_f1380.jpg,12984266_1920_1080_25fps.mp4,55.20,1380,1920,1080,307,1
12984266_1920_1080_25fps_t55.44_f1386.jpg,12984266_1920_1080_25fps.mp4,55.44,1386,1920,1080,307,0
12984266_1920_1080_25fps_t55.68_f1392.jpg,12984266_1920_1080_25fps.mp4,55.68,1392,1920,1080,308,1
12984266_1920_1080_25fps_t55.92_f1398.jpg,12984266_1920_1080_25fps.mp4,55.92,1398,1920,1080,309,1
12984266_1920_1080_25fps_t56.16_f1404.jpg,12984266_1920_1080_25fps.mp4,56.16,1404,1920,1080,309,0
12984266_1920_1080_25fps_t56.40_f1410.jpg,12984266_1920_1080_25fps.mp4,56.40,1410,1920,1080,310,1
12984266_1920_1080_25fps_t56.64_f1416.jpg,12984266_1920_1080_25fps.mp4,56.64,1416,1920,1080,311,1
12984266_1920_1080_25fps_t56.88_f1422.jpg,12984266_1920_1080_25fps.mp4,56.88,1422,1920,1080,312,1
12984266_1920_1080_25fps_t57.12_f1428.jpg,12984266_1920_1080_25fps.mp4,57.12,1428,1920,1080,313,1
12984266_1920_1080_25fps_t57.36_f1434.jpg,12984266_1920_1080_25fps.mp4,57.36,1434,1920,1080,314,1
12984266_1920_1080_25fps_t57.60_f1440.jpg,12984266_1920_1080_25fps.mp4,57.60,1440,1920,1080,315,1
12984266_1920_1080_25fps_t57.84_f1446.jpg,12984266_1920_1080_25fps.mp4,57.84,1446,1920,1080,316,1
12984266_1920_1080_25fps_t58.08_f1452.jpg,12984266_1920_1080_25fps.mp4,58.08,1452,1920,1080,317,1
12984266_1920_1080_25fps_t58.32_f1458.jpg,12984266_1920_1080_25fps.mp4,58.32,1458,1920,1080,318,1
12984266_1920_1080_25fps_t58.56_f1464.jpg,12984266_1920_1080_25fps.mp4,58.56,1464,1920,1080,319,1
12984266_1920_1080_25fps_t58.80_f1470.jpg,12984266_1920_1080_25fps.mp4,58.80,1470,1920,1080,320,1
12984266_1920_1080_25fps_t59.04_f1476.jpg,12984266_1920_1080_25fps.mp4,59.04,1476,1920,1080,321,1
12984266_1920_1080_25fps_t59.28_f1482.jpg,12984266_1920_1080_25fps.mp4,59.28,1482,1920,1080,322,1
12984266_1920_1080_25fps_t59.52_f1488.jpg,12984266_1920_1080_25fps.mp4,59.52,1488,1920,1080,323,1
12984266_1920_1080_25fps_t59.76_f1494.jpg,12984266_1920_1080_25fps.mp4,59.76,1494,1920,1080,324,1
12984266_1920_1080_25fps_t60.00_f1500.jpg,12984266_1920_1080_25fps.mp4,60.00,1500,1920,1080,325,1
12984266_1920_1080_25fps_t60.24_f1506.jpg,12984266_1920_1080_25fps.mp4,60.24,1506,1920,1080,326,1
12984266_1920_1080_25fps_t60.48_f1512.jpg,12984266_1920_1080_25fps.mp4,60.48,1512,1920,1080,327,1
12984266_1920_1080_25fps_t60.72_f1518.jpg,12984266_1920_1080_25fps.mp4,60.72,1518,1920,1080,328,1
12984266_1920_1080_25fps_t60.96_f1524.jpg,12984266_1920_1080_25fps.mp4,60.96,1524,1920,1080,329,1
12984266_1920_1080_25fps_t61.20_f1530.jpg,12984266_1920_1080_25fps.mp4,61.20,1530,1920,1080,330,1
12984266_1920_1080_25fps_t61.44_f1536.jpg,12984266_1920_1080_25fps.mp4,61.44,1536,1920,1080,331,1
12984266_1920_1080_25fps_t61.68_f1542.jpg,12984266_1920_1080_25fps.mp4,61.68,1542,1920,1080,332,1
12984266_1920_1080_25fps_t61.92_f1548.jpg,12984266_1920_1080_25fps.mp4,61.92,1548,1920,1080,333,1
12984266_1920_1080_25fps_t62.16_f1554.jpg,12984266_1920_1080_25fps.mp4,62.16,1554,1920,1080,334,1
12984266_1920_1080_25fps_t62.40_f1560.jpg,12984266_1920_1080_25fps.mp4,62.40,1560,1920,1080,335,1
12984266_1920_1080_25fps_t62.64_f1566.jpg,12984266_1920_1080_25fps.mp4,62.64,1566,1920,1080,336,1
12984266_1920_1080_25fps_t62.88_f1572.jpg,12984266_1920_1080_25fps.mp4,62.88,1572,1920,1080,337,1
12984266_1920_1080_25fps_t63.12_f1578.jpg,12984266_1920_1080_25fps.mp4,63.12,1578,1920,1080,338,1
12984266_1920_1080_25fps_t63.36_f1584.jpg,12984266_1920_1080_25fps.mp4,63.36,1584,1920,1080,339,1
12984266_1920_1080_25fps_t63.60_f1590.jpg,12984266_1920_1080_25fps.mp4,63.60,1590,1920,1080,340,1
12984266_1920_1080_25fps_t63.84_f1596.jpg,12984266_1920_1080_25fps.mp4,63.84,1596,1920,1080,341,1
12984266_1920_1080_25fps_t64.08_f1602.jpg,12984266_1920_1080_25fps.mp4,64.08,1602,1920,1080,341,0
12984266_1920_1080_25fps_t64.32_f1608.jpg,12984266_1920_1080_25fps.mp4,64.32,1608,1920,1080,342,1
12984266_1920_1080_25fps_t64.56_f1614.jpg,12984266_1920_1080_25fps.mp4,64.56,1614,1920,1080,343,1
12984266_1920_1080_25fps_t64.80_f1620.jpg,12984266_1920_1080_25fps.mp4,64.80,1620,1920,1080,344,1
12984266_1920_1080_25fps_t65.04_f1626.jpg,12984266_1920_1080_25fps.mp4,65.04,1626,1920,1080,345,1
12984266_1920_1080_25fps_t65.28_f1632.jpg,12984266_1920_1080_25fps.mp4,65.28,1632,1920,1080,346,1
12984266_1920_1080_25fps_t65.52_f1638.jpg,12984266_1920_1080_25fps.mp4,65.52,1638,1920,1080,347,1
12984266_1920_1080_25fps_t65.76_f1644.jpg,12984266_1920_1080_25fps.mp4,65.76,1644,1920,1080,348,1
12984266_1920_1080_25fps_t66.00_f1650.jpg,12984266_1920_1080_25fps.mp4,66.00,1650,1920,1080,349,1
12984266_1920_1080_25fps_t66.24_f1656.jpg,12984266_1920_1080_25fps.mp4,66.24,1656,1920,1080,350,1
12984266_1920_1080_25fps_t66.48_f1662.jpg,12984266_1920_1080_25fps.mp4,66.48,1662,1920,1080,351,1
12984266_1920_1080_25fps_t66.72_f1668.jpg,12984266_1920_1080_25fps.mp4,66.72,1668,1920,1080,352,1
12984266_1920_1080_25fps_t66.96_f1674.jpg,12984266_1920_1080_25fps.mp4,66.96,1674,1920,1080,353,1
12984266_1920_1080_25fps_t67.20_f1680.jpg,12984266_1920_1080_25fps.mp4,67.20,1680,1920,1080,354,1
12984266_1920_1080_25fps_t67.44_f1686.jpg,12984266_1920_1080_25fps.mp4,67.44,1686,1920,1080,355,1
12984266_1920_1080_25fps_t67.68_f1692.jpg,12984266_1920_1080_25fps.mp4,67.68,1692,1920,1080,356,1
12984266_1920_1080_25fps_t67.92_f1698.jpg,12984266_1920_1080_25fps.mp4,67.92,1698,1920,1080,357,1
12984266_1920_1080_25fps_t68.16_f1704.jpg,12984266_1920_1080_25fps.mp4,68.16,1704,1920,1080,358,1
12984266_1920_1080_25fps_t68.40_f1710.jpg,12984266_1920_1080_25fps.mp4,68.40,1710,1920,1080,359,1
12984266_1920_1080_25fps_t68.64_f1716.jpg,12984266_1920_1080_25fps.mp4,68.64,1716,1920,1080,360,1
12984266_1920_1080_25fps_t68.88_f1722.jpg,12984266_1920_1080_25fps.mp4,68.88,1722,1920,1080,361,1
12984266_1920_1080_25fps_t69.12_f1728.jpg,12984266_1920_1080_25fps.mp4,69.12,1728,1920,1080,362,1
12984266_1920_1080_25fps_t69.36_f1734.jpg,12984266_1920_1080_25fps.mp4,69.36,1734,1920,1080,363,1
12984266_1920_1080_25fps_t69.60_f1740.jpg,12984266_1920_1080_25fps.mp4,69.60,1740,1920,1080,363,0
12984266_1920_1080_25fps_t69.84_f1746.jpg,12984266_1920_1080_25fps.mp4,69.84,1746,1920,1080,364,1
12984266_1920_1080_25fps_t70.08_f1752.jpg,12984266_1920_1080_25fps.mp4,70.08,1752,1920,1080,365,1
12984266_1920_1080_25fps_t70.32_f1758.jpg,12984266_1920_1080_25fps.mp4,70.32,1758,1920,1080,366,1
13258042_2560_1440_30fps_t00.00_f0000.jpg,13258042_2560_1440_30fps.mp4,0.00,0,2560,1440,367,1
13258042_2560_1440_30fps_t00.23_f0007.jpg,13258042_2560_1440_30fps.mp4,0.23,7,2560,1440,368,1
13258042_2560_1440_30fps_t00.47_f0014.jpg,13258042_2560_1440_30fps.mp4,0.47,14,2560,1440,369,1
13258042_2560_1440_30fps_t00.50_f0015.jpg,13258042_2560_1440_30fps.mp4,0.50,15,2560,1440,370,1
13258042_2560_1440_30fps_t00.70_f0021.jpg,13258042_2560_1440_30fps.mp4,0.70,21,2560,1440,371,1
13258042_2560_1440_30fps_t00.93_f0028.jpg,13258042_2560_1440_30fps.mp4,0.93,28,2560,1440,372,1
13258042_2560_1440_30fps_t01.00_f0030.jpg,13258042_2560_1440_30fps.mp4,1.00,30,2560,1440,373,1
13258042_2560_1440_30fps_t01.17_f0035.jpg,13258042_2560_1440_30fps.mp4,1.17,35,2560,1440,374,1
13258042_2560_1440_30fps_t01.40_f0042.jpg,13258042_2560_1440_30fps.mp4,1.40,42,2560,1440,375,1
13258042_2560_1440_30fps_t01.50_f0045.jpg,13258042_2560_1440_30fps.mp4,1.50,45,2560,1440,376,1
13258042_2560_1440_30fps_t01.63_f0049.jpg,13258042_2560_1440_30fps.mp4,1.63,49,2560,1440,377,1
13258042_2560_1440_30fps_t01.87_f0056.jpg,13258042_2560_1440_30fps.mp4,1.87,56,2560,1440,378,1
13258042_2560_1440_30fps_t02.00_f0060.jpg,13258042_2560_1440_30fps.mp4,2.00,60,2560,1440,379,1
13258042_2560_1440_30fps_t02.10_f0063.jpg,13258042_2560_1440_30fps.mp4,2.10,63,2560,1440,380,1
13258042_2560_1440_30fps_t02.34_f0070.jpg,13258042_2560_1440_30fps.mp4,2.34,70,2560,1440,381,1
13258042_2560_1440_30fps_t02.50_f0075.jpg,13258042_2560_1440_30fps.mp4,2.50,75,2560,1440,382,1
13258042_2560_1440_30fps_t02.57_f0077.jpg,13258042_2560_1440_30fps.mp4,2.57,77,2560,1440,383,1
13258042_2560_1440_30fps_t02.80_f0084.jpg,13258042_2560_1440_30fps.mp4,2.80,84,2560,1440,384,1
13258042_2560_1440_30fps_t03.00_f0090.jpg,13258042_2560_1440_30fps.mp4,3.00,90,2560,1440,385,1
13258042_2560_1440_30fps_t03.04_f0091.jpg,13258042_2560_1440_30fps.mp4,3.04,91,2560,1440,385,0
13258042_2560_1440_30fps_t03.27_f0098.jpg,13258042_2560_1440_30fps.mp4,3.27,98,2560,1440,386,1
13258042_2560_1440_30fps_t03.50_f0105.jpg,13258042_2560_1440_30fps.mp4,3.50,105,2560,1440,387,1
13258042_2560_1440_30fps_t03.74_f0112.jpg,13258042_2560_1440_30fps.mp4,3.74,112,2560,1440,388,1
13258042_2560_1440_30fps_t03.97_f0119.jpg,13258042_2560_1440_30fps.mp4,3.97,119,2560,1440,389,1
13258042_2560_1440_30fps_t04.00_f0120.jpg,13258042_2560_1440_30fps.mp4,4.00,120,2560,1440,390,1
13258042_2560_1440_30fps_t04.20_f0126.jpg,13258042_2560_1440_30fps.mp4,4.20,126,2560,1440,391,1
13258042_2560_1440_30fps_t04.44_f0133.jpg,13258042_2560_1440_30fps.mp4,4.44,133,2560,1440,392,1
13258042_2560_1440_30fps_t04.50_f0135.jpg,13258042_2560_1440_30fps.mp4,4.50,135,2560,1440,392,0
13258042_2560_1440_30fps_t04.67_f0140.jpg,13258042_2560_1440_30fps.mp4,4.67,140,2560,1440,392,0
13258042_2560_1440_30fps_t04.90_f0147.jpg,13258042_2560_1440_30fps.mp4,4.90,147,2560,1440,392,0
13258042_2560_1440_30fps_t05.00_f0150.jpg,13258042_2560_1440_30fps.mp4,5.00,150,2560,1440,393,1
13258042_2560_1440_30fps_t05.14_f0154.jpg,13258042_2560_1440_30fps.mp4,5.14,154,2560,1440,394,1
13258042_2560_1440_30fps_t05.37_f0161.jpg,13258042_2560_1440_30fps.mp4,5.37,161,2560,1440,395,1
13258042_2560_1440_30fps_t05.51_f0165.jpg,13258042_2560_1440_30fps.mp4,5.51,165,2560,1440,396,1
13258042_2560_1440_30fps_t05.61_f0168.jpg,13258042_2560_1440_30fps.mp4,5.61,168,2560,1440,396,0
13258042_2560_1440_30fps_t05.84_f0175.jpg,13258042_2560_1440_30fps.mp4,5.84,175,2560,1440,397,1
13258042_2560_1440_30fps_t06.01_f0180.jpg,13258042_2560_1440_30fps.mp4,6.01,180,2560,1440,398,1
13258042_2560_1440_30fps_t06.07_f0182.jpg,13258042_2560_1440_30fps.mp4,6.07,182,2560,1440,398,0
13258042_2560_1440_30fps_t06.31_f0189.jpg,13258042_2560_1440_30fps.mp4,6.31,189,2560,1440,398,0
13258042_2560_1440_30fps_t06.51_f0195.jpg,13258042_2560_1440_30fps.mp4,6.51,195,2560,1440,399,1
13258042_2560_1440_30fps_t06.54_f0196.jpg,13258042_2560_1440_30fps.mp4,6.54,196,2560,1440,399,0
13258042_2560_1440_30fps_t06.77_f0203.jpg,13258042_2560_1440_30fps.mp4,6.77,203,2560,1440,400,1
13258042_2560_1440_30fps_t07.01_f0210.jpg,13258042_2560_1440_30fps.mp4,7.01,210,2560,1440,401,1
13258042_2560_1440_30fps_t07.24_f0217.jpg,13258042_2560_1440_30fps.mp4,7.24,217,2560,1440,401,0
13258042_2560_1440_30fps_t07.47_f0224.jpg,13258042_2560_1440_30fps.mp4,7.47,224,2560,1440,402,1
13258042_2560_1440_30fps_t07.51_f0225.jpg,13258042_2560_1440_30fps.mp4,7.51,225,2560,1440,402,0
13258042_2560_1440_30fps_t07.71_f0231.jpg,13258042_2560_1440_30fps.mp4,7.71,231,2560,1440,403,1
13258042_2560_1440_30fps_t07.94_f0238.jpg,13258042_2560_1440_30fps.mp4,7.94,238,2560,1440,404,1
13258042_2560_1440_30fps_t08.01_f0240.jpg,13258042_2560_1440_30fps.mp4,8.01,240,2560,1440,404,0
13258042_2560_1440_30fps_t08.17_f0245.jpg,13258042_2560_1440_30fps.mp4,8.17,245,2560,1440,405,1
13258042_2560_1440_30fps_t08.41_f0252.jpg,13258042_2560_1440_30fps.mp4,8.41,252,2560,1440,406,1
13258042_2560_1440_30fps_t08.51_f0255.jpg,13258042_2560_1440_30fps.mp4,8.51,255,2560,1440,407,1
13258042_2560_1440_30fps_t08.64_f0259.jpg,13258042_2560_1440_30fps.mp4,8.64,259,2560,1440,408,1
13258042_2560_1440_30fps_t08.88_f0266.jpg,13258042_2560_1440_30fps.mp4,8.88,266,2560,1440,409,1
13258042_2560_1440_30fps_t09.01_f0270.jpg,13258042_2560_1440_30fps.mp4,9.01,270,2560,1440,410,1
13258042_2560_1440_30fps_t09.11_f0273.jpg,13258042_2560_1440_30fps.mp4,9.11,273,2560,1440,411,1
13258042_2560_1440_30fps_t09.34_f0280.jpg,13258042_2560_1440_30fps.mp4,9.34,280,2560,1440,412,1
13258042_2560_1440_30fps_t09.51_f0285.jpg,13258042_2560_1440_30fps.mp4,9.51,285,2560,1440,413,1
13258042_2560_1440_30fps_t09.58_f0287.jpg,13258042_2560_1440_30fps.mp4,9.58,287,2560,1440,414,1
13258042_2560_1440_30fps_t09.81_f0294.jpg,13258042_2560_1440_30fps.mp4,9.81,294,2560,1440,415,1
13258042_2560_1440_30fps_t10.01_f0300.jpg,13258042_2560_1440_30fps.mp4,10.01,300,2560,1440,416,1
13258042_2560_1440_30fps_t10.04_f0301.jpg,13258042_2560_1440_30fps.mp4,10.04,301,2560,1440,417,1
13258042_2560_1440_30fps_t10.28_f0308.jpg,13258042_2560_1440_30fps.mp4,10.28,308,2560,1440,418,1
13258042_2560_1440_30fps_t10.51_f0315.jpg,13258042_2560_1440_30fps.mp4,10.51,315,2560,1440,419,1
13258042_2560_1440_30fps_t10.74_f0322.jpg,13258042_2560_1440_30fps.mp4,10.74,322,2560,1440,420,1
13258042_2560_1440_30fps_t10.98_f0329.jpg,13258042_2560_1440_30fps.mp4,10.98,329,2560,1440,421,1
13258042_2560_1440_30fps_t11.01_f0330.jpg,13258042_2560_1440_30fps.mp4,11.01,330,2560,1440,421,0
13258042_2560_1440_30fps_t11.21_f0336.jpg,13258042_2560_1440_30fps.mp4,11.21,336,2560,1440,422,1
13258042_2560_1440_30fps_t11.44_f0343.jpg,13258042_2560_1440_30fps.mp4,11.44,343,2560,1440,423,1
13258042_2560_1440_30fps_t11.51_f0345.jpg,13258042_2560_1440_30fps.mp4,11.51,345,2560,1440,424,1
13258042_2560_1440_30fps_t11.68_f0350.jpg,13258042_2560_1440_30fps.mp4,11.68,350,2560,1440,425,1
13258042_2560_1440_30fps_t11.91_f0357.jpg,13258042_2560_1440_30fps.mp4,11.91,357,2560,1440,426,1
13258042_2560_1440_30fps_t12.01_f0360.jpg,13258042_2560_1440_30fps.mp4,12.01,360,2560,1440,427,1
13258042_2560_1440_30fps_t12.15_f0364.jpg,13258042_2560_1440_30fps.mp4,12.15,364,2560,1440,428,1
13258042_2560_1440_30fps_t12.38_f0371.jpg,13258042_2560_1440_30fps.mp4,12.38,371,2560,1440,429,1
13258042_2560_1440_30fps_t12.51_f0375.jpg,13258042_2560_1440_30fps.mp4,12.51,375,2560,1440,430,1
13258042_2560_1440_30fps_t12.61_f0378.jpg,13258042_2560_1440_30fps.mp4,12.61,378,2560,1440,431,1
13258042_2560_1440_30fps_t12.85_f0385.jpg,13258042_2560_1440_30fps.mp4,12.85,385,2560,1440,432,1
13258042_2560_1440_30fps_t13.01_f0390.jpg,13258042_2560_1440_30fps.mp4,13.01,390,2560,1440,433,1
13258042_2560_1440_30fps_t13.08_f0392.jpg,13258042_2560_1440_30fps.mp4,13.08,392,2560,1440,433,0
13258042_2560_1440_30fps_t13.31_f0399.jpg,13258042_2560_1440_30fps.mp4,13.31,399,2560,1440,434,1
13258042_2560_1440_30fps_t13.51_f0405.jpg,13258042_2560_1440_30fps.mp4,13.51,405,2560,1440,435,1
13258042_2560_1440_30fps_t13.55_f0406.jpg,13258042_2560_1440_30fps.mp4,13.55,406,2560,1440,436,1
13258042_2560_1440_30fps_t13.78_f0413.jpg,13258042_2560_1440_30fps.mp4,13.78,413,2560,1440,437,1
13258042_2560_1440_30fps_t14.01_f0420.jpg,13258042_2560_1440_30fps.mp4,14.01,420,2560,1440,438,1
13258042_2560_1440_30fps_t14.25_f0427.jpg,13258042_2560_1440_30fps.mp4,14.25,427,2560,1440,439,1
13258042_2560_1440_30fps_t14.48_f0434.jpg,13258042_2560_1440_30fps.mp4,14.48,434,2560,1440,440,1
13258042_2560_1440_30fps_t14.51_f0435.jpg,13258042_2560_1440_30fps.mp4,14.51,435,2560,1440,440,0
13258042_2560_1440_30fps_t14.71_f0441.jpg,13258042_2560_1440_30fps.mp4,14.71,441,2560,1440,441,1
13258042_2560_1440_30fps_t14.95_f0448.jpg,13258042_2560_1440_30fps.mp4,14.95,448,2560,1440,442,1
13258042_2560_1440_30fps_t15.02_f0450.jpg,13258042_2560_1440_30fps.mp4,15.02,450,2560,1440,443,1
13258042_2560_1440_30fps_t15.18_f0455.jpg,13258042_2560_1440_30fps.mp4,15.18,455,2560,1440,444,1
13258042_2560_1440_30fps_t15.42_f0462.jpg,13258042_2560_1440_30fps.mp4,15.42,462,2560,1440,445,1
13258042_2560_1440_30fps_t15.52_f0465.jpg,13258042_2560_1440_30fps.mp4,15.52,465,2560,1440,446,1
13258042_2560_1440_30fps_t15.65_f0469.jpg,13258042_2560_1440_30fps.mp4,15.65,469,2560,1440,447,1
13258042_2560_1440_30fps_t15.88_f0476.jpg,13258042_2560_1440_30fps.mp4,15.88,476,2560,1440,448,1
13258042_2560_1440_30fps_t16.02_f0480.jpg,13258042_2560_1440_30fps.mp4,16.02,480,2560,1440,448,0
13258042_2560_1440_30fps_t16.12_f0483.jpg,13258042_2560_1440_30fps.mp4,16.12,483,2560,1440,449,1
13258042_2560_1440_30fps_t16.35_f0490.jpg,13258042_2560_1440_30fps.mp4,16.35,490,2560,1440,450,1
13258042_2560_1440_30fps_t16.52_f0495.jpg,13258042_2560_1440_30fps.mp4,16.52,495,2560,1440,450,0
13258042_2560_1440_30fps_t16.58_f0497.jpg,13258042_2560_1440_30fps.mp4,16.58,497,2560,1440,450,0
13258042_2560_1440_30fps_t16.82_f0504.jpg,13258042_2560_1440_30fps.mp4,16.82,504,2560,1440,451,1
13258042_2560_1440_30fps_t17.02_f0510.jpg,13258042_2560_1440_30fps.mp4,17.02,510,2560,1440,452,1
13258042_2560_1440_30fps_t17.05_f0511.jpg,13258042_2560_1440_30fps.mp4,17.05,511,2560,1440,452,0
13258042_2560_1440_30fps_t17.28_f0518.jpg,13258042_2560_1440_30fps.mp4,17.28,518,2560,1440,453,1
13258042_2560_1440_30fps_t17.52_f0525.jpg,13258042_2560_1440_30fps.mp4,17.52,525,2560,1440,454,1
13258042_2560_1440_30fps_t17.75_f0532.jpg,13258042_2560_1440_30fps.mp4,17.75,532,2560,1440,454,0
13258042_2560_1440_30fps_t17.98_f0539.jpg,13258042_2560_1440_30fps.mp4,17.98,539,2560,1440,455,1
13258042_2560_1440_30fps_t18.02_f0540.jpg,13258042_2560_1440_30fps.mp4,18.02,540,2560,1440,455,0
13258042_2560_1440_30fps_t18.22_f0546.jpg,13258042_2560_1440_30fps.mp4,18.22,546,2560,1440,456,1
13258042_2560_1440_30fps_t18.45_f0553.jpg,13258042_2560_1440_30fps.mp4,18.45,553,2560,1440,457,1
13258042_2560_1440_30fps_t18.52_f0555.jpg,13258042_2560_1440_30fps.mp4,18.52,555,2560,1440,458,1
13258042_2560_1440_30fps_t18.69_f0560.jpg,13258042_2560_1440_30fps.mp4,18.69,560,2560,1440,459,1
13258042_2560_1440_30fps_t18.92_f0567.jpg,13258042_2560_1440_30fps.mp4,18.92,567,2560,1440,460,1
13258042_2560_1440_30fps_t19.02_f0570.jpg,13258042_2560_1440_30fps.mp4,19.02,570,2560,1440,461,1
13258042_2560_1440_30fps_t19.15_f0574.jpg,13258042_2560_1440_30fps.mp4,19.15,574,2560,1440,462,1
13258042_2560_1440_30fps_t19.39_f0581.jpg,13258042_2560_1440_30fps.mp4,19.39,581,2560,1440,463,1
13258042_2560_1440_30fps_t19.52_f0585.jpg,13258042_2560_1440_30fps.mp4,19.52,585,2560,1440,463,0
13258042_2560_1440_30fps_t19.62_f0588.jpg,13258042_2560_1440_30fps.mp4,19.62,588,2560,1440,464,1
13258042_2560_1440_30fps_t19.85_f0595.jpg,13258042_2560_1440_30fps.mp4,19.85,595,2560,1440,465,1
19832490_hd_1920_1080_25fps_t00.00_f0000.jpg,19832490-hd_1920_1080_25fps.mp4,0.00,0,1920,1080,466,1
19832490_hd_1920_1080_25fps_t00.24_f0006.jpg,19832490-hd_1920_1080_25fps.mp4,0.24,6,1920,1080,467,1
19832490_hd_1920_1080_25fps_t00.48_f0012.jpg,19832490-hd_1920_1080_25fps.mp4,0.48,12,1920,1080,468,1
19832490_hd_1920_1080_25fps_t00.72_f0018.jpg,19832490-hd_1920_1080_25fps.mp4,0.72,18,1920,1080,469,1
19832490_hd_1920_1080_25fps_t00.96_f0024.jpg,19832490-hd_1920_1080_25fps.mp4,0.96,24,1920,1080,470,1
19832490_hd_1920_1080_25fps_t01.20_f0030.jpg,19832490-hd_1920_1080_25fps.mp4,1.20,30,1920,1080,471,1
19832490_hd_1920_1080_25fps_t01.44_f0036.jpg,19832490-hd_1920_1080_25fps.mp4,1.44,36,1920,1080,472,1
19832490_hd_1920_1080_25fps_t01.68_f0042.jpg,19832490-hd_1920_1080_25fps.mp4,1.68,42,1920,1080,473,1
19832490_hd_1920_1080_25fps_t01.92_f0048.jpg,19832490-hd_1920_1080_25fps.mp4,1.92,48,1920,1080,474,1
19832490_hd_1920_1080_25fps_t02.16_f0054.jpg,19832490-hd_1920_1080_25fps.mp4,2.16,54,1920,1080,475,1
19832490_hd_1920_1080_25fps_t02.40_f0060.jpg,19832490-hd_1920_1080_25fps.mp4,2.40,60,1920,1080,476,1
19832490_hd_1920_1080_25fps_t02.64_f0066.jpg,19832490-hd_1920_1080_25fps.mp4,2.64,66,1920,1080,477,1
19832490_hd_1920_1080_25fps_t02.88_f0072.jpg,19832490-hd_1920_1080_25fps.mp4,2.88,72,1920,1080,478,1
19832490_hd_1920_1080_25fps_t03.12_f0078.jpg,19832490-hd_1920_1080_25fps.mp4,3.12,78,1920,1080,479,1
19832490_hd_1920_1080_25fps_t03.36_f0084.jpg,19832490-hd_1920_1080_25fps.mp4,3.36,84,1920,1080,480,1
19832490_hd_1920_1080_25fps_t03.60_f0090.jpg,19832490-hd_1920_1080_25fps.mp4,3.60,90,1920,1080,481,1
19832490_hd_1920_1080_25fps_t03.84_f0096.jpg,19832490-hd_1920_1080_25fps.mp4,3.84,96,1920,1080,482,1
19832490_hd_1920_1080_25fps_t04.08_f0102.jpg,19832490-hd_1920_1080_25fps.mp4,4.08,102,1920,1080,482,0
19832490_hd_1920_1080_25fps_t04.32_f0108.jpg,19832490-hd_1920_1080_25fps.mp4,4.32,108,1920,1080,483,1
19832490_hd_1920_1080_25fps_t04.56_f0114.jpg,19832490-hd_1920_1080_25fps.mp4,4.56,114,1920,1080,484,1
19832490_hd_1920_1080_25fps_t04.80_f0120.jpg,19832490-hd_1920_1080_25fps.mp4,4.80,120,1920,1080,484,0
19832490_hd_1920_1080_25fps_t05.04_f0126.jpg,19832490-hd_1920_1080_25fps.mp4,5.04,126,1920,1080,484,0
19832490_hd_1920_1080_25fps_t05.28_f0132.jpg,19832490-hd_1920_1080_25fps.mp4,5.28,132,1920,1080,485,1
19832490_hd_1920_1080_25fps_t05.52_f0138.jpg,19832490-hd_1920_1080_25fps.mp4,5.52,138,1920,1080,485,0
4017518657_preview_t00.00_f0000.jpg,4017518657-preview.mp4,0.00,0,898,506,486,1
4017518657_preview_t00.23_f0007.jpg,4017518657-preview.mp4,0.23,7,898,506,487,1
4017518657_preview_t00.47_f0014.jpg,4017518657-preview.mp4,0.47,14,898,506,487,0
4017518657_preview_t00.50_f0015.jpg,4017518657-preview.mp4,0.50,15,898,506,487,0
4017518657_preview_t00.70_f0021.jpg,4017518657-preview.mp4,0.70,21,898,506,488,1
4017518657_preview_t00.93_f0028.jpg,4017518657-preview.mp4,0.93,28,898,506,489,1
4017518657_preview_t01.00_f0030.jpg,4017518657-preview.mp4,1.00,30,898,506,490,1
4017518657_preview_t01.17_f0035.jpg,4017518657-preview.mp4,1.17,35,898,506,491,1
4017518657_preview_t01.40_f0042.jpg,4017518657-preview.mp4,1.40,42,898,506,492,1
4017518657_preview_t01.50_f0045.jpg,4017518657-preview.mp4,1.50,45,898,506,492,0
4017518657_preview_t01.63_f0049.jpg,4017518657-preview.mp4,1.63,49,898,506,493,1
4017518657_preview_t01.87_f0056.jpg,4017518657-preview.mp4,1.87,56,898,506,494,1
4017518657_preview_t02.00_f0060.jpg,4017518657-preview.mp4,2.00,60,898,506,495,1
4017518657_preview_t02.10_f0063.jpg,4017518657-preview.mp4,2.10,63,898,506,495,0
4017518657_preview_t02.34_f0070.jpg,4017518657-preview.mp4,2.34,70,898,506,496,1
4017518657_preview_t02.50_f0075.jpg,4017518657-preview.mp4,2.50,75,898,506,497,1
4017518657_preview_t02.57_f0077.jpg,4017518657-preview.mp4,2.57,77,898,506,498,1
4017518657_preview_t02.80_f0084.jpg,4017518657-preview.mp4,2.80,84,898,506,499,1
4017518657_preview_t03.00_f0090.jpg,4017518657-preview.mp4,3.00,90,898,506,500,1
4017518657_preview_t03.04_f0091.jpg,4017518657-preview.mp4,3.04,91,898,506,500,0
4017518657_preview_t03.27_f0098.jpg,4017518657-preview.mp4,3.27,98,898,506,501,1
4017518657_preview_t03.50_f0105.jpg,4017518657-preview.mp4,3.50,105,898,506,502,1
4017518657_preview_t03.74_f0112.jpg,4017518657-preview.mp4,3.74,112,898,506,503,1
4017518657_preview_t03.97_f0119.jpg,4017518657-preview.mp4,3.97,119,898,506,504,1
4017518657_preview_t04.00_f0120.jpg,4017518657-preview.mp4,4.00,120,898,506,504,0
4017518657_preview_t04.20_f0126.jpg,4017518657-preview.mp4,4.20,126,898,506,505,1
4017518657_preview_t04.44_f0133.jpg,4017518657-preview.mp4,4.44,133,898,506,506,1
4017518657_preview_t04.50_f0135.jpg,4017518657-preview.mp4,4.50,135,898,506,506,0
4017518657_preview_t04.67_f0140.jpg,4017518657-preview.mp4,4.67,140,898,506,506,0
4017518657_preview_t04.90_f0147.jpg,4017518657-preview.mp4,4.90,147,898,506,507,1
4017518657_preview_t05.00_f0150.jpg,4017518657-preview.mp4,5.00,150,898,506,508,1
4017518657_preview_t05.14_f0154.jpg,4017518657-preview.mp4,5.14,154,898,506,509,1
4017518657_preview_t05.37_f0161.jpg,4017518657-preview.mp4,5.37,161,898,506,510,1
4017518657_preview_t05.51_f0165.jpg,4017518657-preview.mp4,5.51,165,898,506,511,1
4017518657_preview_t05.61_f0168.jpg,4017518657-preview.mp4,5.61,168,898,506,511,0
4017518657_preview_t05.84_f0175.jpg,4017518657-preview.mp4,5.84,175,898,506,512,1
4017518657_preview_t06.01_f0180.jpg,4017518657-preview.mp4,6.01,180,898,506,513,1
4017518657_preview_t06.07_f0182.jpg,4017518657-preview.mp4,6.07,182,898,506,513,0
4017518657_preview_t06.31_f0189.jpg,4017518657-preview.mp4,6.31,189,898,506,514,1
4017518657_preview_t06.51_f0195.jpg,4017518657-preview.mp4,6.51,195,898,506,514,0
4017518657_preview_t06.54_f0196.jpg,4017518657-preview.mp4,6.54,196,898,506,514,0
4017518657_preview_t06.77_f0203.jpg,4017518657-preview.mp4,6.77,203,898,506,515,1
4017518657_preview_t07.01_f0210.jpg,4017518657-preview.mp4,7.01,210,898,506,515,0
4017518657_preview_t07.24_f0217.jpg,4017518657-preview.mp4,7.24,217,898,506,516,1
4017518657_preview_t07.47_f0224.jpg,4017518657-preview.mp4,7.47,224,898,506,516,0
4017518657_preview_t07.51_f0225.jpg,4017518657-preview.mp4,7.51,225,898,506,516,0
4017518657_preview_t07.71_f0231.jpg,4017518657-preview.mp4,7.71,231,898,506,517,1
4042251183_preview_t00.00_f0000.jpg,4042251183-preview.mp4,0.00,0,900,474,518,1
4042251183_preview_t00.24_f0012.jpg,4042251183-preview.mp4,0.24,12,900,474,519,1
4042251183_preview_t00.48_f0024.jpg,4042251183-preview.mp4,0.48,24,900,474,520,1
4042251183_preview_t00.50_f0025.jpg,4042251183-preview.mp4,0.50,25,900,474,520,0
4042251183_preview_t00.72_f0036.jpg,4042251183-preview.mp4,0.72,36,900,474,520,0
4042251183_preview_t00.96_f0048.jpg,4042251183-preview.mp4,0.96,48,900,474,521,1
4042251183_preview_t01.00_f0050.jpg,4042251183-preview.mp4,1.00,50,900,474,521,0
4042251183_preview_t01.20_f0060.jpg,4042251183-preview.mp4,1.20,60,900,474,522,1
4042251183_preview_t01.44_f0072.jpg,4042251183-preview.mp4,1.44,72,900,474,523,1
4042251183_preview_t01.50_f0075.jpg,4042251183-preview.mp4,1.50,75,900,474,524,1
4042251183_preview_t01.68_f0084.jpg,4042251183-preview.mp4,1.68,84,900,474,525,1
4042251183_preview_t01.92_f0096.jpg,4042251183-preview.mp4,1.92,96,900,474,526,1
4042251183_preview_t02.00_f0100.jpg,4042251183-preview.mp4,2.00,100,900,474,526,0
4042251183_preview_t02.16_f0108.jpg,4042251183-preview.mp4,2.16,108,900,474,526,0
4042251183_preview_t02.40_f0120.jpg,4042251183-preview.mp4,2.40,120,900,474,527,1
4042251183_preview_t02.50_f0125.jpg,4042251183-preview.mp4,2.50,125,900,474,527,0
4042251183_preview_t02.64_f0132.jpg,4042251183-preview.mp4,2.64,132,900,474,528,1
4042251183_preview_t02.88_f0144.jpg,4042251183-preview.mp4,2.88,144,900,474,528,0
4042251183_preview_t03.00_f0150.jpg,4042251183-preview.mp4,3.00,150,900,474,529,1
4042251183_preview_t03.12_f0156.jpg,4042251183-preview.mp4,3.12,156,900,474,530,1
4042251183_preview_t03.36_f0168.jpg,4042251183-preview.mp4,3.36,168,900,474,531,1
4042251183_preview_t03.50_f0175.jpg,4042251183-preview.mp4,3.50,175,900,474,532,1
4042251183_preview_t03.60_f0180.jpg,4042251183-preview.mp4,3.60,180,900,474,532,0
4042251183_preview_t03.84_f0192.jpg,4042251183-preview.mp4,3.84,192,900,474,532,0
4042251183_preview_t04.00_f0200.jpg,4042251183-preview.mp4,4.00,200,900,474,532,0
4042251183_preview_t04.08_f0204.jpg,4042251183-preview.mp4,4.08,204,900,474,532,0
4042251183_preview_t04.32_f0216.jpg,4042251183-preview.mp4,4.32,216,900,474,532,0
4042251183_preview_t04.50_f0225.jpg,4042251183-preview.mp4,4.50,225,900,474,533,1
4042251183_preview_t04.56_f0228.jpg,4042251183-preview.mp4,4.56,228,900,474,533,0
4042251183_preview_t04.80_f0240.jpg,4042251183-preview.mp4,4.80,240,900,474,534,1
4042251183_preview_t05.00_f0250.jpg,4042251183-preview.mp4,5.00,250,900,474,535,1
4042251183_preview_t05.04_f0252.jpg,4042251183-preview.mp4,5.04,252,900,474,535,0
4042251183_preview_t05.28_f0264.jpg,4042251183-preview.mp4,5.28,264,900,474,535,0
4042251183_preview_t05.50_f0275.jpg,4042251183-preview.mp4,5.50,275,900,474,536,1
4042251183_preview_t05.52_f0276.jpg,4042251183-preview.mp4,5.52,276,900,474,536,0
4042251183_preview_t05.76_f0288.jpg,4042251183-preview.mp4,5.76,288,900,474,537,1
4042251183_preview_t06.00_f0300.jpg,4042251183-preview.mp4,6.00,300,900,474,537,0
4042251183_preview_t06.24_f0312.jpg,4042251183-preview.mp4,6.24,312,900,474,538,1
4042251183_preview_t06.48_f0324.jpg,4042251183-preview.mp4,6.48,324,900,474,539,1
4042251183_preview_t06.50_f0325.jpg,4042251183-preview.mp4,6.50,325,900,474,539,0
4042251183_preview_t06.72_f0336.jpg,4042251183-preview.mp4,6.72,336,900,474,540,1
4042251183_preview_t06.96_f0348.jpg,4042251183-preview.mp4,6.96,348,900,474,540,0
4042251183_preview_t07.00_f0350.jpg,4042251183-preview.mp4,7.00,350,900,474,540,0
4042251183_preview_t07.20_f0360.jpg,4042251183-preview.mp4,7.20,360,900,474,541,1
4042251183_preview_t07.44_f0372.jpg,4042251183-preview.mp4,7.44,372,900,474,542,1
4042251183_preview_t07.50_f0375.jpg,4042251183-preview.mp4,7.50,375,900,474,542,0
4042251183_preview_t07.68_f0384.jpg,4042251183-preview.mp4,7.68,384,900,474,543,1
4042251183_preview_t07.92_f0396.jpg,4042251183-preview.mp4,7.92,396,900,474,544,1
4042251183_preview_t08.00_f0400.jpg,4042251183-preview.mp4,8.00,400,900,474,544,0
4042251183_preview_t08.16_f0408.jpg,4042251183-preview.mp4,8.16,408,900,474,544,0
4042251183_preview_t08.40_f0420.jpg,4042251183-preview.mp4,8.40,420,900,474,545,1
4042251183_preview_t08.50_f0425.jpg,4042251183-preview.mp4,8.50,425,900,474,546,1
4042251183_preview_t08.64_f0432.jpg,4042251183-preview.mp4,8.64,432,900,474,547,1
4042251183_preview_t08.88_f0444.jpg,4042251183-preview.mp4,8.88,444,900,474,548,1
4042251183_preview_t09.00_f0450.jpg,4042251183-preview.mp4,9.00,450,900,474,549,1
4042251183_preview_t09.12_f0456.jpg,4042251183-preview.mp4,9.12,456,900,474,549,0
4042251183_preview_t09.36_f0468.jpg,4042251183-preview.mp4,9.36,468,900,474,550,1
4042251183_preview_t09.50_f0475.jpg,4042251183-preview.mp4,9.50,475,900,474,551,1
4042251183_preview_t09.60_f0480.jpg,4042251183-preview.mp4,9.60,480,900,474,551,0
4042251183_preview_t09.84_f0492.jpg,4042251183-preview.mp4,9.84,492,900,474,552,1
4042251183_preview_t10.00_f0500.jpg,4042251183-preview.mp4,10.00,500,900,474,552,0
4042251183_preview_t10.08_f0504.jpg,4042251183-preview.mp4,10.08,504,900,474,553,1
4042251183_preview_t10.32_f0516.jpg,4042251183-preview.mp4,10.32,516,900,474,553,0
4042251183_preview_t10.50_f0525.jpg,4042251183-preview.mp4,10.50,525,900,474,553,0
4042251183_preview_t10.56_f0528.jpg,4042251183-preview.mp4,10.56,528,900,474,553,0
4042251183_preview_t10.80_f0540.jpg,4042251183-preview.mp4,10.80,540,900,474,554,1
4042251183_preview_t11.00_f0550.jpg,4042251183-preview.mp4,11.00,550,900,474,555,1
4042251183_preview_t11.04_f0552.jpg,4042251183-preview.mp4,11.04,552,900,474,555,0
4042251183_preview_t11.28_f0564.jpg,4042251183-preview.mp4,11.28,564,900,474,556,1
4042251183_preview_t11.50_f0575.jpg,4042251183-preview.mp4,11.50,575,900,474,557,1
4042251183_preview_t11.52_f0576.jpg,4042251183-preview.mp4,11.52,576,900,474,557,0
4042251183_preview_t11.76_f0588.jpg,4042251183-preview.mp4,11.76,588,900,474,558,1
4042251183_preview_t12.00_f0600.jpg,4042251183-preview.mp4,12.00,600,900,474,558,0
4042251183_preview_t12.24_f0612.jpg,4042251183-preview.mp4,12.24,612,900,474,559,1
4042251183_preview_t12.48_f0624.jpg,4042251183-preview.mp4,12.48,624,900,474,560,1
4042251183_preview_t12.50_f0625.jpg,4042251183-preview.mp4,12.50,625,900,474,561,1
4042251183_preview_t12.72_f0636.jpg,4042251183-preview.mp4,12.72,636,900,474,562,1
4042251183_preview_t12.96_f0648.jpg,4042251183-preview.mp4,12.96,648,900,474,562,0
4042251183_preview_t13.00_f0650.jpg,4042251183-preview.mp4,13.00,650,900,474,562,0
4042251183_preview_t13.20_f0660.jpg,4042251183-preview.mp4,13.20,660,900,474,563,1
4042251183_preview_t13.44_f0672.jpg,4042251183-preview.mp4,13.44,672,900,474,563,0
4042251183_preview_t13.50_f0675.jpg,4042251183-preview.mp4,13.50,675,900,474,563,0
4042251183_preview_t13.68_f0684.jpg,4042251183-preview.mp4,13.68,684,900,474,563,0
4042251183_preview_t13.92_f0696.jpg,4042251183-preview.mp4,13.92,696,900,474,564,1
4042251183_preview_t14.00_f0700.jpg,4042251183-preview.mp4,14.00,700,900,474,564,0
4042251183_preview_t14.16_f0708.jpg,4042251183-preview.mp4,14.16,708,900,474,564,0
4042251183_preview_t14.40_f0720.jpg,4042251183-preview.mp4,14.40,720,900,474,564,0
4042251183_preview_t14.50_f0725.jpg,4042251183-preview.mp4,14.50,725,900,474,564,0
4042251183_preview_t14.64_f0732.jpg,4042251183-preview.mp4,14.64,732,900,474,564,0
4042251183_preview_t14.88_f0744.jpg,4042251183-preview.mp4,14.88,744,900,474,564,0
4042251183_preview_t15.00_f0750.jpg,4042251183-preview.mp4,15.00,750,900,474,564,0
4042251183_preview_t15.12_f0756.jpg,4042251183-preview.mp4,15.12,756,900,474,565,1
4048038451_preview_t00.00_f0000.jpg,4048038451-preview.mp4,0.00,0,898,506,566,1
4048038451_preview_t00.24_f0006.jpg,4048038451-preview.mp4,0.24,6,898,506,567,1
4048038451_preview_t00.48_f0012.jpg,4048038451-preview.mp4,0.48,12,898,506,568,1
4048038451_preview_t00.72_f0018.jpg,4048038451-preview.mp4,0.72,18,898,506,569,1
4048038451_preview_t00.96_f0024.jpg,4048038451-preview.mp4,0.96,24,898,506,570,1
4048038451_preview_t01.20_f0030.jpg,4048038451-preview.mp4,1.20,30,898,506,570,0
4048038451_preview_t01.44_f0036.jpg,4048038451-preview.mp4,1.44,36,898,506,570,0
4048038451_preview_t01.68_f0042.jpg,4048038451-preview.mp4,1.68,42,898,506,570,0
4048038451_preview_t01.92_f0048.jpg,4048038451-preview.mp4,1.92,48,898,506,571,1
4048038451_preview_t02.16_f0054.jpg,4048038451-preview.mp4,2.16,54,898,506,572,1
4048038451_preview_t02.40_f0060.jpg,4048038451-preview.mp4,2.40,60,898,506,572,0
4048038451_preview_t02.64_f0066.jpg,4048038451-preview.mp4,2.64,66,898,506,573,1
4048038451_preview_t02.88_f0072.jpg,4048038451-preview.mp4,2.88,72,898,506,574,1
4048038451_preview_t03.12_f0078.jpg,4048038451-preview.mp4,3.12,78,898,506,575,1
4048038451_preview_t03.36_f0084.jpg,4048038451-preview.mp4,3.36,84,898,506,576,1
4048038451_preview_t03.60_f0090.jpg,4048038451-preview.mp4,3.60,90,898,506,576,0
4048038451_preview_t03.84_f0096.jpg,4048038451-preview.mp4,3.84,96,898,506,577,1
4048038451_preview_t04.08_f0102.jpg,4048038451-preview.mp4,4.08,102,898,506,577,0
4048038451_preview_t04.32_f0108.jpg,4048038451-preview.mp4,4.32,108,898,506,578,1
4048038451_preview_t04.56_f0114.jpg,4048038451-preview.mp4,4.56,114,898,506,578,0
4048038451_preview_t04.80_f0120.jpg,4048038451-preview.mp4,4.80,120,898,506,578,0
4048038451_preview_t05.04_f0126.jpg,4048038451-preview.mp4,5.04,126,898,506,579,1
4048038451_preview_t05.28_f0132.jpg,4048038451-preview.mp4,5.28,132,898,506,580,1
4048038451_preview_t05.52_f0138.jpg,4048038451-preview.mp4,5.52,138,898,506,581,1
4048038451_preview_t05.76_f0144.jpg,4048038451-preview.mp4,5.76,144,898,506,581,0
4048038451_preview_t06.00_f0150.jpg,4048038451-preview.mp4,6.00,150,898,506,582,1
4048038451_preview_t06.24_f0156.jpg,4048038451-preview.mp4,6.24,156,898,506,583,1
4048038451_preview_t06.48_f0162.jpg,4048038451-preview.mp4,6.48,162,898,506,583,0
4048038451_preview_t06.72_f0168.jpg,4048038451-preview.mp4,6.72,168,898,506,584,1
4048038451_preview_t06.96_f0174.jpg,4048038451-preview.mp4,6.96,174,898,506,584,0
4048038451_preview_t07.20_f0180.jpg,4048038451-preview.mp4,7.20,180,898,506,584,0
4048038451_preview_t07.44_f0186.jpg,4048038451-preview.mp4,7.44,186,898,506,585,1
4048038451_preview_t07.68_f0192.jpg,4048038451-preview.mp4,7.68,192,898,506,585,0
4048038451_preview_t07.92_f0198.jpg,4048038451-preview.mp4,7.92,198,898,506,586,1
4048038451_preview_t08.16_f0204.jpg,4048038451-preview.mp4,8.16,204,898,506,587,1
4048038451_preview_t08.40_f0210.jpg,4048038451-preview.mp4,8.40,210,898,506,588,1
4048038451_preview_t08.64_f0216.jpg,4048038451-preview.mp4,8.64,216,898,506,589,1
4048038451_preview_t08.88_f0222.jpg,4048038451-preview.mp4,8.88,222,898,506,589,0
4048038451_preview_t09.12_f0228.jpg,4048038451-preview.mp4,9.12,228,898,506,590,1
4048038451_preview_t09.36_f0234.jpg,4048038451-preview.mp4,9.36,234,898,506,591,1
4048038451_preview_t09.60_f0240.jpg,4048038451-preview.mp4,9.60,240,898,506,591,0
4048038451_preview_t09.84_f0246.jpg,4048038451-preview.mp4,9.84,246,898,506,591,0
4048038451_preview_t10.08_f0252.jpg,4048038451-preview.mp4,10.08,252,898,506,592,1
4048038451_preview_t10.32_f0258.jpg,4048038451-preview.mp4,10.32,258,898,506,593,1
4048038451_preview_t10.56_f0264.jpg,4048038451-preview.mp4,10.56,264,898,506,593,0
4048038451_preview_t10.80_f0270.jpg,4048038451-preview.mp4,10.80,270,898,506,594,1
4048038451_preview_t11.04_f0276.jpg,4048038451-preview.mp4,11.04,276,898,506,594,0
4048038451_preview_t11.28_f0282.jpg,4048038451-preview.mp4,11.28,282,898,506,595,1
4048038451_preview_t11.52_f0288.jpg,4048038451-preview.mp4,11.52,288,898,506,595,0
4048038451_preview_t11.76_f0294.jpg,4048038451-preview.mp4,11.76,294,898,506,596,1
4048038451_preview_t12.00_f0300.jpg,4048038451-preview.mp4,12.00,300,898,506,596,0
4161358813_preview_t00.00_f0000.jpg,4161358813-preview.mp4,0.00,0,900,506,597,1
4161358813_preview_t00.27_f0008.jpg,4161358813-preview.mp4,0.27,8,900,506,597,0
4161358813_preview_t00.50_f0015.jpg,4161358813-preview.mp4,0.50,15,900,506,597,0
4161358813_preview_t00.53_f0016.jpg,4161358813-preview.mp4,0.53,16,900,506,597,0
4161358813_preview_t00.80_f0024.jpg,4161358813-preview.mp4,0.80,24,900,506,598,1
4161358813_preview_t01.00_f0030.jpg,4161358813-preview.mp4,1.00,30,900,506,598,0
4161358813_preview_t01.07_f0032.jpg,4161358813-preview.mp4,1.07,32,900,506,598,0
4161358813_preview_t01.33_f0040.jpg,4161358813-preview.mp4,1.33,40,900,506,598,0
4161358813_preview_t01.50_f0045.jpg,4161358813-preview.mp4,1.50,45,900,506,599,1
4161358813_preview_t01.60_f0048.jpg,4161358813-preview.mp4,1.60,48,900,506,600,1
4161358813_preview_t01.87_f0056.jpg,4161358813-preview.mp4,1.87,56,900,506,601,1
4161358813_preview_t02.00_f0060.jpg,4161358813-preview.mp4,2.00,60,900,506,601,0
4161358813_preview_t02.13_f0064.jpg,4161358813-preview.mp4,2.13,64,900,506,602,1
4161358813_preview_t02.40_f0072.jpg,4161358813-preview.mp4,2.40,72,900,506,603,1
4161358813_preview_t02.50_f0075.jpg,4161358813-preview.mp4,2.50,75,900,506,603,0
4161358813_preview_t02.67_f0080.jpg,4161358813-preview.mp4,2.67,80,900,506,604,1
4161358813_preview_t02.93_f0088.jpg,4161358813-preview.mp4,2.93,88,900,506,605,1
4161358813_preview_t03.00_f0090.jpg,4161358813-preview.mp4,3.00,90,900,506,605,0
4161358813_preview_t03.20_f0096.jpg,4161358813-preview.mp4,3.20,96,900,506,606,1
4161358813_preview_t03.47_f0104.jpg,4161358813-preview.mp4,3.47,104,900,506,607,1
4161358813_preview_t03.50_f0105.jpg,4161358813-preview.mp4,3.50,105,900,506,608,1
4161358813_preview_t03.73_f0112.jpg,4161358813-preview.mp4,3.73,112,900,506,609,1
4161358813_preview_t04.00_f0120.jpg,4161358813-preview.mp4,4.00,120,900,506,610,1
4161358813_preview_t04.27_f0128.jpg,4161358813-preview.mp4,4.27,128,900,506,610,0
4161358813_preview_t04.50_f0135.jpg,4161358813-preview.mp4,4.50,135,900,506,611,1
4161358813_preview_t04.53_f0136.jpg,4161358813-preview.mp4,4.53,136,900,506,611,0
4161358813_preview_t04.80_f0144.jpg,4161358813-preview.mp4,4.80,144,900,506,612,1
4161358813_preview_t05.00_f0150.jpg,4161358813-preview.mp4,5.00,150,900,506,612,0
4161358813_preview_t05.07_f0152.jpg,4161358813-preview.mp4,5.07,152,900,506,612,0
4161358813_preview_t05.33_f0160.jpg,4161358813-preview.mp4,5.33,160,900,506,613,1
4161358813_preview_t05.50_f0165.jpg,4161358813-preview.mp4,5.50,165,900,506,613,0
4161358813_preview_t05.60_f0168.jpg,4161358813-preview.mp4,5.60,168,900,506,614,1
4161358813_preview_t05.87_f0176.jpg,4161358813-preview.mp4,5.87,176,900,506,615,1
4161358813_preview_t06.00_f0180.jpg,4161358813-preview.mp4,6.00,180,900,506,615,0
4161358813_preview_t06.13_f0184.jpg,4161358813-preview.mp4,6.13,184,900,506,616,1
4161358813_preview_t06.40_f0192.jpg,4161358813-preview.mp4,6.40,192,900,506,617,1
4161358813_preview_t06.50_f0195.jpg,4161358813-preview.mp4,6.50,195,900,506,617,0
4161358813_preview_t06.67_f0200.jpg,4161358813-preview.mp4,6.67,200,900,506,618,1
4161358813_preview_t06.93_f0208.jpg,4161358813-preview.mp4,6.93,208,900,506,618,0
4161358813_preview_t07.00_f0210.jpg,4161358813-preview.mp4,7.00,210,900,506,618,0
4161358813_preview_t07.20_f0216.jpg,4161358813-preview.mp4,7.20,216,900,506,619,1
4161358813_preview_t07.47_f0224.jpg,4161358813-preview.mp4,7.47,224,900,506,619,0
4161358813_preview_t07.50_f0225.jpg,4161358813-preview.mp4,7.50,225,900,506,619,0
4161358813_preview_t07.73_f0232.jpg,4161358813-preview.mp4,7.73,232,900,506,620,1
4161358813_preview_t08.00_f0240.jpg,4161358813-preview.mp4,8.00,240,900,506,620,0
4161358813_preview_t08.27_f0248.jpg,4161358813-preview.mp4,8.27,248,900,506,621,1
4161358813_preview_t08.50_f0255.jpg,4161358813-preview.mp4,8.50,255,900,506,622,1
4161358813_preview_t08.53_f0256.jpg,4161358813-preview.mp4,8.53,256,900,506,622,0
4161358813_preview_t08.80_f0264.jpg,4161358813-preview.mp4,8.80,264,900,506,622,0
4161358813_preview_t09.00_f0270.jpg,4161358813-preview.mp4,9.00,270,900,506,622,0
4161358813_preview_t09.07_f0272.jpg,4161358813-preview.mp4,9.07,272,900,506,622,0
4161358813_preview_t09.33_f0280.jpg,4161358813-preview.mp4,9.33,280,900,506,622,0
4161358813_preview_t09.50_f0285.jpg,4161358813-preview.mp4,9.50,285,900,506,622,0
4161358813_preview_t09.60_f0288.jpg,4161358813-preview.mp4,9.60,288,900,506,623,1
4161358813_preview_t09.87_f0296.jpg,4161358813-preview.mp4,9.87,296,900,506,624,1
4161358813_preview_t10.00_f0300.jpg,4161358813-preview.mp4,10.00,300,900,506,624,0
4161358813_preview_t10.13_f0304.jpg,4161358813-preview.mp4,10.13,304,900,506,625,1
4161358813_preview_t10.40_f0312.jpg,4161358813-preview.mp4,10.40,312,900,506,626,1
4161358813_preview_t10.50_f0315.jpg,4161358813-preview.mp4,10.50,315,900,506,626,0
4161358813_preview_t10.67_f0320.jpg,4161358813-preview.mp4,10.67,320,900,506,626,0
4161358813_preview_t10.93_f0328.jpg,4161358813-preview.mp4,10.93,328,900,506,626,0
4161358813_preview_t11.00_f0330.jpg,4161358813-preview.mp4,11.00,330,900,506,627,1
4161358813_preview_t11.20_f0336.jpg,4161358813-preview.mp4,11.20,336,900,506,628,1
4161358813_preview_t11.47_f0344.jpg,4161358813-preview.mp4,11.47,344,900,506,629,1
4161358813_preview_t11.50_f0345.jpg,4161358813-preview.mp4,11.50,345,900,506,629,0
8482302_hd_1920_1080_25fps_t00.00_f0000.jpg,8482302-hd_1920_1080_25fps.mp4,0.00,0,1920,1080,630,1
8482302_hd_1920_1080_25fps_t00.24_f0006.jpg,8482302-hd_1920_1080_25fps.mp4,0.24,6,1920,1080,631,1
8482302_hd_1920_1080_25fps_t00.48_f0012.jpg,8482302-hd_1920_1080_25fps.mp4,0.48,12,1920,1080,631,0
8482302_hd_1920_1080_25fps_t00.72_f0018.jpg,8482302-hd_1920_1080_25fps.mp4,0.72,18,1920,1080,632,1
8482302_hd_1920_1080_25fps_t00.96_f0024.jpg,8482302-hd_1920_1080_25fps.mp4,0.96,24,1920,1080,633,1
8482302_hd_1920_1080_25fps_t01.20_f0030.jpg,8482302-hd_1920_1080_25fps.mp4,1.20,30,1920,1080,633,0
8482302_hd_1920_1080_25fps_t01.44_f0036.jpg,8482302-hd_1920_1080_25fps.mp4,1.44,36,1920,1080,634,1
8482302_hd_1920_1080_25fps_t01.68_f0042.jpg,8482302-hd_1920_1080_25fps.mp4,1.68,42,1920,1080,634,0
8482302_hd_1920_1080_25fps_t01.92_f0048.jpg,8482302-hd_1920_1080_25fps.mp4,1.92,48,1920,1080,635,1
8482302_hd_1920_1080_25fps_t02.16_f0054.jpg,8482302-hd_1920_1080_25fps.mp4,2.16,54,1920,1080,635,0
8482302_hd_1920_1080_25fps_t02.40_f0060.jpg,8482302-hd_1920_1080_25fps.mp4,2.40,60,1920,1080,636,1
8482302_hd_1920_1080_25fps_t02.64_f0066.jpg,8482302-hd_1920_1080_25fps.mp4,2.64,66,1920,1080,636,0
8482302_hd_1920_1080_25fps_t02.88_f0072.jpg,8482302-hd_1920_1080_25fps.mp4,2.88,72,1920,1080,636,0
8482302_hd_1920_1080_25fps_t03.12_f0078.jpg,8482302-hd_1920_1080_25fps.mp4,3.12,78,1920,1080,636,0
8482302_hd_1920_1080_25fps_t03.36_f0084.jpg,8482302-hd_1920_1080_25fps.mp4,3.36,84,1920,1080,636,0
8482302_hd_1920_1080_25fps_t03.60_f0090.jpg,8482302-hd_1920_1080_25fps.mp4,3.60,90,1920,1080,636,0
8482302_hd_1920_1080_25fps_t03.84_f0096.jpg,8482302-hd_1920_1080_25fps.mp4,3.84,96,1920,1080,636,0
8482302_hd_1920_1080_25fps_t04.08_f0102.jpg,8482302-hd_1920_1080_25fps.mp4,4.08,102,1920,1080,636,0
8482302_hd_1920_1080_25fps_t04.32_f0108.jpg,8482302-hd_1920_1080_25fps.mp4,4.32,108,1920,1080,636,0
8482302_hd_1920_1080_25fps_t04.56_f0114.jpg,8482302-hd_1920_1080_25fps.mp4,4.56,114,1920,1080,637,1
8482302_hd_1920_1080_25fps_t04.80_f0120.jpg,8482302-hd_1920_1080_25fps.mp4,4.80,120,1920,1080,637,0
8482302_hd_1920_1080_25fps_t05.04_f0126.jpg,8482302-hd_1920_1080_25fps.mp4,5.04,126,1920,1080,637,0
8482302_hd_1920_1080_25fps_t05.28_f0132.jpg,8482302-hd_1920_1080_25fps.mp4,5.28,132,1920,1080,637,0
8482302_hd_1920_1080_25fps_t05.52_f0138.jpg,8482302-hd_1920_1080_25fps.mp4,5.52,138,1920,1080,637,0
8482302_hd_1920_1080_25fps_t05.76_f0144.jpg,8482302-hd_1920_1080_25fps.mp4,5.76,144,1920,1080,638,1
8482302_hd_1920_1080_25fps_t06.00_f0150.jpg,8482302-hd_1920_1080_25fps.mp4,6.00,150,1920,1080,638,0
8482302_hd_1920_1080_25fps_t06.24_f0156.jpg,8482302-hd_1920_1080_25fps.mp4,6.24,156,1920,1080,638,0
8482302_hd_1920_1080_25fps_t06.48_f0162.jpg,8482302-hd_1920_1080_25fps.mp4,6.48,162,1920,1080,638,0
8482302_hd_1920_1080_25fps_t06.72_f0168.jpg,8482302-hd_1920_1080_25fps.mp4,6.72,168,1920,1080,638,0
8482302_hd_1920_1080_25fps_t06.96_f0174.jpg,8482302-hd_1920_1080_25fps.mp4,6.96,174,1920,1080,638,0
8482302_hd_1920_1080_25fps_t07.20_f0180.jpg,8482302-hd_1920_1080_25fps.mp4,7.20,180,1920,1080,639,1
8482302_hd_1920_1080_25fps_t07.44_f0186.jpg,8482302-hd_1920_1080_25fps.mp4,7.44,186,1920,1080,640,1
8482302_hd_1920_1080_25fps_t07.68_f0192.jpg,8482302-hd_1920_1080_25fps.mp4,7.68,192,1920,1080,640,0
8482302_hd_1920_1080_25fps_t07.92_f0198.jpg,8482302-hd_1920_1080_25fps.mp4,7.92,198,1920,1080,640,0
8482302_hd_1920_1080_25fps_t08.16_f0204.jpg,8482302-hd_1920_1080_25fps.mp4,8.16,204,1920,1080,640,0
8482302_hd_1920_1080_25fps_t08.40_f0210.jpg,8482302-hd_1920_1080_25fps.mp4,8.40,210,1920,1080,641,1
8482302_hd_1920_1080_25fps_t08.64_f0216.jpg,8482302-hd_1920_1080_25fps.mp4,8.64,216,1920,1080,641,0
8482302_hd_1920_1080_25fps_t08.88_f0222.jpg,8482302-hd_1920_1080_25fps.mp4,8.88,222,1920,1080,641,0
8482302_hd_1920_1080_25fps_t09.12_f0228.jpg,8482302-hd_1920_1080_25fps.mp4,9.12,228,1920,1080,642,1
8482302_hd_1920_1080_25fps_t09.36_f0234.jpg,8482302-hd_1920_1080_25fps.mp4,9.36,234,1920,1080,642,0
8482302_hd_1920_1080_25fps_t09.60_f0240.jpg,8482302-hd_1920_1080_25fps.mp4,9.60,240,1920,1080,643,1
8482302_hd_1920_1080_25fps_t09.84_f0246.jpg,8482302-hd_1920_1080_25fps.mp4,9.84,246,1920,1080,643,0
8482302_hd_1920_1080_25fps_t10.08_f0252.jpg,8482302-hd_1920_1080_25fps.mp4,10.08,252,1920,1080,644,1
8482302_hd_1920_1080_25fps_t10.32_f0258.jpg,8482302-hd_1920_1080_25fps.mp4,10.32,258,1920,1080,645,1
8482302_hd_1920_1080_25fps_t10.56_f0264.jpg,8482302-hd_1920_1080_25fps.mp4,10.56,264,1920,1080,645,0
8482302_hd_1920_1080_25fps_t10.80_f0270.jpg,8482302-hd_1920_1080_25fps.mp4,10.80,270,1920,1080,645,0
8482302_hd_1920_1080_25fps_t11.04_f0276.jpg,8482302-hd_1920_1080_25fps.mp4,11.04,276,1920,1080,646,1
8482302_hd_1920_1080_25fps_t11.28_f0282.jpg,8482302-hd_1920_1080_25fps.mp4,11.28,282,1920,1080,647,1
8482302_hd_1920_1080_25fps_t11.52_f0288.jpg,8482302-hd_1920_1080_25fps.mp4,11.52,288,1920,1080,647,0
8482302_hd_1920_1080_25fps_t11.76_f0294.jpg,8482302-hd_1920_1080_25fps.mp4,11.76,294,1920,1080,648,1
8482302_hd_1920_1080_25fps_t12.00_f0300.jpg,8482302-hd_1920_1080_25fps.mp4,12.00,300,1920,1080,648,0
8482302_hd_1920_1080_25fps_t12.24_f0306.jpg,8482302-hd_1920_1080_25fps.mp4,12.24,306,1920,1080,649,1
8482302_hd_1920_1080_25fps_t12.48_f0312.jpg,8482302-hd_1920_1080_25fps.mp4,12.48,312,1920,1080,650,1
8482302_hd_1920_1080_25fps_t12.72_f0318.jpg,8482302-hd_1920_1080_25fps.mp4,12.72,318,1920,1080,651,1
8482302_hd_1920_1080_25fps_t12.96_f0324.jpg,8482302-hd_1920_1080_25fps.mp4,12.96,324,1920,1080,651,0
8482302_hd_1920_1080_25fps_t13.20_f0330.jpg,8482302-hd_1920_1080_25fps.mp4,13.20,330,1920,1080,652,1
8482302_hd_1920_1080_25fps_t13.44_f0336.jpg,8482302-hd_1920_1080_25fps.mp4,13.44,336,1920,1080,652,0
8482302_hd_1920_1080_25fps_t13.68_f0342.jpg,8482302-hd_1920_1080_25fps.mp4,13.68,342,1920,1080,653,1
8482302_hd_1920_1080_25fps_t13.92_f0348.jpg,8482302-hd_1920_1080_25fps.mp4,13.92,348,1920,1080,654,1
8482302_hd_1920_1080_25fps_t14.16_f0354.jpg,8482302-hd_1920_1080_25fps.mp4,14.16,354,1920,1080,654,0
8482302_hd_1920_1080_25fps_t14.40_f0360.jpg,8482302-hd_1920_1080_25fps.mp4,14.40,360,1920,1080,654,0
8482302_hd_1920_1080_25fps_t14.64_f0366.jpg,8482302-hd_1920_1080_25fps.mp4,14.64,366,1920,1080,655,1
8482302_hd_1920_1080_25fps_t14.88_f0372.jpg,8482302-hd_1920_1080_25fps.mp4,14.88,372,1920,1080,656,1
8482302_hd_1920_1080_25fps_t15.12_f0378.jpg,8482302-hd_1920_1080_25fps.mp4,15.12,378,1920,1080,657,1
8482302_hd_1920_1080_25fps_t15.36_f0384.jpg,8482302-hd_1920_1080_25fps.mp4,15.36,384,1920,1080,658,1
8482302_hd_1920_1080_25fps_t15.60_f0390.jpg,8482302-hd_1920_1080_25fps.mp4,15.60,390,1920,1080,658,0
8482302_hd_1920_1080_25fps_t15.84_f0396.jpg,8482302-hd_1920_1080_25fps.mp4,15.84,396,1920,1080,659,1
8482302_hd_1920_1080_25fps_t16.08_f0402.jpg,8482302-hd_1920_1080_25fps.mp4,16.08,402,1920,1080,660,1
8482302_hd_1920_1080_25fps_t16.32_f0408.jpg,8482302-hd_1920_1080_25fps.mp4,16.32,408,1920,1080,661,1
8482302_hd_1920_1080_25fps_t16.56_f0414.jpg,8482302-hd_1920_1080_25fps.mp4,16.56,414,1920,1080,662,1
8482302_hd_1920_1080_25fps_t16.80_f0420.jpg,8482302-hd_1920_1080_25fps.mp4,16.80,420,1920,1080,663,1
8482302_hd_1920_1080_25fps_t17.04_f0426.jpg,8482302-hd_1920_1080_25fps.mp4,17.04,426,1920,1080,663,0
8482302_hd_1920_1080_25fps_t17.28_f0432.jpg,8482302-hd_1920_1080_25fps.mp4,17.28,432,1920,1080,664,1
8482302_hd_1920_1080_25fps_t17.52_f0438.jpg,8482302-hd_1920_1080_25fps.mp4,17.52,438,1920,1080,665,1
8482302_hd_1920_1080_25fps_t17.76_f0444.jpg,8482302-hd_1920_1080_25fps.mp4,17.76,444,1920,1080,666,1
8482302_hd_1920_1080_25fps_t18.00_f0450.jpg,8482302-hd_1920_1080_25fps.mp4,18.00,450,1920,1080,667,1
8482302_hd_1920_1080_25fps_t18.24_f0456.jpg,8482302-hd_1920_1080_25fps.mp4,18.24,456,1920,1080,668,1
8482302_hd_1920_1080_25fps_t18.48_f0462.jpg,8482302-hd_1920_1080_25fps.mp4,18.48,462,1920,1080,668,0
8482302_hd_1920_1080_25fps_t18.72_f0468.jpg,8482302-hd_1920_1080_25fps.mp4,18.72,468,1920,1080,669,1
8482302_hd_1920_1080_25fps_t18.96_f0474.jpg,8482302-hd_1920_1080_25fps.mp4,18.96,474,1920,1080,669,0
8482302_hd_1920_1080_25fps_t19.20_f0480.jpg,8482302-hd_1920_1080_25fps.mp4,19.20,480,1920,1080,669,0
8482302_hd_1920_1080_25fps_t19.44_f0486.jpg,8482302-hd_1920_1080_25fps.mp4,19.44,486,1920,1080,669,0
8482302_hd_1920_1080_25fps_t19.68_f0492.jpg,8482302-hd_1920_1080_25fps.mp4,19.68,492,1920,1080,670,1
8482302_hd_1920_1080_25fps_t19.92_f0498.jpg,8482302-hd_1920_1080_25fps.mp4,19.92,498,1920,1080,670,0
8482302_hd_1920_1080_25fps_t20.16_f0504.jpg,8482302-hd_1920_1080_25fps.mp4,20.16,504,1920,1080,670,0
8482302_hd_1920_1080_25fps_t20.40_f0510.jpg,8482302-hd_1920_1080_25fps.mp4,20.40,510,1920,1080,671,1
8482302_hd_1920_1080_25fps_t20.64_f0516.jpg,8482302-hd_1920_1080_25fps.mp4,20.64,516,1920,1080,671,0
8482302_hd_1920_1080_25fps_t20.88_f0522.jpg,8482302-hd_1920_1080_25fps.mp4,20.88,522,1920,1080,672,1
8482302_hd_1920_1080_25fps_t21.12_f0528.jpg,8482302-hd_1920_1080_25fps.mp4,21.12,528,1920,1080,673,1
8482302_hd_1920_1080_25fps_t21.36_f0534.jpg,8482302-hd_1920_1080_25fps.mp4,21.36,534,1920,1080,674,1
8482302_hd_1920_1080_25fps_t21.60_f0540.jpg,8482302-hd_1920_1080_25fps.mp4,21.60,540,1920,1080,674,0
8482302_hd_1920_1080_25fps_t21.84_f0546.jpg,8482302-hd_1920_1080_25fps.mp4,21.84,546,1920,1080,674,0
8482302_hd_1920_1080_25fps_t22.08_f0552.jpg,8482302-hd_1920_1080_25fps.mp4,22.08,552,1920,1080,675,1
8482302_hd_1920_1080_25fps_t22.32_f0558.jpg,8482302-hd_1920_1080_25fps.mp4,22.32,558,1920,1080,676,1
8482302_hd_1920_1080_25fps_t22.56_f0564.jpg,8482302-hd_1920_1080_25fps.mp4,22.56,564,1920,1080,677,1
8482302_hd_1920_1080_25fps_t22.80_f0570.jpg,8482302-hd_1920_1080_25fps.mp4,22.80,570,1920,1080,677,0
8482302_hd_1920_1080_25fps_t23.04_f0576.jpg,8482302-hd_1920_1080_25fps.mp4,23.04,576,1920,1080,677,0
8482302_hd_1920_1080_25fps_t23.28_f0582.jpg,8482302-hd_1920_1080_25fps.mp4,23.28,582,1920,1080,678,1
8482302_hd_1920_1080_25fps_t23.52_f0588.jpg,8482302-hd_1920_1080_25fps.mp4,23.52,588,1920,1080,679,1
8482302_hd_1920_1080_25fps_t23.76_f0594.jpg,8482302-hd_1920_1080_25fps.mp4,23.76,594,1920,1080,680,1
8482302_hd_1920_1080_25fps_t24.00_f0600.jpg,8482302-hd_1920_1080_25fps.mp4,24.00,600,1920,1080,680,0
8482302_hd_1920_1080_25fps_t24.24_f0606.jpg,8482302-hd_1920_1080_25fps.mp4,24.24,606,1920,1080,681,1
gloves_mask_t00.00_f0000.jpg,gloves + mask.mp4,0.00,0,1280,720,682,1
gloves_mask_t00.25_f0006.jpg,gloves + mask.mp4,0.25,6,1280,720,682,0
gloves_mask_t00.50_f0012.jpg,gloves + mask.mp4,0.50,12,1280,720,682,0
gloves_mask_t00.75_f0018.jpg,gloves + mask.mp4,0.75,18,1280,720,682,0
gloves_mask_t01.00_f0024.jpg,gloves + mask.mp4,1.00,24,1280,720,682,0
gloves_mask_t01.25_f0030.jpg,gloves + mask.mp4,1.25,30,1280,720,682,0
gloves_mask_t01.50_f0036.jpg,gloves + mask.mp4,1.50,36,1280,720,682,0
gloves_mask_t01.75_f0042.jpg,gloves + mask.mp4,1.75,42,1280,720,682,0
gloves_mask_t02.00_f0048.jpg,gloves + mask.mp4,2.00,48,1280,720,683,1
gloves_mask_t02.25_f0054.jpg,gloves + mask.mp4,2.25,54,1280,720,683,0
gloves_mask_t02.50_f0060.jpg,gloves + mask.mp4,2.50,60,1280,720,684,1
gloves_mask_t02.75_f0066.jpg,gloves + mask.mp4,2.75,66,1280,720,685,1
gloves_mask_t03.00_f0072.jpg,gloves + mask.mp4,3.00,72,1280,720,685,0
gloves_mask_t03.25_f0078.jpg,gloves + mask.mp4,3.25,78,1280,720,686,1
gloves_mask_t03.50_f0084.jpg,gloves + mask.mp4,3.50,84,1280,720,686,0
gloves_mask_t03.75_f0090.jpg,gloves + mask.mp4,3.75,90,1280,720,686,0
gloves_mask_t04.00_f0096.jpg,gloves + mask.mp4,4.00,96,1280,720,686,0
gloves_mask_t04.25_f0102.jpg,gloves + mask.mp4,4.25,102,1280,720,687,1
gloves_mask_t04.50_f0108.jpg,gloves + mask.mp4,4.50,108,1280,720,688,1
gloves_mask_t04.75_f0114.jpg,gloves + mask.mp4,4.75,114,1280,720,689,1
gloves_mask_t05.00_f0120.jpg,gloves + mask.mp4,5.00,120,1280,720,689,0
gloves_mask_t05.25_f0126.jpg,gloves + mask.mp4,5.25,126,1280,720,689,0
gloves_mask_t05.50_f0132.jpg,gloves + mask.mp4,5.50,132,1280,720,690,1
gloves_mask_t05.75_f0138.jpg,gloves + mask.mp4,5.75,138,1280,720,690,0
gloves_mask_t06.00_f0144.jpg,gloves + mask.mp4,6.00,144,1280,720,690,0
gloves_mask_t06.25_f0150.jpg,gloves + mask.mp4,6.25,150,1280,720,690,0
gloves_mask_t06.50_f0156.jpg,gloves + mask.mp4,6.50,156,1280,720,690,0
gloves_mask_t06.75_f0162.jpg,gloves + mask.mp4,6.75,162,1280,720,691,1
gloves_mask_t07.00_f0168.jpg,gloves + mask.mp4,7.00,168,1280,720,691,0
gloves_mask_t07.25_f0174.jpg,gloves + mask.mp4,7.25,174,1280,720,691,0
gloves_mask_t07.50_f0180.jpg,gloves + mask.mp4,7.50,180,1280,720,692,1
gloves_mask_t07.75_f0186.jpg,gloves + mask.mp4,7.75,186,1280,720,693,1
gloves_mask_t08.00_f0192.jpg,gloves + mask.mp4,8.00,192,1280,720,693,0
gloves_mask_t08.25_f0198.jpg,gloves + mask.mp4,8.25,198,1280,720,694,1
gloves_mask_t08.50_f0204.jpg,gloves + mask.mp4,8.50,204,1280,720,694,0
gloves_mask_t08.75_f0210.jpg,gloves + mask.mp4,8.75,210,1280,720,695,1
gloves_mask_t09.00_f0216.jpg,gloves + mask.mp4,9.00,216,1280,720,695,0
gloves_mask_t09.25_f0222.jpg,gloves + mask.mp4,9.25,222,1280,720,696,1
gloves_mask_t09.50_f0228.jpg,gloves + mask.mp4,9.50,228,1280,720,697,1
gloves_mask_t09.75_f0234.jpg,gloves + mask.mp4,9.75,234,1280,720,697,0
gloves_only_t00.00_f0000.jpg,gloves only.mp4,0.00,0,768,432,698,1
gloves_only_t00.24_f0006.jpg,gloves only.mp4,0.24,6,768,432,699,1
gloves_only_t00.48_f0012.jpg,gloves only.mp4,0.48,12,768,432,700,1
gloves_only_t00.72_f0018.jpg,gloves only.mp4,0.72,18,768,432,701,1
gloves_only_t00.96_f0024.jpg,gloves only.mp4,0.96,24,768,432,702,1
gloves_only_t01.20_f0030.jpg,gloves only.mp4,1.20,30,768,432,703,1
gloves_only_t01.44_f0036.jpg,gloves only.mp4,1.44,36,768,432,704,1
gloves_only_t01.68_f0042.jpg,gloves only.mp4,1.68,42,768,432,705,1
gloves_only_t01.92_f0048.jpg,gloves only.mp4,1.92,48,768,432,706,1
gloves_only_t02.16_f0054.jpg,gloves only.mp4,2.16,54,768,432,707,1
gloves_only_t02.40_f0060.jpg,gloves only.mp4,2.40,60,768,432,708,1
gloves_only_t02.64_f0066.jpg,gloves only.mp4,2.64,66,768,432,709,1
gloves_only_t02.88_f0072.jpg,gloves only.mp4,2.88,72,768,432,710,1
gloves_only_t03.12_f0078.jpg,gloves only.mp4,3.12,78,768,432,711,1
gloves_only_t03.36_f0084.jpg,gloves only.mp4,3.36,84,768,432,712,1
gloves_only_t03.60_f0090.jpg,gloves only.mp4,3.60,90,768,432,713,1
gloves_only_t03.84_f0096.jpg,gloves only.mp4,3.84,96,768,432,714,1
gloves_only_t04.08_f0102.jpg,gloves only.mp4,4.08,102,768,432,715,1
gloves_only_t04.32_f0108.jpg,gloves only.mp4,4.32,108,768,432,716,1
gloves_only_t04.56_f0114.jpg,gloves only.mp4,4.56,114,768,432,717,1
gloves_only_t04.80_f0120.jpg,gloves only.mp4,4.80,120,768,432,718,1
gloves_only_t05.04_f0126.jpg,gloves only.mp4,5.04,126,768,432,719,1
gloves_only_t05.28_f0132.jpg,gloves only.mp4,5.28,132,768,432,720,1
gloves_only_t05.52_f0138.jpg,gloves only.mp4,5.52,138,768,432,721,1
gloves_only_t05.76_f0144.jpg,gloves only.mp4,5.76,144,768,432,722,1
gloves_only_t06.00_f0150.jpg,gloves only.mp4,6.00,150,768,432,723,1
gloves_only_t06.24_f0156.jpg,gloves only.mp4,6.24,156,768,432,724,1
gloves_only_t06.48_f0162.jpg,gloves only.mp4,6.48,162,768,432,725,1
gloves_only_t06.72_f0168.jpg,gloves only.mp4,6.72,168,768,432,726,1
gloves_only_t06.96_f0174.jpg,gloves only.mp4,6.96,174,768,432,727,1
gloves_only_t07.20_f0180.jpg,gloves only.mp4,7.20,180,768,432,728,1
gloves_only_t07.44_f0186.jpg,gloves only.mp4,7.44,186,768,432,729,1
gloves_only_t07.68_f0192.jpg,gloves only.mp4,7.68,192,768,432,730,1
gloves_only_t07.92_f0198.jpg,gloves only.mp4,7.92,198,768,432,731,1
gloves_only_t08.16_f0204.jpg,gloves only.mp4,8.16,204,768,432,732,1
gloves_only_t08.40_f0210.jpg,gloves only.mp4,8.40,210,768,432,733,1
gloves_only_t08.64_f0216.jpg,gloves only.mp4,8.64,216,768,432,734,1
gloves_only_t08.88_f0222.jpg,gloves only.mp4,8.88,222,768,432,735,1
gloves_only_t09.12_f0228.jpg,gloves only.mp4,9.12,228,768,432,736,1
gloves_only_t09.36_f0234.jpg,gloves only.mp4,9.36,234,768,432,737,1
gloves_only_t09.60_f0240.jpg,gloves only.mp4,9.60,240,768,432,738,1
gloves_only_t09.84_f0246.jpg,gloves only.mp4,9.84,246,768,432,739,1
gloves_only_t10.08_f0252.jpg,gloves only.mp4,10.08,252,768,432,740,1
gloves_only_t10.32_f0258.jpg,gloves only.mp4,10.32,258,768,432,741,1
gloves_only_t10.56_f0264.jpg,gloves only.mp4,10.56,264,768,432,742,1
gloves_only_t10.80_f0270.jpg,gloves only.mp4,10.80,270,768,432,743,1
gloves_only_t11.04_f0276.jpg,gloves only.mp4,11.04,276,768,432,744,1
gloves_only_t11.28_f0282.jpg,gloves only.mp4,11.28,282,768,432,745,1
gloves_only_t11.52_f0288.jpg,gloves only.mp4,11.52,288,768,432,746,1
gloves_only_t11.76_f0294.jpg,gloves only.mp4,11.76,294,768,432,747,1
gloves_only_t12.00_f0300.jpg,gloves only.mp4,12.00,300,768,432,748,1
gloves_only_t12.24_f0306.jpg,gloves only.mp4,12.24,306,768,432,749,1
gloves_only_t12.48_f0312.jpg,gloves only.mp4,12.48,312,768,432,750,1
gloves_only_t12.72_f0318.jpg,gloves only.mp4,12.72,318,768,432,751,1
helmet_only_t00.00_f0000.jpg,helmet only.mp4,0.00,0,768,432,752,1
helmet_only_t00.24_f0006.jpg,helmet only.mp4,0.24,6,768,432,752,0
helmet_only_t00.48_f0012.jpg,helmet only.mp4,0.48,12,768,432,752,0
helmet_only_t00.72_f0018.jpg,helmet only.mp4,0.72,18,768,432,753,1
helmet_only_t00.96_f0024.jpg,helmet only.mp4,0.96,24,768,432,753,0
helmet_only_t01.20_f0030.jpg,helmet only.mp4,1.20,30,768,432,754,1
helmet_only_t01.44_f0036.jpg,helmet only.mp4,1.44,36,768,432,754,0
helmet_only_t01.68_f0042.jpg,helmet only.mp4,1.68,42,768,432,755,1
helmet_only_t01.92_f0048.jpg,helmet only.mp4,1.92,48,768,432,755,0
helmet_only_t02.16_f0054.jpg,helmet only.mp4,2.16,54,768,432,755,0
helmet_only_t02.40_f0060.jpg,helmet only.mp4,2.40,60,768,432,756,1
helmet_only_t02.64_f0066.jpg,helmet only.mp4,2.64,66,768,432,757,1
helmet_only_t02.88_f0072.jpg,helmet only.mp4,2.88,72,768,432,758,1
helmet_only_t03.12_f0078.jpg,helmet only.mp4,3.12,78,768,432,759,1
helmet_only_t03.36_f0084.jpg,helmet only.mp4,3.36,84,768,432,760,1
helmet_only_t03.60_f0090.jpg,helmet only.mp4,3.60,90,768,432,761,1
helmet_only_t03.84_f0096.jpg,helmet only.mp4,3.84,96,768,432,761,0
helmet_only_t04.08_f0102.jpg,helmet only.mp4,4.08,102,768,432,762,1
helmet_only_t04.32_f0108.jpg,helmet only.mp4,4.32,108,768,432,763,1
helmet_only_t04.56_f0114.jpg,helmet only.mp4,4.56,114,768,432,763,0
helmet_only_t04.80_f0120.jpg,helmet only.mp4,4.80,120,768,432,764,1
helmet_only_t05.04_f0126.jpg,helmet only.mp4,5.04,126,768,432,764,0
helmet_only_t05.28_f0132.jpg,helmet only.mp4,5.28,132,768,432,764,0
helmet_only_t05.52_f0138.jpg,helmet only.mp4,5.52,138,768,432,764,0
helmet_only_t05.76_f0144.jpg,helmet only.mp4,5.76,144,768,432,765,1
helmet_only_t06.00_f0150.jpg,helmet only.mp4,6.00,150,768,432,765,0
helmet_only_t06.24_f0156.jpg,helmet only.mp4,6.24,156,768,432,766,1
helmet_only_t06.48_f0162.jpg,helmet only.mp4,6.48,162,768,432,766,0
helmet_only_t06.72_f0168.jpg,helmet only.mp4,6.72,168,768,432,766,0
helmet_only_t06.96_f0174.jpg,helmet only.mp4,6.96,174,768,432,767,1
helmet_only_t07.20_f0180.jpg,helmet only.mp4,7.20,180,768,432,767,0
helmet_only_t07.44_f0186.jpg,helmet only.mp4,7.44,186,768,432,767,0
helmet_only_t07.68_f0192.jpg,helmet only.mp4,7.68,192,768,432,767,0
helmet_only_t07.92_f0198.jpg,helmet only.mp4,7.92,198,768,432,768,1
helmet_only_t08.16_f0204.jpg,helmet only.mp4,8.16,204,768,432,769,1
helmet_only_t08.40_f0210.jpg,helmet only.mp4,8.40,210,768,432,770,1
helmet_only_t08.64_f0216.jpg,helmet only.mp4,8.64,216,768,432,771,1
helmet_only_t08.88_f0222.jpg,helmet only.mp4,8.88,222,768,432,772,1
helmet_only_t09.12_f0228.jpg,helmet only.mp4,9.12,228,768,432,773,1
helmet_only_t09.36_f0234.jpg,helmet only.mp4,9.36,234,768,432,774,1
helmet_only_t09.60_f0240.jpg,helmet only.mp4,9.60,240,768,432,774,0
helmet_only_t09.84_f0246.jpg,helmet only.mp4,9.84,246,768,432,775,1
helmet_only_t10.08_f0252.jpg,helmet only.mp4,10.08,252,768,432,776,1
helmet_only_t10.32_f0258.jpg,helmet only.mp4,10.32,258,768,432,777,1
helmet_only_t10.56_f0264.jpg,helmet only.mp4,10.56,264,768,432,778,1
helmet_only_t10.80_f0270.jpg,helmet only.mp4,10.80,270,768,432,779,1
helmet_only_t11.04_f0276.jpg,helmet only.mp4,11.04,276,768,432,780,1
helmet_only_t11.28_f0282.jpg,helmet only.mp4,11.28,282,768,432,781,1
helmet_only_t11.52_f0288.jpg,helmet only.mp4,11.52,288,768,432,782,1
helmet_only_t11.76_f0294.jpg,helmet only.mp4,11.76,294,768,432,783,1
helmet_only_t12.00_f0300.jpg,helmet only.mp4,12.00,300,768,432,784,1
helmet_only_t12.24_f0306.jpg,helmet only.mp4,12.24,306,768,432,785,1
helmet_only_t12.48_f0312.jpg,helmet only.mp4,12.48,312,768,432,785,0
helmet_only_t12.72_f0318.jpg,helmet only.mp4,12.72,318,768,432,786,1
helmet_only_t12.96_f0324.jpg,helmet only.mp4,12.96,324,768,432,786,0
helmet_only_t13.20_f0330.jpg,helmet only.mp4,13.20,330,768,432,787,1
helmet_only_t13.44_f0336.jpg,helmet only.mp4,13.44,336,768,432,788,1
helmet_only_t13.68_f0342.jpg,helmet only.mp4,13.68,342,768,432,789,1
helmet_only_t13.92_f0348.jpg,helmet only.mp4,13.92,348,768,432,790,1
helmet_only_t14.16_f0354.jpg,helmet only.mp4,14.16,354,768,432,791,1
helmet_only_t14.40_f0360.jpg,helmet only.mp4,14.40,360,768,432,791,0
helmet_only_t14.64_f0366.jpg,helmet only.mp4,14.64,366,768,432,791,0
helmet_only_t14.88_f0372.jpg,helmet only.mp4,14.88,372,768,432,792,1
helmet_only_t15.12_f0378.jpg,helmet only.mp4,15.12,378,768,432,793,1
helmet_only_t15.36_f0384.jpg,helmet only.mp4,15.36,384,768,432,794,1
helmet_gloves_t00.00_f0000.jpg,helmet+gloves.mp4,0.00,0,768,432,795,1
helmet_gloves_t00.24_f0012.jpg,helmet+gloves.mp4,0.24,12,768,432,795,0
helmet_gloves_t00.48_f0024.jpg,helmet+gloves.mp4,0.48,24,768,432,796,1
helmet_gloves_t00.50_f0025.jpg,helmet+gloves.mp4,0.50,25,768,432,796,0
helmet_gloves_t00.72_f0036.jpg,helmet+gloves.mp4,0.72,36,768,432,797,1
helmet_gloves_t00.96_f0048.jpg,helmet+gloves.mp4,0.96,48,768,432,798,1
helmet_gloves_t01.00_f0050.jpg,helmet+gloves.mp4,1.00,50,768,432,798,0
helmet_gloves_t01.20_f0060.jpg,helmet+gloves.mp4,1.20,60,768,432,798,0
helmet_gloves_t01.44_f0072.jpg,helmet+gloves.mp4,1.44,72,768,432,799,1
helmet_gloves_t01.50_f0075.jpg,helmet+gloves.mp4,1.50,75,768,432,799,0
helmet_gloves_t01.68_f0084.jpg,helmet+gloves.mp4,1.68,84,768,432,800,1
helmet_gloves_t01.92_f0096.jpg,helmet+gloves.mp4,1.92,96,768,432,800,0
helmet_gloves_t02.00_f0100.jpg,helmet+gloves.mp4,2.00,100,768,432,800,0
helmet_gloves_t02.16_f0108.jpg,helmet+gloves.mp4,2.16,108,768,432,801,1
helmet_gloves_t02.40_f0120.jpg,helmet+gloves.mp4,2.40,120,768,432,802,1
helmet_gloves_t02.50_f0125.jpg,helmet+gloves.mp4,2.50,125,768,432,802,0
helmet_gloves_t02.64_f0132.jpg,helmet+gloves.mp4,2.64,132,768,432,802,0
helmet_gloves_t02.88_f0144.jpg,helmet+gloves.mp4,2.88,144,768,432,803,1
helmet_gloves_t03.00_f0150.jpg,helmet+gloves.mp4,3.00,150,768,432,803,0
helmet_gloves_t03.12_f0156.jpg,helmet+gloves.mp4,3.12,156,768,432,804,1
helmet_gloves_t03.36_f0168.jpg,helmet+gloves.mp4,3.36,168,768,432,805,1
helmet_gloves_t03.50_f0175.jpg,helmet+gloves.mp4,3.50,175,768,432,805,0
helmet_gloves_t03.60_f0180.jpg,helmet+gloves.mp4,3.60,180,768,432,806,1
helmet_gloves_t03.84_f0192.jpg,helmet+gloves.mp4,3.84,192,768,432,806,0
helmet_gloves_t04.00_f0200.jpg,helmet+gloves.mp4,4.00,200,768,432,807,1
helmet_gloves_t04.08_f0204.jpg,helmet+gloves.mp4,4.08,204,768,432,807,0
helmet_gloves_t04.32_f0216.jpg,helmet+gloves.mp4,4.32,216,768,432,808,1
helmet_gloves_t04.50_f0225.jpg,helmet+gloves.mp4,4.50,225,768,432,809,1
helmet_gloves_t04.56_f0228.jpg,helmet+gloves.mp4,4.56,228,768,432,809,0
helmet_gloves_t04.80_f0240.jpg,helmet+gloves.mp4,4.80,240,768,432,810,1
helmet_gloves_t05.00_f0250.jpg,helmet+gloves.mp4,5.00,250,768,432,811,1
helmet_gloves_t05.04_f0252.jpg,helmet+gloves.mp4,5.04,252,768,432,811,0
helmet_gloves_t05.28_f0264.jpg,helmet+gloves.mp4,5.28,264,768,432,812,1
helmet_gloves_t05.50_f0275.jpg,helmet+gloves.mp4,5.50,275,768,432,813,1
helmet_gloves_t05.52_f0276.jpg,helmet+gloves.mp4,5.52,276,768,432,813,0
helmet_gloves_t05.76_f0288.jpg,helmet+gloves.mp4,5.76,288,768,432,814,1
helmet_gloves_t06.00_f0300.jpg,helmet+gloves.mp4,6.00,300,768,432,815,1
helmet_gloves_t06.24_f0312.jpg,helmet+gloves.mp4,6.24,312,768,432,816,1
helmet_gloves_t06.48_f0324.jpg,helmet+gloves.mp4,6.48,324,768,432,817,1
helmet_gloves_t06.50_f0325.jpg,helmet+gloves.mp4,6.50,325,768,432,817,0
helmet_gloves_t06.72_f0336.jpg,helmet+gloves.mp4,6.72,336,768,432,818,1
helmet_gloves_t06.96_f0348.jpg,helmet+gloves.mp4,6.96,348,768,432,818,0
helmet_gloves_t07.00_f0350.jpg,helmet+gloves.mp4,7.00,350,768,432,818,0
helmet_gloves_t07.20_f0360.jpg,helmet+gloves.mp4,7.20,360,768,432,819,1
helmet_gloves_t07.44_f0372.jpg,helmet+gloves.mp4,7.44,372,768,432,819,0
helmet_gloves_t07.50_f0375.jpg,helmet+gloves.mp4,7.50,375,768,432,819,0
helmet_gloves_t07.68_f0384.jpg,helmet+gloves.mp4,7.68,384,768,432,819,0
helmet_gloves_t07.92_f0396.jpg,helmet+gloves.mp4,7.92,396,768,432,820,1
helmet_gloves_t08.00_f0400.jpg,helmet+gloves.mp4,8.00,400,768,432,820,0
helmet_gloves_t08.16_f0408.jpg,helmet+gloves.mp4,8.16,408,768,432,820,0
helmet_gloves_t08.40_f0420.jpg,helmet+gloves.mp4,8.40,420,768,432,821,1
helmet_gloves_t08.50_f0425.jpg,helmet+gloves.mp4,8.50,425,768,432,821,0
helmet_gloves_t08.64_f0432.jpg,helmet+gloves.mp4,8.64,432,768,432,822,1
helmet_gloves_t08.88_f0444.jpg,helmet+gloves.mp4,8.88,444,768,432,823,1
helmet_gloves_t09.00_f0450.jpg,helmet+gloves.mp4,9.00,450,768,432,823,0
helmet_gloves_t09.12_f0456.jpg,helmet+gloves.mp4,9.12,456,768,432,824,1
helmet_gloves_t09.36_f0468.jpg,helmet+gloves.mp4,9.36,468,768,432,825,1
helmet_gloves_t09.50_f0475.jpg,helmet+gloves.mp4,9.50,475,768,432,826,1
helmet_gloves_t09.60_f0480.jpg,helmet+gloves.mp4,9.60,480,768,432,826,0
helmet_gloves_t09.84_f0492.jpg,helmet+gloves.mp4,9.84,492,768,432,827,1
helmet_gloves_t10.00_f0500.jpg,helmet+gloves.mp4,10.00,500,768,432,828,1
helmet_gloves_t10.08_f0504.jpg,helmet+gloves.mp4,10.08,504,768,432,829,1
helmet_gloves_t10.32_f0516.jpg,helmet+gloves.mp4,10.32,516,768,432,830,1
helmet_gloves_t10.50_f0525.jpg,helmet+gloves.mp4,10.50,525,768,432,831,1
helmet_gloves_t10.56_f0528.jpg,helmet+gloves.mp4,10.56,528,768,432,831,0
helmet_gloves_t10.80_f0540.jpg,helmet+gloves.mp4,10.80,540,768,432,832,1
helmet_gloves_t11.00_f0550.jpg,helmet+gloves.mp4,11.00,550,768,432,832,0
helmet_gloves_t11.04_f0552.jpg,helmet+gloves.mp4,11.04,552,768,432,832,0
helmet_gloves_t11.28_f0564.jpg,helmet+gloves.mp4,11.28,564,768,432,833,1
helmet_gloves_t11.50_f0575.jpg,helmet+gloves.mp4,11.50,575,768,432,834,1
helmet_gloves_t11.52_f0576.jpg,helmet+gloves.mp4,11.52,576,768,432,834,0
helmet_gloves_t11.76_f0588.jpg,helmet+gloves.mp4,11.76,588,768,432,835,1
helmet_gloves_t12.00_f0600.jpg,helmet+gloves.mp4,12.00,600,768,432,836,1
helmet_gloves_t12.24_f0612.jpg,helmet+gloves.mp4,12.24,612,768,432,837,1
helmet_gloves_t12.48_f0624.jpg,helmet+gloves.mp4,12.48,624,768,432,838,1
helmet_gloves_t12.50_f0625.jpg,helmet+gloves.mp4,12.50,625,768,432,838,0
helmet_gloves_t12.72_f0636.jpg,helmet+gloves.mp4,12.72,636,768,432,839,1
helmet_gloves_t12.96_f0648.jpg,helmet+gloves.mp4,12.96,648,768,432,840,1
helmet_gloves_t13.00_f0650.jpg,helmet+gloves.mp4,13.00,650,768,432,840,0
helmet_gloves_t13.20_f0660.jpg,helmet+gloves.mp4,13.20,660,768,432,841,1
helmet_gloves_t13.44_f0672.jpg,helmet+gloves.mp4,13.44,672,768,432,842,1
helmet_gloves_t13.50_f0675.jpg,helmet+gloves.mp4,13.50,675,768,432,842,0
helmet_gloves_t13.68_f0684.jpg,helmet+gloves.mp4,13.68,684,768,432,842,0
helmet_gloves_t13.92_f0696.jpg,helmet+gloves.mp4,13.92,696,768,432,842,0
helmet_gloves_t14.00_f0700.jpg,helmet+gloves.mp4,14.00,700,768,432,842,0
helmet_gloves_t14.16_f0708.jpg,helmet+gloves.mp4,14.16,708,768,432,842,0
helmet_gloves_t14.40_f0720.jpg,helmet+gloves.mp4,14.40,720,768,432,842,0
helmet_gloves_t14.50_f0725.jpg,helmet+gloves.mp4,14.50,725,768,432,842,0
helmet_gloves_t14.64_f0732.jpg,helmet+gloves.mp4,14.64,732,768,432,842,0
helmet_gloves_t14.88_f0744.jpg,helmet+gloves.mp4,14.88,744,768,432,842,0
helmet_gloves_t15.00_f0750.jpg,helmet+gloves.mp4,15.00,750,768,432,842,0
helmet_gloves_t15.12_f0756.jpg,helmet+gloves.mp4,15.12,756,768,432,842,0
helmet_gloves_t15.36_f0768.jpg,helmet+gloves.mp4,15.36,768,768,432,842,0
helmet_gloves_t15.50_f0775.jpg,helmet+gloves.mp4,15.50,775,768,432,843,1
helmet_gloves_t15.60_f0780.jpg,helmet+gloves.mp4,15.60,780,768,432,843,0
helmet_gloves_t15.84_f0792.jpg,helmet+gloves.mp4,15.84,792,768,432,844,1
helmet_gloves_t16.00_f0800.jpg,helmet+gloves.mp4,16.00,800,768,432,844,0
helmet_gloves_t16.08_f0804.jpg,helmet+gloves.mp4,16.08,804,768,432,845,1
helmet_gloves_t16.32_f0816.jpg,helmet+gloves.mp4,16.32,816,768,432,846,1
helmet_gloves_t16.50_f0825.jpg,helmet+gloves.mp4,16.50,825,768,432,847,1
helmet_gloves_t16.56_f0828.jpg,helmet+gloves.mp4,16.56,828,768,432,848,1
helmet_gloves_t16.80_f0840.jpg,helmet+gloves.mp4,16.80,840,768,432,849,1
helmet_gloves_t17.00_f0850.jpg,helmet+gloves.mp4,17.00,850,768,432,850,1
helmet_gloves_t17.04_f0852.jpg,helmet+gloves.mp4,17.04,852,768,432,850,0
helmet_gloves_t17.28_f0864.jpg,helmet+gloves.mp4,17.28,864,768,432,851,1
helmet_gloves_t17.50_f0875.jpg,helmet+gloves.mp4,17.50,875,768,432,852,1
helmet_gloves_t17.52_f0876.jpg,helmet+gloves.mp4,17.52,876,768,432,852,0
helmet_gloves_t17.76_f0888.jpg,helmet+gloves.mp4,17.76,888,768,432,853,1
helmet_gloves_t18.00_f0900.jpg,helmet+gloves.mp4,18.00,900,768,432,854,1
helmet_gloves_t18.24_f0912.jpg,helmet+gloves.mp4,18.24,912,768,432,855,1
helmet_gloves_t18.48_f0924.jpg,helmet+gloves.mp4,18.48,924,768,432,856,1
helmet_gloves_t18.50_f0925.jpg,helmet+gloves.mp4,18.50,925,768,432,856,0
helmet_gloves_t18.72_f0936.jpg,helmet+gloves.mp4,18.72,936,768,432,857,1
helmet_gloves_t18.96_f0948.jpg,helmet+gloves.mp4,18.96,948,768,432,857,0
helmet_gloves_t19.00_f0950.jpg,helmet+gloves.mp4,19.00,950,768,432,857,0
helmet_gloves_t19.20_f0960.jpg,helmet+gloves.mp4,19.20,960,768,432,857,0
helmet_mask_glove_t00.00_f0000.jpg,helmet+mask+glove.mp4,0.00,0,596,336,858,1
helmet_mask_glove_t00.24_f0006.jpg,helmet+mask+glove.mp4,0.24,6,596,336,859,1
helmet_mask_glove_t00.48_f0012.jpg,helmet+mask+glove.mp4,0.48,12,596,336,860,1
helmet_mask_glove_t00.72_f0018.jpg,helmet+mask+glove.mp4,0.72,18,596,336,861,1
helmet_mask_glove_t00.96_f0024.jpg,helmet+mask+glove.mp4,0.96,24,596,336,862,1
helmet_mask_glove_t01.20_f0030.jpg,helmet+mask+glove.mp4,1.20,30,596,336,863,1
helmet_mask_glove_t01.44_f0036.jpg,helmet+mask+glove.mp4,1.44,36,596,336,864,1
helmet_mask_glove_t01.68_f0042.jpg,helmet+mask+glove.mp4,1.68,42,596,336,865,1
helmet_mask_glove_t01.92_f0048.jpg,helmet+mask+glove.mp4,1.92,48,596,336,866,1
helmet_mask_glove_t02.16_f0054.jpg,helmet+mask+glove.mp4,2.16,54,596,336,867,1
helmet_mask_glove_t02.40_f0060.jpg,helmet+mask+glove.mp4,2.40,60,596,336,868,1
helmet_mask_glove_t02.64_f0066.jpg,helmet+mask+glove.mp4,2.64,66,596,336,869,1
helmet_mask_glove_t02.88_f0072.jpg,helmet+mask+glove.mp4,2.88,72,596,336,870,1
helmet_mask_glove_t03.12_f0078.jpg,helmet+mask+glove.mp4,3.12,78,596,336,871,1
helmet_mask_glove_t03.36_f0084.jpg,helmet+mask+glove.mp4,3.36,84,596,336,872,1
helmet_mask_glove_t03.60_f0090.jpg,helmet+mask+glove.mp4,3.60,90,596,336,873,1
helmet_mask_glove_t03.84_f0096.jpg,helmet+mask+glove.mp4,3.84,96,596,336,874,1
helmet_mask_glove_t04.08_f0102.jpg,helmet+mask+glove.mp4,4.08,102,596,336,875,1
helmet_mask_glove_t04.32_f0108.jpg,helmet+mask+glove.mp4,4.32,108,596,336,876,1
helmet_mask_glove_t04.56_f0114.jpg,helmet+mask+glove.mp4,4.56,114,596,336,877,1
helmet_mask_glove_t04.80_f0120.jpg,helmet+mask+glove.mp4,4.80,120,596,336,878,1
helmet_mask_glove_t05.04_f0126.jpg,helmet+mask+glove.mp4,5.04,126,596,336,878,0
helmet_mask_glove_t05.28_f0132.jpg,helmet+mask+glove.mp4,5.28,132,596,336,879,1
helmet_mask_glove_t05.52_f0138.jpg,helmet+mask+glove.mp4,5.52,138,596,336,880,1
helmet_mask_glove_t05.76_f0144.jpg,helmet+mask+glove.mp4,5.76,144,596,336,881,1
helmet_mask_glove_t06.00_f0150.jpg,helmet+mask+glove.mp4,6.00,150,596,336,882,1
helmet_mask_glove_t06.24_f0156.jpg,helmet+mask+glove.mp4,6.24,156,596,336,883,1
helmet_mask_glove_t06.48_f0162.jpg,helmet+mask+glove.mp4,6.48,162,596,336,884,1
helmet_mask_glove_t06.72_f0168.jpg,helmet+mask+glove.mp4,6.72,168,596,336,885,1
helmet_mask_glove_t06.96_f0174.jpg,helmet+mask+glove.mp4,6.96,174,596,336,886,1
helmet_mask_glove_t07.20_f0180.jpg,helmet+mask+glove.mp4,7.20,180,596,336,887,1
helmet_mask_glove_t07.44_f0186.jpg,helmet+mask+glove.mp4,7.44,186,596,336,888,1
helmet_mask_glove_t07.68_f0192.jpg,helmet+mask+glove.mp4,7.68,192,596,336,889,1
helmet_mask_glove_t07.92_f0198.jpg,helmet+mask+glove.mp4,7.92,198,596,336,890,1
helmet_mask_glove_t08.16_f0204.jpg,helmet+mask+glove.mp4,8.16,204,596,336,891,1
helmet_mask_glove_t08.40_f0210.jpg,helmet+mask+glove.mp4,8.40,210,596,336,892,1
helmet_mask_glove_t08.64_f0216.jpg,helmet+mask+glove.mp4,8.64,216,596,336,893,1
helmet_mask_glove_t08.88_f0222.jpg,helmet+mask+glove.mp4,8.88,222,596,336,894,1
helmet_mask_glove_t09.12_f0228.jpg,helmet+mask+glove.mp4,9.12,228,596,336,895,1
helmet_mask_glove_t09.36_f0234.jpg,helmet+mask+glove.mp4,9.36,234,596,336,896,1
helmet_mask_glove_t09.60_f0240.jpg,helmet+mask+glove.mp4,9.60,240,596,336,897,1
helmet_mask_glove_t09.84_f0246.jpg,helmet+mask+glove.mp4,9.84,246,596,336,898,1
helmet_mask_glove_t10.08_f0252.jpg,helmet+mask+glove.mp4,10.08,252,596,336,899,1
helmet_mask_glove_t10.32_f0258.jpg,helmet+mask+glove.mp4,10.32,258,596,336,899,0
helmet_mask_glove_t10.56_f0264.jpg,helmet+mask+glove.mp4,10.56,264,596,336,900,1
helmet_mask_glove_t10.80_f0270.jpg,helmet+mask+glove.mp4,10.80,270,596,336,901,1
helmet_mask_glove_t11.04_f0276.jpg,helmet+mask+glove.mp4,11.04,276,596,336,902,1
helmet_mask_glove_t11.28_f0282.jpg,helmet+mask+glove.mp4,11.28,282,596,336,903,1
helmet_mask_glove_t11.52_f0288.jpg,helmet+mask+glove.mp4,11.52,288,596,336,904,1
helmet_mask_glove_t11.76_f0294.jpg,helmet+mask+glove.mp4,11.76,294,596,336,905,1
helmet_mask_glove_t12.00_f0300.jpg,helmet+mask+glove.mp4,12.00,300,596,336,906,1
helmet_mask_glove_t12.24_f0306.jpg,helmet+mask+glove.mp4,12.24,306,596,336,907,1
helmet_mask_glove_t12.48_f0312.jpg,helmet+mask+glove.mp4,12.48,312,596,336,908,1
helmet_mask_glove_t12.72_f0318.jpg,helmet+mask+glove.mp4,12.72,318,596,336,909,1
helmet_mask_glove_t12.96_f0324.jpg,helmet+mask+glove.mp4,12.96,324,596,336,910,1
helmet_mask_glove_t13.20_f0330.jpg,helmet+mask+glove.mp4,13.20,330,596,336,911,1
helmet_mask_glove_t13.44_f0336.jpg,helmet+mask+glove.mp4,13.44,336,596,336,912,1
helmet_mask_gloves_t00.00_f0000.jpg,helmet+mask+gloves.mp4,0.00,0,596,336,913,1
helmet_mask_gloves_t00.24_f0006.jpg,helmet+mask+gloves.mp4,0.24,6,596,336,914,1
helmet_mask_gloves_t00.48_f0012.jpg,helmet+mask+gloves.mp4,0.48,12,596,336,915,1
helmet_mask_gloves_t00.72_f0018.jpg,helmet+mask+gloves.mp4,0.72,18,596,336,916,1
helmet_mask_gloves_t00.96_f0024.jpg,helmet+mask+gloves.mp4,0.96,24,596,336,917,1
helmet_mask_gloves_t01.20_f0030.jpg,helmet+mask+gloves.mp4,1.20,30,596,336,918,1
helmet_mask_gloves_t01.44_f0036.jpg,helmet+mask+gloves.mp4,1.44,36,596,336,919,1
helmet_mask_gloves_t01.68_f0042.jpg,helmet+mask+gloves.mp4,1.68,42,596,336,920,1
helmet_mask_gloves_t01.92_f0048.jpg,helmet+mask+gloves.mp4,1.92,48,596,336,921,1
helmet_mask_gloves_t02.16_f0054.jpg,helmet+mask+gloves.mp4,2.16,54,596,336,922,1
helmet_mask_gloves_t02.40_f0060.jpg,helmet+mask+gloves.mp4,2.40,60,596,336,923,1
helmet_mask_gloves_t02.64_f0066.jpg,helmet+mask+gloves.mp4,2.64,66,596,336,924,1
helmet_mask_gloves_t02.88_f0072.jpg,helmet+mask+gloves.mp4,2.88,72,596,336,925,1
helmet_mask_gloves_t03.12_f0078.jpg,helmet+mask+gloves.mp4,3.12,78,596,336,926,1
helmet_mask_gloves_t03.36_f0084.jpg,helmet+mask+gloves.mp4,3.36,84,596,336,927,1
helmet_mask_gloves_t03.60_f0090.jpg,helmet+mask+gloves.mp4,3.60,90,596,336,928,1
helmet_mask_gloves_t03.84_f0096.jpg,helmet+mask+gloves.mp4,3.84,96,596,336,929,1
helmet_mask_gloves_t04.08_f0102.jpg,helmet+mask+gloves.mp4,4.08,102,596,336,929,0
helmet_mask_gloves_t04.32_f0108.jpg,helmet+mask+gloves.mp4,4.32,108,596,336,930,1
helmet_mask_gloves_t04.56_f0114.jpg,helmet+mask+gloves.mp4,4.56,114,596,336,931,1
helmet_mask_gloves_t04.80_f0120.jpg,helmet+mask+gloves.mp4,4.80,120,596,336,932,1
helmet_mask_gloves_t05.04_f0126.jpg,helmet+mask+gloves.mp4,5.04,126,596,336,932,0
helmet_mask_gloves_t05.28_f0132.jpg,helmet+mask+gloves.mp4,5.28,132,596,336,933,1
helmet_mask_gloves_t05.52_f0138.jpg,helmet+mask+gloves.mp4,5.52,138,596,336,934,1
helmet_mask_gloves_t05.76_f0144.jpg,helmet+mask+gloves.mp4,5.76,144,596,336,935,1
helmet_mask_gloves_t06.00_f0150.jpg,helmet+mask+gloves.mp4,6.00,150,596,336,936,1
helmet_mask_gloves_t06.24_f0156.jpg,helmet+mask+gloves.mp4,6.24,156,596,336,937,1
helmet_mask_gloves_t06.48_f0162.jpg,helmet+mask+gloves.mp4,6.48,162,596,336,938,1
helmet_mask_gloves_t06.72_f0168.jpg,helmet+mask+gloves.mp4,6.72,168,596,336,939,1
helmet_mask_gloves_t06.96_f0174.jpg,helmet+mask+gloves.mp4,6.96,174,596,336,940,1
helmet_mask_gloves_t07.20_f0180.jpg,helmet+mask+gloves.mp4,7.20,180,596,336,941,1
helmet_mask_gloves_t07.44_f0186.jpg,helmet+mask+gloves.mp4,7.44,186,596,336,942,1
helmet_mask_gloves_t07.68_f0192.jpg,helmet+mask+gloves.mp4,7.68,192,596,336,943,1
helmet_mask_gloves_t07.92_f0198.jpg,helmet+mask+gloves.mp4,7.92,198,596,336,944,1
helmet_mask_gloves_t08.16_f0204.jpg,helmet+mask+gloves.mp4,8.16,204,596,336,945,1
helmet_mask_gloves_t08.40_f0210.jpg,helmet+mask+gloves.mp4,8.40,210,596,336,946,1
helmet_mask_gloves_t08.64_f0216.jpg,helmet+mask+gloves.mp4,8.64,216,596,336,947,1
helmet_mask_gloves_t08.88_f0222.jpg,helmet+mask+gloves.mp4,8.88,222,596,336,948,1
helmet_mask_gloves_t09.12_f0228.jpg,helmet+mask+gloves.mp4,9.12,228,596,336,948,0
helmet_mask_gloves_t09.36_f0234.jpg,helmet+mask+gloves.mp4,9.36,234,596,336,949,1
helmet_mask_gloves_t09.60_f0240.jpg,helmet+mask+gloves.mp4,9.60,240,596,336,950,1
helmet_mask_gloves_t09.84_f0246.jpg,helmet+mask+gloves.mp4,9.84,246,596,336,951,1
helmet_mask_gloves_t10.08_f0252.jpg,helmet+mask+gloves.mp4,10.08,252,596,336,952,1
helmet_mask_gloves_t10.32_f0258.jpg,helmet+mask+gloves.mp4,10.32,258,596,336,953,1
helmet_mask_gloves_t10.56_f0264.jpg,helmet+mask+gloves.mp4,10.56,264,596,336,954,1
helmet_mask_gloves_t10.80_f0270.jpg,helmet+mask+gloves.mp4,10.80,270,596,336,955,1
helmet_mask_gloves_t11.04_f0276.jpg,helmet+mask+gloves.mp4,11.04,276,596,336,956,1
helmet_mask_gloves_t11.28_f0282.jpg,helmet+mask+gloves.mp4,11.28,282,596,336,957,1
helmet_mask_gloves_t11.52_f0288.jpg,helmet+mask+gloves.mp4,11.52,288,596,336,958,1
helmet_mask_gloves_t11.76_f0294.jpg,helmet+mask+gloves.mp4,11.76,294,596,336,959,1
helmet_mask_gloves_t12.00_f0300.jpg,helmet+mask+gloves.mp4,12.00,300,596,336,959,0
helmet_mask_gloves_t12.24_f0306.jpg,helmet+mask+gloves.mp4,12.24,306,596,336,960,1
helmet_mask_gloves_t12.48_f0312.jpg,helmet+mask+gloves.mp4,12.48,312,596,336,960,0
helmet_mask_gloves_t12.72_f0318.jpg,helmet+mask+gloves.mp4,12.72,318,596,336,961,1
helmet_mask_gloves_t12.96_f0324.jpg,helmet+mask+gloves.mp4,12.96,324,596,336,962,1
helmet_mask_gloves_t13.20_f0330.jpg,helmet+mask+gloves.mp4,13.20,330,596,336,963,1
helmet_mask_gloves_t13.44_f0336.jpg,helmet+mask+gloves.mp4,13.44,336,596,336,963,0
helmet_mask_gloves_t13.68_f0342.jpg,helmet+mask+gloves.mp4,13.68,342,596,336,963,0
helmet_mask_gloves_t13.92_f0348.jpg,helmet+mask+gloves.mp4,13.92,348,596,336,963,0
helmet_mask_gloves_t14.16_f0354.jpg,helmet+mask+gloves.mp4,14.16,354,596,336,964,1
helmet_mask_gloves_t14.40_f0360.jpg,helmet+mask+gloves.mp4,14.40,360,596,336,965,1
helmet_mask_gloves_t14.64_f0366.jpg,helmet+mask+gloves.mp4,14.64,366,596,336,966,1
helmet_mask_gloves_t14.88_f0372.jpg,helmet+mask+gloves.mp4,14.88,372,596,336,967,1
helmet_mask_gloves_t15.12_f0378.jpg,helmet+mask+gloves.mp4,15.12,378,596,336,967,0
helmet_mask_gloves_t15.36_f0384.jpg,helmet+mask+gloves.mp4,15.36,384,596,336,968,1
helmet_mask_gloves_t15.60_f0390.jpg,helmet+mask+gloves.mp4,15.60,390,596,336,969,1
helmet_mask_gloves_t15.84_f0396.jpg,helmet+mask+gloves.mp4,15.84,396,596,336,970,1
helmet_mask_gloves_t16.08_f0402.jpg,helmet+mask+gloves.mp4,16.08,402,596,336,971,1
helmet_mask_gloves_t16.32_f0408.jpg,helmet+mask+gloves.mp4,16.32,408,596,336,972,1
helmet_mask_gloves_t16.56_f0414.jpg,helmet+mask+gloves.mp4,16.56,414,596,336,972,0
helmet_mask_gloves_t16.80_f0420.jpg,helmet+mask+gloves.mp4,16.80,420,596,336,972,0
helmet_mask_gloves_t17.04_f0426.jpg,helmet+mask+gloves.mp4,17.04,426,596,336,973,1
helmet_mask_gloves_t17.28_f0432.jpg,helmet+mask+gloves.mp4,17.28,432,596,336,974,1
helmet_mask_gloves_t17.52_f0438.jpg,helmet+mask+gloves.mp4,17.52,438,596,336,975,1
helmet_mask_gloves_t17.76_f0444.jpg,helmet+mask+gloves.mp4,17.76,444,596,336,976,1
helmet_mask_gloves_t18.00_f0450.jpg,helmet+mask+gloves.mp4,18.00,450,596,336,976,0
helmet_mask_gloves_t18.24_f0456.jpg,helmet+mask+gloves.mp4,18.24,456,596,336,976,0
helmet_mask_gloves_t18.48_f0462.jpg,helmet+mask+gloves.mp4,18.48,462,596,336,977,1
helmet_mask_gloves_t18.72_f0468.jpg,helmet+mask+gloves.mp4,18.72,468,596,336,978,1
helmet_mask_gloves_t18.96_f0474.jpg,helmet+mask+gloves.mp4,18.96,474,596,336,978,0
helmet_mask_gloves_t19.20_f0480.jpg,helmet+mask+gloves.mp4,19.20,480,596,336,978,0
helmet_mask_gloves_t19.44_f0486.jpg,helmet+mask+gloves.mp4,19.44,486,596,336,978,0
helmet_mask_gloves_t19.68_f0492.jpg,helmet+mask+gloves.mp4,19.68,492,596,336,979,1
helmet_mask_gloves_t19.92_f0498.jpg,helmet+mask+gloves.mp4,19.92,498,596,336,979,0
helmet_mask_gloves_t20.16_f0504.jpg,helmet+mask+gloves.mp4,20.16,504,596,336,980,1
helmet_mask_gloves_t20.40_f0510.jpg,helmet+mask+gloves.mp4,20.40,510,596,336,981,1
helmet_mask_gloves_t20.64_f0516.jpg,helmet+mask+gloves.mp4,20.64,516,596,336,981,0
helmet_mask_gloves_t20.88_f0522.jpg,helmet+mask+gloves.mp4,20.88,522,596,336,982,1
helmet_mask_gloves_t21.12_f0528.jpg,helmet+mask+gloves.mp4,21.12,528,596,336,983,1
helmet_mask_gloves_t21.36_f0534.jpg,helmet+mask+gloves.mp4,21.36,534,596,336,984,1
helmet_mask_gloves_t21.60_f0540.jpg,helmet+mask+gloves.mp4,21.60,540,596,336,984,0
helmet_mask_gloves_t21.84_f0546.jpg,helmet+mask+gloves.mp4,21.84,546,596,336,985,1
helmet_mask_gloves_t22.08_f0552.jpg,helmet+mask+gloves.mp4,22.08,552,596,336,986,1
helmet_mask_gloves_t22.32_f0558.jpg,helmet+mask+gloves.mp4,22.32,558,596,336,987,1
helmet_mask_gloves_t22.56_f0564.jpg,helmet+mask+gloves.mp4,22.56,564,596,336,988,1
helmet_mask_gloves_t22.80_f0570.jpg,helmet+mask+gloves.mp4,22.80,570,596,336,989,1
helmet_mask_gloves_t23.04_f0576.jpg,helmet+mask+gloves.mp4,23.04,576,596,336,990,1
helmet_mask_gloves02_t00.00_f0000.jpg,helmet+mask+gloves02-.mp4,0.00,0,768,432,991,1
helmet_mask_gloves02_t00.25_f0006.jpg,helmet+mask+gloves02-.mp4,0.25,6,768,432,992,1
helmet_mask_gloves02_t00.50_f0012.jpg,helmet+mask+gloves02-.mp4,0.50,12,768,432,993,1
helmet_mask_gloves02_t00.75_f0018.jpg,helmet+mask+gloves02-.mp4,0.75,18,768,432,994,1
helmet_mask_gloves02_t01.00_f0024.jpg,helmet+mask+gloves02-.mp4,1.00,24,768,432,994,0
helmet_mask_gloves02_t01.25_f0030.jpg,helmet+mask+gloves02-.mp4,1.25,30,768,432,995,1
helmet_mask_gloves02_t01.50_f0036.jpg,helmet+mask+gloves02-.mp4,1.50,36,768,432,996,1
helmet_mask_gloves02_t01.75_f0042.jpg,helmet+mask+gloves02-.mp4,1.75,42,768,432,997,1
helmet_mask_gloves02_t02.00_f0048.jpg,helmet+mask+gloves02-.mp4,2.00,48,768,432,998,1
helmet_mask_gloves02_t02.25_f0054.jpg,helmet+mask+gloves02-.mp4,2.25,54,768,432,999,1
helmet_mask_gloves02_t02.50_f0060.jpg,helmet+mask+gloves02-.mp4,2.50,60,768,432,1000,1
helmet_mask_gloves02_t02.75_f0066.jpg,helmet+mask+gloves02-.mp4,2.75,66,768,432,1001,1
helmet_mask_gloves02_t03.00_f0072.jpg,helmet+mask+gloves02-.mp4,3.00,72,768,432,1002,1
helmet_mask_gloves02_t03.25_f0078.jpg,helmet+mask+gloves02-.mp4,3.25,78,768,432,1003,1
helmet_mask_gloves02_t03.50_f0084.jpg,helmet+mask+gloves02-.mp4,3.50,84,768,432,1004,1
helmet_mask_gloves02_t03.75_f0090.jpg,helmet+mask+gloves02-.mp4,3.75,90,768,432,1005,1
helmet_mask_gloves02_t04.00_f0096.jpg,helmet+mask+gloves02-.mp4,4.00,96,768,432,1006,1
helmet_mask_gloves02_t04.25_f0102.jpg,helmet+mask+gloves02-.mp4,4.25,102,768,432,1007,1
helmet_mask_gloves02_t04.50_f0108.jpg,helmet+mask+gloves02-.mp4,4.50,108,768,432,1008,1
helmet_mask_gloves02_t04.75_f0114.jpg,helmet+mask+gloves02-.mp4,4.75,114,768,432,1009,1
helmet_mask_gloves02_t05.00_f0120.jpg,helmet+mask+gloves02-.mp4,5.00,120,768,432,1010,1
helmet_mask_gloves02_t05.26_f0126.jpg,helmet+mask+gloves02-.mp4,5.26,126,768,432,1011,1
helmet_mask_gloves02_t05.51_f0132.jpg,helmet+mask+gloves02-.mp4,5.51,132,768,432,1012,1
helmet_mask_gloves02_t05.76_f0138.jpg,helmet+mask+gloves02-.mp4,5.76,138,768,432,1013,1
helmet_mask_gloves02_t06.01_f0144.jpg,helmet+mask+gloves02-.mp4,6.01,144,768,432,1014,1
helmet_mask_gloves02_t06.26_f0150.jpg,helmet+mask+gloves02-.mp4,6.26,150,768,432,1015,1
helmet_mask_gloves02_t06.51_f0156.jpg,helmet+mask+gloves02-.mp4,6.51,156,768,432,1016,1
helmet_mask_gloves02_t06.76_f0162.jpg,helmet+mask+gloves02-.mp4,6.76,162,768,432,1017,1
helmet_mask_gloves02_t07.01_f0168.jpg,helmet+mask+gloves02-.mp4,7.01,168,768,432,1018,1
helmet_mask_gloves02_t07.26_f0174.jpg,helmet+mask+gloves02-.mp4,7.26,174,768,432,1019,1
helmet_mask_gloves02_t07.51_f0180.jpg,helmet+mask+gloves02-.mp4,7.51,180,768,432,1020,1
helmet_mask_gloves02_t07.76_f0186.jpg,helmet+mask+gloves02-.mp4,7.76,186,768,432,1021,1
helmet_mask_gloves02_t08.01_f0192.jpg,helmet+mask+gloves02-.mp4,8.01,192,768,432,1022,1
helmet_mask_gloves02_t08.26_f0198.jpg,helmet+mask+gloves02-.mp4,8.26,198,768,432,1023,1
helmet_mask_gloves02_t08.51_f0204.jpg,helmet+mask+gloves02-.mp4,8.51,204,768,432,1024,1
helmet_mask_gloves02_t08.76_f0210.jpg,helmet+mask+gloves02-.mp4,8.76,210,768,432,1025,1
helmet_mask_gloves02_t09.01_f0216.jpg,helmet+mask+gloves02-.mp4,9.01,216,768,432,1026,1
helmet_mask_gloves02_t09.26_f0222.jpg,helmet+mask+gloves02-.mp4,9.26,222,768,432,1027,1
helmet_mask_gloves02_t09.51_f0228.jpg,helmet+mask+gloves02-.mp4,9.51,228,768,432,1027,0
helmet_mask_gloves02_t09.76_f0234.jpg,helmet+mask+gloves02-.mp4,9.76,234,768,432,1028,1
helmet_mask_gloves02_t10.01_f0240.jpg,helmet+mask+gloves02-.mp4,10.01,240,768,432,1028,0
helmet_mask_gloves02_t10.26_f0246.jpg,helmet+mask+gloves02-.mp4,10.26,246,768,432,1029,1
helmet_mask_gloves02_t10.51_f0252.jpg,helmet+mask+gloves02-.mp4,10.51,252,768,432,1030,1
helmet_mask_gloves02_t10.76_f0258.jpg,helmet+mask+gloves02-.mp4,10.76,258,768,432,1031,1
helmet_mask_gloves02_t11.01_f0264.jpg,helmet+mask+gloves02-.mp4,11.01,264,768,432,1031,0
helmet_mask_gloves02_t11.26_f0270.jpg,helmet+mask+gloves02-.mp4,11.26,270,768,432,1032,1
helmet_mask_gloves02_t11.51_f0276.jpg,helmet+mask+gloves02-.mp4,11.51,276,768,432,1033,1
helmet_mask_gloves02_t11.76_f0282.jpg,helmet+mask+gloves02-.mp4,11.76,282,768,432,1034,1
helmet_mask_gloves02_t12.01_f0288.jpg,helmet+mask+gloves02-.mp4,12.01,288,768,432,1035,1
helmet_mask_gloves02_t12.26_f0294.jpg,helmet+mask+gloves02-.mp4,12.26,294,768,432,1036,1
helmet_mask_gloves02_t12.51_f0300.jpg,helmet+mask+gloves02-.mp4,12.51,300,768,432,1037,1
helmet_mask_t00.00_f0000.jpg,helmet+mask.mp4,0.00,0,768,432,1038,1
helmet_mask_t00.24_f0006.jpg,helmet+mask.mp4,0.24,6,768,432,1039,1
helmet_mask_t00.48_f0012.jpg,helmet+mask.mp4,0.48,12,768,432,1039,0
helmet_mask_t00.72_f0018.jpg,helmet+mask.mp4,0.72,18,768,432,1040,1
helmet_mask_t00.96_f0024.jpg,helmet+mask.mp4,0.96,24,768,432,1041,1
helmet_mask_t01.20_f0030.jpg,helmet+mask.mp4,1.20,30,768,432,1042,1
helmet_mask_t01.44_f0036.jpg,helmet+mask.mp4,1.44,36,768,432,1043,1
helmet_mask_t01.68_f0042.jpg,helmet+mask.mp4,1.68,42,768,432,1043,0
helmet_mask_t01.92_f0048.jpg,helmet+mask.mp4,1.92,48,768,432,1044,1
helmet_mask_t02.16_f0054.jpg,helmet+mask.mp4,2.16,54,768,432,1044,0
helmet_mask_t02.40_f0060.jpg,helmet+mask.mp4,2.40,60,768,432,1045,1
helmet_mask_t02.64_f0066.jpg,helmet+mask.mp4,2.64,66,768,432,1045,0
helmet_mask_t02.88_f0072.jpg,helmet+mask.mp4,2.88,72,768,432,1045,0
helmet_mask_t03.12_f0078.jpg,helmet+mask.mp4,3.12,78,768,432,1045,0
helmet_mask_t03.36_f0084.jpg,helmet+mask.mp4,3.36,84,768,432,1046,1
helmet_mask_t03.60_f0090.jpg,helmet+mask.mp4,3.60,90,768,432,1046,0
helmet_mask_t03.84_f0096.jpg,helmet+mask.mp4,3.84,96,768,432,1047,1
helmet_mask_t04.08_f0102.jpg,helmet+mask.mp4,4.08,102,768,432,1048,1
helmet_mask_t04.32_f0108.jpg,helmet+mask.mp4,4.32,108,768,432,1048,0
helmet_mask_t04.56_f0114.jpg,helmet+mask.mp4,4.56,114,768,432,1049,1
helmet_mask_t04.80_f0120.jpg,helmet+mask.mp4,4.80,120,768,432,1049,0
helmet_mask_t05.04_f0126.jpg,helmet+mask.mp4,5.04,126,768,432,1050,1
helmet_mask_t05.28_f0132.jpg,helmet+mask.mp4,5.28,132,768,432,1050,0
helmet_mask_t05.52_f0138.jpg,helmet+mask.mp4,5.52,138,768,432,1051,1
helmet_mask_t05.76_f0144.jpg,helmet+mask.mp4,5.76,144,768,432,1052,1
helmet_mask_t06.00_f0150.jpg,helmet+mask.mp4,6.00,150,768,432,1052,0
helmet_mask_t06.24_f0156.jpg,helmet+mask.mp4,6.24,156,768,432,1052,0
helmet_mask_t06.48_f0162.jpg,helmet+mask.mp4,6.48,162,768,432,1052,0
helmet_mask_t06.72_f0168.jpg,helmet+mask.mp4,6.72,168,768,432,1053,1
helmet_mask_t06.96_f0174.jpg,helmet+mask.mp4,6.96,174,768,432,1053,0
helmet_mask_t07.20_f0180.jpg,helmet+mask.mp4,7.20,180,768,432,1053,0
helmet_mask_t07.44_f0186.jpg,helmet+mask.mp4,7.44,186,768,432,1053,0
helmet_mask_t07.68_f0192.jpg,helmet+mask.mp4,7.68,192,768,432,1053,0
helmet_mask_t07.92_f0198.jpg,helmet+mask.mp4,7.92,198,768,432,1054,1
helmet_mask_t08.16_f0204.jpg,helmet+mask.mp4,8.16,204,768,432,1055,1
helmet_mask_t08.40_f0210.jpg,helmet+mask.mp4,8.40,210,768,432,1056,1
helmet_mask_t08.64_f0216.jpg,helmet+mask.mp4,8.64,216,768,432,1056,0
helmet_mask_t08.88_f0222.jpg,helmet+mask.mp4,8.88,222,768,432,1057,1
helmet_mask_t09.12_f0228.jpg,helmet+mask.mp4,9.12,228,768,432,1057,0
helmet_mask_t09.36_f0234.jpg,helmet+mask.mp4,9.36,234,768,432,1058,1
helmet_mask_t09.60_f0240.jpg,helmet+mask.mp4,9.60,240,768,432,1059,1
helmet_mask_t09.84_f0246.jpg,helmet+mask.mp4,9.84,246,768,432,1059,0
helmet_mask_t10.08_f0252.jpg,helmet+mask.mp4,10.08,252,768,432,1060,1
helmet_mask_t10.32_f0258.jpg,helmet+mask.mp4,10.32,258,768,432,1060,0
helmet_mask_t10.56_f0264.jpg,helmet+mask.mp4,10.56,264,768,432,1061,1
helmet_mask_t10.80_f0270.jpg,helmet+mask.mp4,10.80,270,768,432,1062,1
helmet_mask_t11.04_f0276.jpg,helmet+mask.mp4,11.04,276,768,432,1062,0
helmet_mask_t11.28_f0282.jpg,helmet+mask.mp4,11.28,282,768,432,1062,0
helmet_mask_t11.52_f0288.jpg,helmet+mask.mp4,11.52,288,768,432,1063,1
helmet_mask_t11.76_f0294.jpg,helmet+mask.mp4,11.76,294,768,432,1063,0
helmet_mask_t12.00_f0300.jpg,helmet+mask.mp4,12.00,300,768,432,1063,0
helmet_mask_t12.24_f0306.jpg,helmet+mask.mp4,12.24,306,768,432,1064,1
helmet_mask_t12.48_f0312.jpg,helmet+mask.mp4,12.48,312,768,432,1065,1
helmet_mask_t12.72_f0318.jpg,helmet+mask.mp4,12.72,318,768,432,1065,0
helmet_mask_t12.96_f0324.jpg,helmet+mask.mp4,12.96,324,768,432,1065,0
helmet_mask_t13.20_f0330.jpg,helmet+mask.mp4,13.20,330,768,432,1066,1
helmet_mask_t13.44_f0336.jpg,helmet+mask.mp4,13.44,336,768,432,1066,0
helmet_mask_t13.68_f0342.jpg,helmet+mask.mp4,13.68,342,768,432,1067,1
helmet_mask_t13.92_f0348.jpg,helmet+mask.mp4,13.92,348,768,432,1068,1
helmet_mask_t14.16_f0354.jpg,helmet+mask.mp4,14.16,354,768,432,1069,1
helmet_mask_t14.40_f0360.jpg,helmet+mask.mp4,14.40,360,768,432,1069,0
helmet_mask_t14.64_f0366.jpg,helmet+mask.mp4,14.64,366,768,432,1069,0
helmet_mask_t14.88_f0372.jpg,helmet+mask.mp4,14.88,372,768,432,1069,0
mask_only_t00.00_f0000.jpg,mask only.mp4,0.00,0,768,432,1070,1
mask_only_t00.23_f0007.jpg,mask only.mp4,0.23,7,768,432,1071,1
mask_only_t00.47_f0014.jpg,mask only.mp4,0.47,14,768,432,1072,1
mask_only_t00.50_f0015.jpg,mask only.mp4,0.50,15,768,432,1072,0
mask_only_t00.70_f0021.jpg,mask only.mp4,0.70,21,768,432,1073,1
mask_only_t00.93_f0028.jpg,mask only.mp4,0.93,28,768,432,1074,1
mask_only_t01.00_f0030.jpg,mask only.mp4,1.00,30,768,432,1074,0
mask_only_t01.17_f0035.jpg,mask only.mp4,1.17,35,768,432,1075,1
mask_only_t01.40_f0042.jpg,mask only.mp4,1.40,42,768,432,1076,1
mask_only_t01.50_f0045.jpg,mask only.mp4,1.50,45,768,432,1077,1
mask_only_t01.63_f0049.jpg,mask only.mp4,1.63,49,768,432,1078,1
mask_only_t01.87_f0056.jpg,mask only.mp4,1.87,56,768,432,1079,1
mask_only_t02.00_f0060.jpg,mask only.mp4,2.00,60,768,432,1079,0
mask_only_t02.10_f0063.jpg,mask only.mp4,2.10,63,768,432,1080,1
mask_only_t02.34_f0070.jpg,mask only.mp4,2.34,70,768,432,1081,1
mask_only_t02.50_f0075.jpg,mask only.mp4,2.50,75,768,432,1082,1
mask_only_t02.57_f0077.jpg,mask only.mp4,2.57,77,768,432,1082,0
mask_only_t02.80_f0084.jpg,mask only.mp4,2.80,84,768,432,1082,0
mask_only_t03.00_f0090.jpg,mask only.mp4,3.00,90,768,432,1083,1
mask_only_t03.04_f0091.jpg,mask only.mp4,3.04,91,768,432,1084,1
mask_only_t03.27_f0098.jpg,mask only.mp4,3.27,98,768,432,1085,1
mask_only_t03.50_f0105.jpg,mask only.mp4,3.50,105,768,432,1086,1
mask_only_t03.74_f0112.jpg,mask only.mp4,3.74,112,768,432,1087,1
mask_only_t03.97_f0119.jpg,mask only.mp4,3.97,119,768,432,1088,1
mask_only_t04.00_f0120.jpg,mask only.mp4,4.00,120,768,432,1089,1
mask_only_t04.20_f0126.jpg,mask only.mp4,4.20,126,768,432,1090,1
mask_only_t04.44_f0133.jpg,mask only.mp4,4.44,133,768,432,1091,1
mask_only_t04.50_f0135.jpg,mask only.mp4,4.50,135,768,432,1092,1
mask_only_t04.67_f0140.jpg,mask only.mp4,4.67,140,768,432,1092,0
mask_only_t04.90_f0147.jpg,mask only.mp4,4.90,147,768,432,1093,1
mask_only_t05.00_f0150.jpg,mask only.mp4,5.00,150,768,432,1093,0
mask_only_t05.14_f0154.jpg,mask only.mp4,5.14,154,768,432,1094,1
mask_only_t05.37_f0161.jpg,mask only.mp4,5.37,161,768,432,1095,1
mask_only_t05.51_f0165.jpg,mask only.mp4,5.51,165,768,432,1096,1
mask_only_t05.61_f0168.jpg,mask only.mp4,5.61,168,768,432,1097,1
mask_only_t05.84_f0175.jpg,mask only.mp4,5.84,175,768,432,1098,1
mask_only_t06.01_f0180.jpg,mask only.mp4,6.01,180,768,432,1099,1
mask_only_t06.07_f0182.jpg,mask only.mp4,6.07,182,768,432,1099,0
mask_only_t06.31_f0189.jpg,mask only.mp4,6.31,189,768,432,1100,1
mask_only_t06.51_f0195.jpg,mask only.mp4,6.51,195,768,432,1101,1
mask_only_t06.54_f0196.jpg,mask only.mp4,6.54,196,768,432,1102,1
mask_only_t06.77_f0203.jpg,mask only.mp4,6.77,203,768,432,1103,1
mask_only_t07.01_f0210.jpg,mask only.mp4,7.01,210,768,432,1104,1
mask_only_t07.24_f0217.jpg,mask only.mp4,7.24,217,768,432,1105,1
mask_only_t07.47_f0224.jpg,mask only.mp4,7.47,224,768,432,1106,1
mask_only_t07.51_f0225.jpg,mask only.mp4,7.51,225,768,432,1106,0
mask_only_t07.71_f0231.jpg,mask only.mp4,7.71,231,768,432,1107,1
mask_only_t07.94_f0238.jpg,mask only.mp4,7.94,238,768,432,1108,1
mask_only_t08.01_f0240.jpg,mask only.mp4,8.01,240,768,432,1109,1
mask_only_t08.17_f0245.jpg,mask only.mp4,8.17,245,768,432,1110,1
mask_only_t08.41_f0252.jpg,mask only.mp4,8.41,252,768,432,1111,1
mask_only_t08.51_f0255.jpg,mask only.mp4,8.51,255,768,432,1112,1
mask_only_t08.64_f0259.jpg,mask only.mp4,8.64,259,768,432,1113,1
mask_only_t08.88_f0266.jpg,mask only.mp4,8.88,266,768,432,1114,1
mask_only_t09.01_f0270.jpg,mask only.mp4,9.01,270,768,432,1115,1
mask_only_t09.11_f0273.jpg,mask only.mp4,9.11,273,768,432,1116,1
mask_only_t09.34_f0280.jpg,mask only.mp4,9.34,280,768,432,1117,1
mask_only_t09.51_f0285.jpg,mask only.mp4,9.51,285,768,432,1118,1
mask_only_t09.58_f0287.jpg,mask only.mp4,9.58,287,768,432,1119,1
mask_only_t09.81_f0294.jpg,mask only.mp4,9.81,294,768,432,1120,1
mask_only_t10.01_f0300.jpg,mask only.mp4,10.01,300,768,432,1121,1
mask_only_t10.04_f0301.jpg,mask only.mp4,10.04,301,768,432,1121,0
mask_only_t10.28_f0308.jpg,mask only.mp4,10.28,308,768,432,1122,1
mask_only_t10.51_f0315.jpg,mask only.mp4,10.51,315,768,432,1123,1
mask_only_t10.74_f0322.jpg,mask only.mp4,10.74,322,768,432,1124,1
mask_only_t10.98_f0329.jpg,mask only.mp4,10.98,329,768,432,1125,1
mask_only_t11.01_f0330.jpg,mask only.mp4,11.01,330,768,432,1125,0
mask_only_t11.21_f0336.jpg,mask only.mp4,11.21,336,768,432,1126,1
mask_only_t11.44_f0343.jpg,mask only.mp4,11.44,343,768,432,1127,1
mask_only_t11.51_f0345.jpg,mask only.mp4,11.51,345,768,432,1127,0
mask_only_t11.68_f0350.jpg,mask only.mp4,11.68,350,768,432,1128,1
mask_only_t11.91_f0357.jpg,mask only.mp4,11.91,357,768,432,1129,1
mask_only_t12.01_f0360.jpg,mask only.mp4,12.01,360,768,432,1130,1
mask_only_t12.15_f0364.jpg,mask only.mp4,12.15,364,768,432,1131,1
mask_only_t12.38_f0371.jpg,mask only.mp4,12.38,371,768,432,1132,1
mask_only_t12.51_f0375.jpg,mask only.mp4,12.51,375,768,432,1133,1
mask_only_t12.61_f0378.jpg,mask only.mp4,12.61,378,768,432,1134,1
mask_only_t12.85_f0385.jpg,mask only.mp4,12.85,385,768,432,1135,1
mask_only_t13.01_f0390.jpg,mask only.mp4,13.01,390,768,432,1136,1
mask_only_t13.08_f0392.jpg,mask only.mp4,13.08,392,768,432,1136,0
mask_only_t13.31_f0399.jpg,mask only.mp4,13.31,399,768,432,1137,1
mask_only_t13.51_f0405.jpg,mask only.mp4,13.51,405,768,432,1138,1
mask_only_t13.55_f0406.jpg,mask only.mp4,13.55,406,768,432,1138,0
mask_only_t13.78_f0413.jpg,mask only.mp4,13.78,413,768,432,1139,1
mask_only_t14.01_f0420.jpg,mask only.mp4,14.01,420,768,432,1140,1
mask_only_t14.25_f0427.jpg,mask only.mp4,14.25,427,768,432,1141,1
mask_only_t14.48_f0434.jpg,mask only.mp4,14.48,434,768,432,1142,1
mask_only_t14.51_f0435.jpg,mask only.mp4,14.51,435,768,432,1142,0
mask_only_t14.71_f0441.jpg,mask only.mp4,14.71,441,768,432,1143,1
mask_only_t14.95_f0448.jpg,mask only.mp4,14.95,448,768,432,1144,1
mask_only_t15.02_f0450.jpg,mask only.mp4,15.02,450,768,432,1145,1
mask_only_t15.18_f0455.jpg,mask only.mp4,15.18,455,768,432,1146,1
mask_only_t15.42_f0462.jpg,mask only.mp4,15.42,462,768,432,1147,1
mask_only_t15.52_f0465.jpg,mask only.mp4,15.52,465,768,432,1148,1
mask_only_t15.65_f0469.jpg,mask only.mp4,15.65,469,768,432,1149,1
mask_only_t15.88_f0476.jpg,mask only.mp4,15.88,476,768,432,1150,1
mask_only_t16.02_f0480.jpg,mask only.mp4,16.02,480,768,432,1151,1
mask_only_t16.12_f0483.jpg,mask only.mp4,16.12,483,768,432,1152,1
mask_only_t16.35_f0490.jpg,mask only.mp4,16.35,490,768,432,1153,1
mask_only_t16.52_f0495.jpg,mask only.mp4,16.52,495,768,432,1154,1
mask_only_t16.58_f0497.jpg,mask only.mp4,16.58,497,768,432,1155,1
mask_only_t16.82_f0504.jpg,mask only.mp4,16.82,504,768,432,1156,1
mask_only_t17.02_f0510.jpg,mask only.mp4,17.02,510,768,432,1157,1
mask_only_t17.05_f0511.jpg,mask only.mp4,17.05,511,768,432,1157,0
mask_only_t17.28_f0518.jpg,mask only.mp4,17.28,518,768,432,1158,1
mask_only_t17.52_f0525.jpg,mask only.mp4,17.52,525,768,432,1159,1
mask_only_t17.75_f0532.jpg,mask only.mp4,17.75,532,768,432,1160,1
mask_only_t17.98_f0539.jpg,mask only.mp4,17.98,539,768,432,1161,1
mask_only_t18.02_f0540.jpg,mask only.mp4,18.02,540,768,432,1162,1
mask_only_t18.22_f0546.jpg,mask only.mp4,18.22,546,768,432,1163,1
mask_only_t18.45_f0553.jpg,mask only.mp4,18.45,553,768,432,1164,1
mask_only_t18.52_f0555.jpg,mask only.mp4,18.52,555,768,432,1165,1
mask_only_t18.69_f0560.jpg,mask only.mp4,18.69,560,768,432,1166,1
mask_only_t18.92_f0567.jpg,mask only.mp4,18.92,567,768,432,1167,1
mask_only_t19.02_f0570.jpg,mask only.mp4,19.02,570,768,432,1168,1
mask_only_t19.15_f0574.jpg,mask only.mp4,19.15,574,768,432,1169,1
mask_only_t19.39_f0581.jpg,mask only.mp4,19.39,581,768,432,1170,1
mask_only_t19.52_f0585.jpg,mask only.mp4,19.52,585,768,432,1171,1
mask_only_t19.62_f0588.jpg,mask only.mp4,19.62,588,768,432,1172,1
mask_only_t19.85_f0595.jpg,mask only.mp4,19.85,595,768,432,1173,1
mask_only_t20.02_f0600.jpg,mask only.mp4,20.02,600,768,432,1174,1
mask_only_t20.09_f0602.jpg,mask only.mp4,20.09,602,768,432,1175,1
no_safety_t00.00_f0000.jpg,no safety.mp4,0.00,0,768,432,1176,1
no_safety_t00.23_f0007.jpg,no safety.mp4,0.23,7,768,432,1177,1
no_safety_t00.47_f0014.jpg,no safety.mp4,0.47,14,768,432,1178,1
no_safety_t00.50_f0015.jpg,no safety.mp4,0.50,15,768,432,1178,0
no_safety_t00.70_f0021.jpg,no safety.mp4,0.70,21,768,432,1178,0
no_safety_t00.93_f0028.jpg,no safety.mp4,0.93,28,768,432,1179,1
no_safety_t01.00_f0030.jpg,no safety.mp4,1.00,30,768,432,1179,0
no_safety_t01.17_f0035.jpg,no safety.mp4,1.17,35,768,432,1180,1
no_safety_t01.40_f0042.jpg,no safety.mp4,1.40,42,768,432,1181,1
no_safety_t01.50_f0045.jpg,no safety.mp4,1.50,45,768,432,1181,0
no_safety_t01.63_f0049.jpg,no safety.mp4,1.63,49,768,432,1181,0
no_safety_t01.87_f0056.jpg,no safety.mp4,1.87,56,768,432,1181,0
no_safety_t02.00_f0060.jpg,no safety.mp4,2.00,60,768,432,1181,0
no_safety_t02.10_f0063.jpg,no safety.mp4,2.10,63,768,432,1181,0
no_safety_t02.34_f0070.jpg,no safety.mp4,2.34,70,768,432,1182,1
no_safety_t02.50_f0075.jpg,no safety.mp4,2.50,75,768,432,1182,0
no_safety_t02.57_f0077.jpg,no safety.mp4,2.57,77,768,432,1182,0
no_safety_t02.80_f0084.jpg,no safety.mp4,2.80,84,768,432,1183,1
no_safety_t03.00_f0090.jpg,no safety.mp4,3.00,90,768,432,1184,1
no_safety_t03.04_f0091.jpg,no safety.mp4,3.04,91,768,432,1184,0
no_safety_t03.27_f0098.jpg,no safety.mp4,3.27,98,768,432,1185,1
no_safety_t03.50_f0105.jpg,no safety.mp4,3.50,105,768,432,1186,1
no_safety_t03.74_f0112.jpg,no safety.mp4,3.74,112,768,432,1187,1
no_safety_t03.97_f0119.jpg,no safety.mp4,3.97,119,768,432,1187,0
no_safety_t04.00_f0120.jpg,no safety.mp4,4.00,120,768,432,1187,0
no_safety_t04.20_f0126.jpg,no safety.mp4,4.20,126,768,432,1187,0
no_safety_t04.44_f0133.jpg,no safety.mp4,4.44,133,768,432,1187,0
no_safety_t04.50_f0135.jpg,no safety.mp4,4.50,135,768,432,1187,0
no_safety_t04.67_f0140.jpg,no safety.mp4,4.67,140,768,432,1187,0
no_safety_t04.90_f0147.jpg,no safety.mp4,4.90,147,768,432,1188,1
no_safety_t05.00_f0150.jpg,no safety.mp4,5.00,150,768,432,1188,0
no_safety_t05.14_f0154.jpg,no safety.mp4,5.14,154,768,432,1188,0
no_safety_t05.37_f0161.jpg,no safety.mp4,5.37,161,768,432,1188,0
no_safety_t05.51_f0165.jpg,no safety.mp4,5.51,165,768,432,1189,1
no_safety_t05.61_f0168.jpg,no safety.mp4,5.61,168,768,432,1190,1
no_safety_t05.84_f0175.jpg,no safety.mp4,5.84,175,768,432,1191,1
no_safety_t06.01_f0180.jpg,no safety.mp4,6.01,180,768,432,1191,0
no_safety_t06.07_f0182.jpg,no safety.mp4,6.07,182,768,432,1191,0
no_safety_t06.31_f0189.jpg,no safety.mp4,6.31,189,768,432,1191,0
no_safety_t06.51_f0195.jpg,no safety.mp4,6.51,195,768,432,1191,0
no_safety_t06.54_f0196.jpg,no safety.mp4,6.54,196,768,432,1191,0
no_safety_t06.77_f0203.jpg,no safety.mp4,6.77,203,768,432,1192,1
no_safety_t07.01_f0210.jpg,no safety.mp4,7.01,210,768,432,1192,0
no_safety_t07.24_f0217.jpg,no safety.mp4,7.24,217,768,432,1192,0
no_safety_t07.47_f0224.jpg,no safety.mp4,7.47,224,768,432,1192,0
no_safety_t07.51_f0225.jpg,no safety.mp4,7.51,225,768,432,1192,0
no_safety_t07.71_f0231.jpg,no safety.mp4,7.71,231,768,432,1192,0
no_safety_t07.94_f0238.jpg,no safety.mp4,7.94,238,768,432,1192,0
no_safety_t08.01_f0240.jpg,no safety.mp4,8.01,240,768,432,1192,0
no_safety_t08.17_f0245.jpg,no safety.mp4,8.17,245,768,432,1192,0
no_safety_t08.41_f0252.jpg,no safety.mp4,8.41,252,768,432,1193,1
no_safety_t08.51_f0255.jpg,no safety.mp4,8.51,255,768,432,1193,0
no_safety_t08.64_f0259.jpg,no safety.mp4,8.64,259,768,432,1193,0
no_safety_t08.88_f0266.jpg,no safety.mp4,8.88,266,768,432,1193,0
no_safety_t09.01_f0270.jpg,no safety.mp4,9.01,270,768,432,1193,0
no_safety_t09.11_f0273.jpg,no safety.mp4,9.11,273,768,432,1193,0
no_safety_t09.34_f0280.jpg,no safety.mp4,9.34,280,768,432,1193,0
no_safety_t09.51_f0285.jpg,no safety.mp4,9.51,285,768,432,1193,0
no_safety_t09.58_f0287.jpg,no safety.mp4,9.58,287,768,432,1193,0
no_safety_t09.81_f0294.jpg,no safety.mp4,9.81,294,768,432,1193,0
no_safety_t10.01_f0300.jpg,no safety.mp4,10.01,300,768,432,1193,0
no_safety_t10.04_f0301.jpg,no safety.mp4,10.04,301,768,432,1193,0
no_safety_t10.28_f0308.jpg,no safety.mp4,10.28,308,768,432,1193,0
no_safety_t10.51_f0315.jpg,no safety.mp4,10.51,315,768,432,1193,0
